Generation,Individual_ID,Initial_Loss,Peak_Loss,Boundary_Loss,Data_Loss,PDE_Loss
0,0,0.0757464369699247,0.002378493465588893,0.0,0.270290764741241,0.0
0,1,0.09319844778652817,8.425765917594868e-05,0.0,0.0346882293578818,0.0
0,2,0.31434405741135246,7.310950811873986e-06,0.0,4.792292527407944,0.0
0,3,3.382584588124591,2.167992781188911e-05,0.0,2.918318243749796,0.0
0,4,3.3763643460479464,3.2846624923031404e-05,0.0,3.109796963221048,0.0
1,0,0.0757464369699247,0.002378493465588893,0.0,0.270290764741241,0.0
1,1,0.09319844778652817,8.425765917594868e-05,0.0,0.0346882293578818,0.0
1,2,0.31434405741135246,7.310950811873986e-06,0.0,4.792292527407944,0.0
1,3,3.382584588124591,2.167992781188911e-05,0.0,2.918318243749796,0.0
1,4,3.3763643460479464,3.2846624923031404e-05,0.0,3.109796963221048,0.0
1,5,0.06349255468994028,0.006472475331477294,0.0,0.23748856450090985,0.0
1,6,0.07273026474693293,0.03687353599134473,0.0,0.04772224940185786,0.0
2,0,0.0757464369699247,0.002378493465588893,0.0,0.270290764741241,0.0
2,1,0.09319844778652817,8.425765917594868e-05,0.0,0.0346882293578818,0.0
2,2,0.08670669567404694,0.004565625741335781,0.0,0.03587927824135888,0.0
2,3,0.04091088497501105,0.004787519882842115,0.0,0.025746106589970858,0.0
2,4,0.08462715543827468,0.003126041474278124,0.0,0.16862358887598078,0.0
2,5,0.15779491020878106,6.363383956943371e-06,0.0,0.05346358075400578,0.0
2,6,0.1115605752647261,2.3808135718076815e-05,0.0,0.3373972508586687,0.0
2,7,5.029470681378307,8.489980328243507e-07,0.0,0.18350208951901953,0.0
3,0,0.04091088497501105,0.004787519882842115,0.0,0.025746106589970858,0.0
3,1,0.15779491020878106,6.363383956943371e-06,0.0,0.05346358075400578,0.0
3,2,5.029470681378307,8.489980328243507e-07,0.0,0.18350208951901953,0.0
3,3,0.06491737672906224,0.0004918420466570791,0.0,0.03836075134589797,0.0
3,4,0.0675409082676246,1.2170402487572461e-05,0.0,0.03857467733691552,0.0
3,5,0.05871247859128352,0.003602210265813627,0.0,0.027967076824226694,0.0
3,6,0.07776611065636614,3.38310594272583e-05,0.0,0.03467896952719573,0.0
3,7,0.15839362553737518,0.023777235010973622,0.0,0.020323340139997165,0.0
3,8,0.060451830847303586,0.0030953865194833815,0.0,0.026384601765597433,0.0
3,9,0.05483916138888529,0.02447473865026474,0.0,0.019745609132285638,0.0
4,0,0.04091088497501105,0.004787519882842115,0.0,0.025746106589970858,0.0
4,1,0.15779491020878106,6.363383956943371e-06,0.0,0.05346358075400578,0.0
4,2,5.029470681378307,8.489980328243507e-07,0.0,0.18350208951901953,0.0
4,3,0.0675409082676246,1.2170402487572461e-05,0.0,0.03857467733691552,0.0
4,4,0.07776611065636614,3.38310594272583e-05,0.0,0.03467896952719573,0.0
4,5,0.15839362553737518,0.023777235010973622,0.0,0.020323340139997165,0.0
4,6,0.060451830847303586,0.0030953865194833815,0.0,0.026384601765597433,0.0
4,7,0.05483916138888529,0.02447473865026474,0.0,0.019745609132285638,0.0
4,8,0.04652259779661934,0.008786171875422251,0.0,0.022273966406972608,0.0
4,9,0.048484646368336326,0.0018420613198837827,0.0,0.026507419437949452,0.0
4,10,0.057385629429132584,0.0001470946479121431,0.0,0.03111535798966649,0.0
4,11,0.041696840476277176,0.0016339876591201904,0.0,0.028924010755379155,0.0
5,0,0.04091088497501105,0.004787519882842115,0.0,0.025746106589970858,0.0
5,1,5.029470681378307,8.489980328243507e-07,0.0,0.18350208951901953,0.0
5,2,0.07776611065636614,3.38310594272583e-05,0.0,0.03467896952719573,0.0
5,3,0.15839362553737518,0.023777235010973622,0.0,0.020323340139997165,0.0
5,4,0.060451830847303586,0.0030953865194833815,0.0,0.026384601765597433,0.0
5,5,0.05483916138888529,0.02447473865026474,0.0,0.019745609132285638,0.0
5,6,0.04652259779661934,0.008786171875422251,0.0,0.022273966406972608,0.0
5,7,0.048484646368336326,0.0018420613198837827,0.0,0.026507419437949452,0.0
5,8,0.057385629429132584,0.0001470946479121431,0.0,0.03111535798966649,0.0
5,9,0.041696840476277176,0.0016339876591201904,0.0,0.028924010755379155,0.0
5,10,1.4080521006563615,0.0032584314677699604,0.0,0.024496845085641643,0.0
5,11,0.06499787480009986,2.9886105446816563e-06,0.0,0.038420220218303915,0.0
5,12,0.05850049416277153,2.587035569225639e-05,0.0,0.04433506645672012,0.0
5,13,0.057354374891504384,0.008652165120508194,0.0,0.02185121671768568,0.0
5,14,0.0745542003561731,0.0001814641304958473,0.0,0.02997822580308999,0.0
5,15,0.06486414520060113,0.004180269498087693,0.0,0.022682860591859963,0.0
5,16,0.052039012493617864,0.0016070757882593735,2.1445010471588106e-08,0.02521316092803183,0.0
5,17,0.07270967840395513,0.0006622762642438998,0.0,0.030765130192452493,0.0
6,0,0.04091088497501105,0.004787519882842115,0.0,0.025746106589970858,0.0
6,1,5.029470681378307,8.489980328243507e-07,0.0,0.18350208951901953,0.0
6,2,0.07776611065636614,3.38310594272583e-05,0.0,0.03467896952719573,0.0
6,3,0.04652259779661934,0.008786171875422251,0.0,0.022273966406972608,0.0
6,4,0.048484646368336326,0.0018420613198837827,0.0,0.026507419437949452,0.0
6,5,0.057385629429132584,0.0001470946479121431,0.0,0.03111535798966649,0.0
6,6,0.041696840476277176,0.0016339876591201904,0.0,0.028924010755379155,0.0
6,7,0.06499787480009986,2.9886105446816563e-06,0.0,0.038420220218303915,0.0
6,8,0.05850049416277153,2.587035569225639e-05,0.0,0.04433506645672012,0.0
6,9,0.06105543317035994,0.00026677011168401197,0.0,0.03036417029586423,0.0
6,10,0.06738620568982928,3.522307235690697e-05,0.0,0.022431560654596894,0.0
6,11,0.05650248508783541,0.00017416943407679738,0.0,0.07429257116365681,0.0
6,12,1.2345210420142265,7.284777393079528e-09,0.0,1.9162034326048978,0.0
6,13,0.05327999061111997,0.0004519715956373837,0.0,0.03161060345967665,0.0
6,14,0.049554786877966224,0.0012918068177687802,0.0,0.019114269384229256,0.0
7,0,0.04091088497501105,0.004787519882842115,0.0,0.025746106589970858,0.0
7,1,5.029470681378307,8.489980328243507e-07,0.0,0.18350208951901953,0.0
7,2,0.04652259779661934,0.008786171875422251,0.0,0.022273966406972608,0.0
7,3,0.048484646368336326,0.0018420613198837827,0.0,0.026507419437949452,0.0
7,4,0.057385629429132584,0.0001470946479121431,0.0,0.03111535798966649,0.0
7,5,0.041696840476277176,0.0016339876591201904,0.0,0.028924010755379155,0.0
7,6,0.06499787480009986,2.9886105446816563e-06,0.0,0.038420220218303915,0.0
7,7,0.06105543317035994,0.00026677011168401197,0.0,0.03036417029586423,0.0
7,8,0.06738620568982928,3.522307235690697e-05,0.0,0.022431560654596894,0.0
7,9,1.2345210420142265,7.284777393079528e-09,0.0,1.9162034326048978,0.0
7,10,0.05327999061111997,0.0004519715956373837,0.0,0.03161060345967665,0.0
7,11,0.049554786877966224,0.0012918068177687802,0.0,0.019114269384229256,0.0
7,12,0.05566115696101313,0.00048276112424982105,0.0,0.031149989505655562,0.0
7,13,0.0632763538801743,0.00011326789487857157,0.0,0.024712580524711068,0.0
7,14,0.055695604312514274,0.0001210661591044769,0.0,0.03739956361960115,0.0
7,15,0.055437208735699,1.5572818889337164e-05,0.0,0.04280640710130943,0.0
7,16,0.05060630646466336,0.0012593214394961934,0.0,0.061606039713266905,0.0
7,17,0.06839962061501852,2.59145862814329e-05,0.0,0.03169696372741281,0.0
8,0,0.04091088497501105,0.004787519882842115,0.0,0.025746106589970858,0.0
8,1,5.029470681378307,8.489980328243507e-07,0.0,0.18350208951901953,0.0
8,2,0.04652259779661934,0.008786171875422251,0.0,0.022273966406972608,0.0
8,3,0.048484646368336326,0.0018420613198837827,0.0,0.026507419437949452,0.0
8,4,0.057385629429132584,0.0001470946479121431,0.0,0.03111535798966649,0.0
8,5,0.041696840476277176,0.0016339876591201904,0.0,0.028924010755379155,0.0
8,6,0.06499787480009986,2.9886105446816563e-06,0.0,0.038420220218303915,0.0
8,7,0.06738620568982928,3.522307235690697e-05,0.0,0.022431560654596894,0.0
8,8,1.2345210420142265,7.284777393079528e-09,0.0,1.9162034326048978,0.0
8,9,0.049554786877966224,0.0012918068177687802,0.0,0.019114269384229256,0.0
8,10,0.0632763538801743,0.00011326789487857157,0.0,0.024712580524711068,0.0
8,11,0.055695604312514274,0.0001210661591044769,0.0,0.03739956361960115,0.0
8,12,0.055437208735699,1.5572818889337164e-05,0.0,0.04280640710130943,0.0
8,13,0.06839962061501852,2.59145862814329e-05,0.0,0.03169696372741281,0.0
8,14,1.8431937245736791,7.625325070145821e-08,0.0,1.5137604774815194,0.0
8,15,0.06082198875440034,0.00020227343340529117,0.0,0.027934379936633176,0.0
8,16,0.04620743963545977,0.0002053359593188189,0.0,0.030680102910337747,0.0
8,17,0.060166697001232554,0.0012048055003093215,0.0,0.027379587580412916,0.0
9,0,0.04091088497501105,0.004787519882842115,0.0,0.025746106589970858,0.0
9,1,5.029470681378307,8.489980328243507e-07,0.0,0.18350208951901953,0.0
9,2,0.04652259779661934,0.008786171875422251,0.0,0.022273966406972608,0.0
9,3,0.048484646368336326,0.0018420613198837827,0.0,0.026507419437949452,0.0
9,4,0.057385629429132584,0.0001470946479121431,0.0,0.03111535798966649,0.0
9,5,0.041696840476277176,0.0016339876591201904,0.0,0.028924010755379155,0.0
9,6,0.06499787480009986,2.9886105446816563e-06,0.0,0.038420220218303915,0.0
9,7,0.06738620568982928,3.522307235690697e-05,0.0,0.022431560654596894,0.0
9,8,1.2345210420142265,7.284777393079528e-09,0.0,1.9162034326048978,0.0
9,9,0.049554786877966224,0.0012918068177687802,0.0,0.019114269384229256,0.0
9,10,0.0632763538801743,0.00011326789487857157,0.0,0.024712580524711068,0.0
9,11,0.055695604312514274,0.0001210661591044769,0.0,0.03739956361960115,0.0
9,12,0.055437208735699,1.5572818889337164e-05,0.0,0.04280640710130943,0.0
9,13,0.06839962061501852,2.59145862814329e-05,0.0,0.03169696372741281,0.0
9,14,1.8431937245736791,7.625325070145821e-08,0.0,1.5137604774815194,0.0
9,15,0.06082198875440034,0.00020227343340529117,0.0,0.027934379936633176,0.0
9,16,0.04620743963545977,0.0002053359593188189,0.0,0.030680102910337747,0.0
9,17,0.060166697001232554,0.0012048055003093215,0.0,0.027379587580412916,0.0
9,18,0.06236932692940039,6.810303811955117e-05,0.0,0.03340540988735966,0.0
9,19,0.05925744425201321,0.0006221193983547417,0.0,0.030540847543987244,0.0
9,20,0.13841259141786155,2.1354571097702992e-05,0.0,0.022976944263211403,0.0
9,21,0.06072926354416463,0.0008314312010105229,0.0,0.0205191567381651,0.0
9,22,0.059778072417664474,0.0012570869160849771,0.0,0.024648657075276328,0.0
10,0,0.04091088497501105,0.004787519882842115,0.0,0.025746106589970858,0.0
10,1,5.029470681378307,8.489980328243507e-07,0.0,0.18350208951901953,0.0
10,2,0.04652259779661934,0.008786171875422251,0.0,0.022273966406972608,0.0
10,3,0.048484646368336326,0.0018420613198837827,0.0,0.026507419437949452,0.0
10,4,0.057385629429132584,0.0001470946479121431,0.0,0.03111535798966649,0.0
10,5,0.041696840476277176,0.0016339876591201904,0.0,0.028924010755379155,0.0
10,6,0.06499787480009986,2.9886105446816563e-06,0.0,0.038420220218303915,0.0
10,7,0.06738620568982928,3.522307235690697e-05,0.0,0.022431560654596894,0.0
10,8,1.2345210420142265,7.284777393079528e-09,0.0,1.9162034326048978,0.0
10,9,0.049554786877966224,0.0012918068177687802,0.0,0.019114269384229256,0.0
10,10,0.0632763538801743,0.00011326789487857157,0.0,0.024712580524711068,0.0
10,11,0.055695604312514274,0.0001210661591044769,0.0,0.03739956361960115,0.0
10,12,0.055437208735699,1.5572818889337164e-05,0.0,0.04280640710130943,0.0
10,13,0.06839962061501852,2.59145862814329e-05,0.0,0.03169696372741281,0.0
10,14,1.8431937245736791,7.625325070145821e-08,0.0,1.5137604774815194,0.0
10,15,0.04620743963545977,0.0002053359593188189,0.0,0.030680102910337747,0.0
10,16,0.06236932692940039,6.810303811955117e-05,0.0,0.03340540988735966,0.0
10,17,0.13841259141786155,2.1354571097702992e-05,0.0,0.022976944263211403,0.0
10,18,0.05551599707953078,0.00018206317556803162,0.0,0.02039167306306643,0.0
11,0,0.04091088497501105,0.004787519882842115,0.0,0.025746106589970858,0.0
11,1,5.029470681378307,8.489980328243507e-07,0.0,0.18350208951901953,0.0
11,2,0.04652259779661934,0.008786171875422251,0.0,0.022273966406972608,0.0
11,3,0.048484646368336326,0.0018420613198837827,0.0,0.026507419437949452,0.0
11,4,0.057385629429132584,0.0001470946479121431,0.0,0.03111535798966649,0.0
11,5,0.041696840476277176,0.0016339876591201904,0.0,0.028924010755379155,0.0
11,6,0.06499787480009986,2.9886105446816563e-06,0.0,0.038420220218303915,0.0
11,7,0.06738620568982928,3.522307235690697e-05,0.0,0.022431560654596894,0.0
11,8,1.2345210420142265,7.284777393079528e-09,0.0,1.9162034326048978,0.0
11,9,0.049554786877966224,0.0012918068177687802,0.0,0.019114269384229256,0.0
11,10,0.0632763538801743,0.00011326789487857157,0.0,0.024712580524711068,0.0
11,11,0.055695604312514274,0.0001210661591044769,0.0,0.03739956361960115,0.0
11,12,0.055437208735699,1.5572818889337164e-05,0.0,0.04280640710130943,0.0
11,13,0.06839962061501852,2.59145862814329e-05,0.0,0.03169696372741281,0.0
11,14,1.8431937245736791,7.625325070145821e-08,0.0,1.5137604774815194,0.0
11,15,0.04620743963545977,0.0002053359593188189,0.0,0.030680102910337747,0.0
11,16,0.06236932692940039,6.810303811955117e-05,0.0,0.03340540988735966,0.0
11,17,0.13841259141786155,2.1354571097702992e-05,0.0,0.022976944263211403,0.0
11,18,0.05551599707953078,0.00018206317556803162,0.0,0.02039167306306643,0.0
11,19,0.05380074030752347,0.00014705006256904594,0.0,0.05076579972263355,0.0
11,20,0.055871499583465815,0.005685465441481109,0.0,0.017301523848342944,0.0
11,21,0.056856207968502014,0.00017665016960065764,0.0,0.03468747390904424,0.0
11,22,0.06031322594884517,0.0001665034607992137,0.0,0.030293797773929553,0.0
12,0,0.04091088497501105,0.004787519882842115,0.0,0.025746106589970858,0.0
12,1,0.04652259779661934,0.008786171875422251,0.0,0.022273966406972608,0.0
12,2,0.048484646368336326,0.0018420613198837827,0.0,0.026507419437949452,0.0
12,3,0.057385629429132584,0.0001470946479121431,0.0,0.03111535798966649,0.0
12,4,0.041696840476277176,0.0016339876591201904,0.0,0.028924010755379155,0.0
12,5,0.06738620568982928,3.522307235690697e-05,0.0,0.022431560654596894,0.0
12,6,1.2345210420142265,7.284777393079528e-09,0.0,1.9162034326048978,0.0
12,7,0.049554786877966224,0.0012918068177687802,0.0,0.019114269384229256,0.0
12,8,0.0632763538801743,0.00011326789487857157,0.0,0.024712580524711068,0.0
12,9,0.055695604312514274,0.0001210661591044769,0.0,0.03739956361960115,0.0
12,10,0.055437208735699,1.5572818889337164e-05,0.0,0.04280640710130943,0.0
12,11,0.06839962061501852,2.59145862814329e-05,0.0,0.03169696372741281,0.0
12,12,1.8431937245736791,7.625325070145821e-08,0.0,1.5137604774815194,0.0
12,13,0.04620743963545977,0.0002053359593188189,0.0,0.030680102910337747,0.0
12,14,0.13841259141786155,2.1354571097702992e-05,0.0,0.022976944263211403,0.0
12,15,0.05551599707953078,0.00018206317556803162,0.0,0.02039167306306643,0.0
12,16,0.05380074030752347,0.00014705006256904594,0.0,0.05076579972263355,0.0
12,17,0.055871499583465815,0.005685465441481109,0.0,0.017301523848342944,0.0
12,18,0.056856207968502014,0.00017665016960065764,0.0,0.03468747390904424,0.0
12,19,0.06031322594884517,0.0001665034607992137,0.0,0.030293797773929553,0.0
12,20,0.05210000057688526,0.00043192666682156933,0.0,0.02950313619166412,0.0
12,21,0.062173968368322736,2.052101043763014e-07,0.0,0.03451095912223857,0.0
12,22,0.05957553046023742,1.1316068601030736e-05,0.0,0.03231009947625436,0.0
12,23,0.04990450764347146,0.0007713884002631675,3.184923654073203e-08,0.030638393029021438,0.0
13,0,0.04091088497501105,0.004787519882842115,0.0,0.025746106589970858,0.0
13,1,0.04652259779661934,0.008786171875422251,0.0,0.022273966406972608,0.0
13,2,0.048484646368336326,0.0018420613198837827,0.0,0.026507419437949452,0.0
13,3,0.041696840476277176,0.0016339876591201904,0.0,0.028924010755379155,0.0
13,4,0.06738620568982928,3.522307235690697e-05,0.0,0.022431560654596894,0.0
13,5,1.2345210420142265,7.284777393079528e-09,0.0,1.9162034326048978,0.0
13,6,0.049554786877966224,0.0012918068177687802,0.0,0.019114269384229256,0.0
13,7,0.0632763538801743,0.00011326789487857157,0.0,0.024712580524711068,0.0
13,8,0.055695604312514274,0.0001210661591044769,0.0,0.03739956361960115,0.0
13,9,0.055437208735699,1.5572818889337164e-05,0.0,0.04280640710130943,0.0
13,10,0.06839962061501852,2.59145862814329e-05,0.0,0.03169696372741281,0.0
13,11,1.8431937245736791,7.625325070145821e-08,0.0,1.5137604774815194,0.0
13,12,0.04620743963545977,0.0002053359593188189,0.0,0.030680102910337747,0.0
13,13,0.13841259141786155,2.1354571097702992e-05,0.0,0.022976944263211403,0.0
13,14,0.05551599707953078,0.00018206317556803162,0.0,0.02039167306306643,0.0
13,15,0.055871499583465815,0.005685465441481109,0.0,0.017301523848342944,0.0
13,16,0.062173968368322736,2.052101043763014e-07,0.0,0.03451095912223857,0.0
13,17,0.05957553046023742,1.1316068601030736e-05,0.0,0.03231009947625436,0.0
13,18,0.04990450764347146,0.0007713884002631675,3.184923654073203e-08,0.030638393029021438,0.0
13,19,0.06723102347740689,1.335118690833172e-07,0.0,0.037951313767708245,0.0
13,20,0.05003927239433582,0.00012898912159052382,0.0,0.02305218050939059,0.0
14,0,0.04091088497501105,0.004787519882842115,0.0,0.025746106589970858,0.0
14,1,0.04652259779661934,0.008786171875422251,0.0,0.022273966406972608,0.0
14,2,0.048484646368336326,0.0018420613198837827,0.0,0.026507419437949452,0.0
14,3,0.041696840476277176,0.0016339876591201904,0.0,0.028924010755379155,0.0
14,4,0.06738620568982928,3.522307235690697e-05,0.0,0.022431560654596894,0.0
14,5,1.2345210420142265,7.284777393079528e-09,0.0,1.9162034326048978,0.0
14,6,0.049554786877966224,0.0012918068177687802,0.0,0.019114269384229256,0.0
14,7,0.0632763538801743,0.00011326789487857157,0.0,0.024712580524711068,0.0
14,8,0.055437208735699,1.5572818889337164e-05,0.0,0.04280640710130943,0.0
14,9,0.06839962061501852,2.59145862814329e-05,0.0,0.03169696372741281,0.0
14,10,1.8431937245736791,7.625325070145821e-08,0.0,1.5137604774815194,0.0
14,11,0.04620743963545977,0.0002053359593188189,0.0,0.030680102910337747,0.0
14,12,0.13841259141786155,2.1354571097702992e-05,0.0,0.022976944263211403,0.0
14,13,0.05551599707953078,0.00018206317556803162,0.0,0.02039167306306643,0.0
14,14,0.055871499583465815,0.005685465441481109,0.0,0.017301523848342944,0.0
14,15,0.062173968368322736,2.052101043763014e-07,0.0,0.03451095912223857,0.0
14,16,0.05957553046023742,1.1316068601030736e-05,0.0,0.03231009947625436,0.0
14,17,0.06723102347740689,1.335118690833172e-07,0.0,0.037951313767708245,0.0
14,18,0.05003927239433582,0.00012898912159052382,0.0,0.02305218050939059,0.0
14,19,0.04920558317715654,0.0014875432779205486,0.0,0.02843936253710023,0.0
14,20,0.047120478187496255,4.660119630851563e-05,0.0,0.029588434639285278,0.0
15,0,0.04091088497501105,0.004787519882842115,0.0,0.025746106589970858,0.0
15,1,0.04652259779661934,0.008786171875422251,0.0,0.022273966406972608,0.0
15,2,0.048484646368336326,0.0018420613198837827,0.0,0.026507419437949452,0.0
15,3,0.041696840476277176,0.0016339876591201904,0.0,0.028924010755379155,0.0
15,4,0.06738620568982928,3.522307235690697e-05,0.0,0.022431560654596894,0.0
15,5,1.2345210420142265,7.284777393079528e-09,0.0,1.9162034326048978,0.0
15,6,0.049554786877966224,0.0012918068177687802,0.0,0.019114269384229256,0.0
15,7,0.0632763538801743,0.00011326789487857157,0.0,0.024712580524711068,0.0
15,8,0.055437208735699,1.5572818889337164e-05,0.0,0.04280640710130943,0.0
15,9,0.06839962061501852,2.59145862814329e-05,0.0,0.03169696372741281,0.0
15,10,1.8431937245736791,7.625325070145821e-08,0.0,1.5137604774815194,0.0
15,11,0.04620743963545977,0.0002053359593188189,0.0,0.030680102910337747,0.0
15,12,0.13841259141786155,2.1354571097702992e-05,0.0,0.022976944263211403,0.0
15,13,0.05551599707953078,0.00018206317556803162,0.0,0.02039167306306643,0.0
15,14,0.055871499583465815,0.005685465441481109,0.0,0.017301523848342944,0.0
15,15,0.062173968368322736,2.052101043763014e-07,0.0,0.03451095912223857,0.0
15,16,0.05957553046023742,1.1316068601030736e-05,0.0,0.03231009947625436,0.0
15,17,0.06723102347740689,1.335118690833172e-07,0.0,0.037951313767708245,0.0
15,18,0.05003927239433582,0.00012898912159052382,0.0,0.02305218050939059,0.0
15,19,0.04920558317715654,0.0014875432779205486,0.0,0.02843936253710023,0.0
15,20,0.047120478187496255,4.660119630851563e-05,0.0,0.029588434639285278,0.0
15,21,0.057013701708503256,0.001797506264783894,0.0,0.017950591137125424,0.0
15,22,0.05686148123422297,5.284643970150987e-05,0.0,0.02870662278875205,0.0
15,23,0.04777191953766172,0.002747127209900098,0.0,0.02577111842118629,0.0
15,24,0.06346545397285584,0.011263915014768875,9.509584938272087e-08,0.015866975975678693,0.0
16,0,0.04091088497501105,0.004787519882842115,0.0,0.025746106589970858,0.0
16,1,0.04652259779661934,0.008786171875422251,0.0,0.022273966406972608,0.0
16,2,0.048484646368336326,0.0018420613198837827,0.0,0.026507419437949452,0.0
16,3,0.041696840476277176,0.0016339876591201904,0.0,0.028924010755379155,0.0
16,4,0.06738620568982928,3.522307235690697e-05,0.0,0.022431560654596894,0.0
16,5,1.2345210420142265,7.284777393079528e-09,0.0,1.9162034326048978,0.0
16,6,0.049554786877966224,0.0012918068177687802,0.0,0.019114269384229256,0.0
16,7,0.0632763538801743,0.00011326789487857157,0.0,0.024712580524711068,0.0
16,8,0.055437208735699,1.5572818889337164e-05,0.0,0.04280640710130943,0.0
16,9,0.06839962061501852,2.59145862814329e-05,0.0,0.03169696372741281,0.0
16,10,1.8431937245736791,7.625325070145821e-08,0.0,1.5137604774815194,0.0
16,11,0.04620743963545977,0.0002053359593188189,0.0,0.030680102910337747,0.0
16,12,0.13841259141786155,2.1354571097702992e-05,0.0,0.022976944263211403,0.0
16,13,0.05551599707953078,0.00018206317556803162,0.0,0.02039167306306643,0.0
16,14,0.055871499583465815,0.005685465441481109,0.0,0.017301523848342944,0.0
16,15,0.062173968368322736,2.052101043763014e-07,0.0,0.03451095912223857,0.0
16,16,0.05957553046023742,1.1316068601030736e-05,0.0,0.03231009947625436,0.0
16,17,0.06723102347740689,1.335118690833172e-07,0.0,0.037951313767708245,0.0
16,18,0.05003927239433582,0.00012898912159052382,0.0,0.02305218050939059,0.0
16,19,0.04920558317715654,0.0014875432779205486,0.0,0.02843936253710023,0.0
16,20,0.047120478187496255,4.660119630851563e-05,0.0,0.029588434639285278,0.0
16,21,0.057013701708503256,0.001797506264783894,0.0,0.017950591137125424,0.0
16,22,0.05686148123422297,5.284643970150987e-05,0.0,0.02870662278875205,0.0
16,23,0.04777191953766172,0.002747127209900098,0.0,0.02577111842118629,0.0
16,24,0.06346545397285584,0.011263915014768875,9.509584938272087e-08,0.015866975975678693,0.0
16,25,0.05095916393399743,2.7670362307317022e-05,0.0,0.06370816937121385,0.0
16,26,0.053065988597243374,0.0012170062379678265,0.0,0.019795827449097348,0.0
16,27,0.0524605623955607,0.001143303407433451,0.0,0.02066724145316951,0.0
16,28,0.05720115307451981,0.00011889356902644558,0.0,0.02807627338513169,0.0
16,29,0.0458723942884755,0.007925759768538366,0.0,0.022828590990929397,0.0
17,0,0.04091088497501105,0.004787519882842115,0.0,0.025746106589970858,0.0
17,1,0.04652259779661934,0.008786171875422251,0.0,0.022273966406972608,0.0
17,2,0.048484646368336326,0.0018420613198837827,0.0,0.026507419437949452,0.0
17,3,0.041696840476277176,0.0016339876591201904,0.0,0.028924010755379155,0.0
17,4,0.06738620568982928,3.522307235690697e-05,0.0,0.022431560654596894,0.0
17,5,1.2345210420142265,7.284777393079528e-09,0.0,1.9162034326048978,0.0
17,6,0.049554786877966224,0.0012918068177687802,0.0,0.019114269384229256,0.0
17,7,0.0632763538801743,0.00011326789487857157,0.0,0.024712580524711068,0.0
17,8,0.055437208735699,1.5572818889337164e-05,0.0,0.04280640710130943,0.0
17,9,0.06839962061501852,2.59145862814329e-05,0.0,0.03169696372741281,0.0
17,10,1.8431937245736791,7.625325070145821e-08,0.0,1.5137604774815194,0.0
17,11,0.04620743963545977,0.0002053359593188189,0.0,0.030680102910337747,0.0
17,12,0.13841259141786155,2.1354571097702992e-05,0.0,0.022976944263211403,0.0
17,13,0.05551599707953078,0.00018206317556803162,0.0,0.02039167306306643,0.0
17,14,0.055871499583465815,0.005685465441481109,0.0,0.017301523848342944,0.0
17,15,0.062173968368322736,2.052101043763014e-07,0.0,0.03451095912223857,0.0
17,16,0.05957553046023742,1.1316068601030736e-05,0.0,0.03231009947625436,0.0
17,17,0.06723102347740689,1.335118690833172e-07,0.0,0.037951313767708245,0.0
17,18,0.05003927239433582,0.00012898912159052382,0.0,0.02305218050939059,0.0
17,19,0.04920558317715654,0.0014875432779205486,0.0,0.02843936253710023,0.0
17,20,0.047120478187496255,4.660119630851563e-05,0.0,0.029588434639285278,0.0
17,21,0.057013701708503256,0.001797506264783894,0.0,0.017950591137125424,0.0
17,22,0.05686148123422297,5.284643970150987e-05,0.0,0.02870662278875205,0.0
17,23,0.04777191953766172,0.002747127209900098,0.0,0.02577111842118629,0.0
17,24,0.06346545397285584,0.011263915014768875,9.509584938272087e-08,0.015866975975678693,0.0
17,25,0.05095916393399743,2.7670362307317022e-05,0.0,0.06370816937121385,0.0
17,26,0.053065988597243374,0.0012170062379678265,0.0,0.019795827449097348,0.0
17,27,0.0524605623955607,0.001143303407433451,0.0,0.02066724145316951,0.0
17,28,0.05720115307451981,0.00011889356902644558,0.0,0.02807627338513169,0.0
17,29,0.0458723942884755,0.007925759768538366,0.0,0.022828590990929397,0.0
17,30,0.054777989116248864,7.765579209442278e-05,0.0,0.02848334071700801,0.0
17,31,0.05795021307893857,2.143030562189224e-05,0.0,0.039948212909204014,0.0
17,32,0.05436050553845195,1.8599089080894976e-05,0.0,0.05032873862468754,0.0
17,33,0.07837963633284133,0.0004425569089864308,0.0,0.017029114241847602,0.0
18,0,0.04091088497501105,0.004787519882842115,0.0,0.025746106589970858,0.0
18,1,0.04652259779661934,0.008786171875422251,0.0,0.022273966406972608,0.0
18,2,0.048484646368336326,0.0018420613198837827,0.0,0.026507419437949452,0.0
18,3,0.041696840476277176,0.0016339876591201904,0.0,0.028924010755379155,0.0
18,4,0.06738620568982928,3.522307235690697e-05,0.0,0.022431560654596894,0.0
18,5,1.2345210420142265,7.284777393079528e-09,0.0,1.9162034326048978,0.0
18,6,0.049554786877966224,0.0012918068177687802,0.0,0.019114269384229256,0.0
18,7,0.0632763538801743,0.00011326789487857157,0.0,0.024712580524711068,0.0
18,8,0.055437208735699,1.5572818889337164e-05,0.0,0.04280640710130943,0.0
18,9,1.8431937245736791,7.625325070145821e-08,0.0,1.5137604774815194,0.0
18,10,0.04620743963545977,0.0002053359593188189,0.0,0.030680102910337747,0.0
18,11,0.13841259141786155,2.1354571097702992e-05,0.0,0.022976944263211403,0.0
18,12,0.05551599707953078,0.00018206317556803162,0.0,0.02039167306306643,0.0
18,13,0.055871499583465815,0.005685465441481109,0.0,0.017301523848342944,0.0
18,14,0.062173968368322736,2.052101043763014e-07,0.0,0.03451095912223857,0.0
18,15,0.05957553046023742,1.1316068601030736e-05,0.0,0.03231009947625436,0.0
18,16,0.06723102347740689,1.335118690833172e-07,0.0,0.037951313767708245,0.0
18,17,0.05003927239433582,0.00012898912159052382,0.0,0.02305218050939059,0.0
18,18,0.04920558317715654,0.0014875432779205486,0.0,0.02843936253710023,0.0
18,19,0.047120478187496255,4.660119630851563e-05,0.0,0.029588434639285278,0.0
18,20,0.057013701708503256,0.001797506264783894,0.0,0.017950591137125424,0.0
18,21,0.05686148123422297,5.284643970150987e-05,0.0,0.02870662278875205,0.0
18,22,0.04777191953766172,0.002747127209900098,0.0,0.02577111842118629,0.0
18,23,0.06346545397285584,0.011263915014768875,9.509584938272087e-08,0.015866975975678693,0.0
18,24,0.05095916393399743,2.7670362307317022e-05,0.0,0.06370816937121385,0.0
18,25,0.053065988597243374,0.0012170062379678265,0.0,0.019795827449097348,0.0
18,26,0.0524605623955607,0.001143303407433451,0.0,0.02066724145316951,0.0
18,27,0.05720115307451981,0.00011889356902644558,0.0,0.02807627338513169,0.0
18,28,0.0458723942884755,0.007925759768538366,0.0,0.022828590990929397,0.0
18,29,0.054777989116248864,7.765579209442278e-05,0.0,0.02848334071700801,0.0
18,30,0.05436050553845195,1.8599089080894976e-05,0.0,0.05032873862468754,0.0
18,31,0.07837963633284133,0.0004425569089864308,0.0,0.017029114241847602,0.0
18,32,0.057159473996858015,1.8069097793047595e-05,0.0,0.03930956567010032,0.0
18,33,0.06796924894494775,2.5224355870667466e-05,0.0,0.026961343563767937,0.0
18,34,0.058853060474649596,1.2539117857365124e-05,0.0,0.03538202102800816,0.0
18,35,0.043598930542793825,0.0012347035552699678,0.0,0.03345578654420168,0.0
18,36,0.0587173290539805,2.980904405487193e-06,0.0,0.0630297209907324,0.0
18,37,0.06747870720580909,9.951808371468862e-07,0.0,0.02925379048884861,0.0
18,38,0.05695677982648841,4.111829768569816e-05,0.0,0.03509163821846164,0.0
19,0,0.04091088497501105,0.004787519882842115,0.0,0.025746106589970858,0.0
19,1,0.04652259779661934,0.008786171875422251,0.0,0.022273966406972608,0.0
19,2,0.048484646368336326,0.0018420613198837827,0.0,0.026507419437949452,0.0
19,3,0.041696840476277176,0.0016339876591201904,0.0,0.028924010755379155,0.0
19,4,1.2345210420142265,7.284777393079528e-09,0.0,1.9162034326048978,0.0
19,5,0.049554786877966224,0.0012918068177687802,0.0,0.019114269384229256,0.0
19,6,0.055437208735699,1.5572818889337164e-05,0.0,0.04280640710130943,0.0
19,7,1.8431937245736791,7.625325070145821e-08,0.0,1.5137604774815194,0.0
19,8,0.04620743963545977,0.0002053359593188189,0.0,0.030680102910337747,0.0
19,9,0.05551599707953078,0.00018206317556803162,0.0,0.02039167306306643,0.0
19,10,0.055871499583465815,0.005685465441481109,0.0,0.017301523848342944,0.0
19,11,0.062173968368322736,2.052101043763014e-07,0.0,0.03451095912223857,0.0
19,12,0.05957553046023742,1.1316068601030736e-05,0.0,0.03231009947625436,0.0
19,13,0.06723102347740689,1.335118690833172e-07,0.0,0.037951313767708245,0.0
19,14,0.05003927239433582,0.00012898912159052382,0.0,0.02305218050939059,0.0
19,15,0.04920558317715654,0.0014875432779205486,0.0,0.02843936253710023,0.0
19,16,0.047120478187496255,4.660119630851563e-05,0.0,0.029588434639285278,0.0
19,17,0.057013701708503256,0.001797506264783894,0.0,0.017950591137125424,0.0
19,18,0.05686148123422297,5.284643970150987e-05,0.0,0.02870662278875205,0.0
19,19,0.04777191953766172,0.002747127209900098,0.0,0.02577111842118629,0.0
19,20,0.06346545397285584,0.011263915014768875,9.509584938272087e-08,0.015866975975678693,0.0
19,21,0.05095916393399743,2.7670362307317022e-05,0.0,0.06370816937121385,0.0
19,22,0.053065988597243374,0.0012170062379678265,0.0,0.019795827449097348,0.0
19,23,0.0524605623955607,0.001143303407433451,0.0,0.02066724145316951,0.0
19,24,0.05720115307451981,0.00011889356902644558,0.0,0.02807627338513169,0.0
19,25,0.0458723942884755,0.007925759768538366,0.0,0.022828590990929397,0.0
19,26,0.054777989116248864,7.765579209442278e-05,0.0,0.02848334071700801,0.0
19,27,0.05436050553845195,1.8599089080894976e-05,0.0,0.05032873862468754,0.0
19,28,0.07837963633284133,0.0004425569089864308,0.0,0.017029114241847602,0.0
19,29,0.057159473996858015,1.8069097793047595e-05,0.0,0.03930956567010032,0.0
19,30,0.058853060474649596,1.2539117857365124e-05,0.0,0.03538202102800816,0.0
19,31,0.043598930542793825,0.0012347035552699678,0.0,0.03345578654420168,0.0
19,32,0.0587173290539805,2.980904405487193e-06,0.0,0.0630297209907324,0.0
19,33,0.06747870720580909,9.951808371468862e-07,0.0,0.02925379048884861,0.0
19,34,0.05695677982648841,4.111829768569816e-05,0.0,0.03509163821846164,0.0
19,35,0.05758962414862219,8.666471196451648e-06,0.0,0.0408349616639743,0.0
19,36,0.06087475346315709,7.004978343775022e-08,8.33161805174992e-08,0.0375592043599288,0.0
19,37,0.0596293826594918,0.0018436320030131132,0.0,0.017896679992061862,0.0
19,38,0.060433105249710455,3.6433453575144027e-07,0.0,0.039155210621740495,0.0
19,39,0.05796903059602178,1.9536514337269685e-05,0.0,0.019247624113501664,0.0
19,40,0.05687709783332326,0.002414737973673537,0.0,0.018003445055091778,0.0
20,0,0.04091088497501105,0.004787519882842115,0.0,0.025746106589970858,0.0
20,1,0.04652259779661934,0.008786171875422251,0.0,0.022273966406972608,0.0
20,2,0.048484646368336326,0.0018420613198837827,0.0,0.026507419437949452,0.0
20,3,0.041696840476277176,0.0016339876591201904,0.0,0.028924010755379155,0.0
20,4,0.049554786877966224,0.0012918068177687802,0.0,0.019114269384229256,0.0
20,5,0.055437208735699,1.5572818889337164e-05,0.0,0.04280640710130943,0.0
20,6,0.04620743963545977,0.0002053359593188189,0.0,0.030680102910337747,0.0
20,7,0.05551599707953078,0.00018206317556803162,0.0,0.02039167306306643,0.0
20,8,0.055871499583465815,0.005685465441481109,0.0,0.017301523848342944,0.0
20,9,0.05003927239433582,0.00012898912159052382,0.0,0.02305218050939059,0.0
20,10,0.04920558317715654,0.0014875432779205486,0.0,0.02843936253710023,0.0
20,11,0.047120478187496255,4.660119630851563e-05,0.0,0.029588434639285278,0.0
20,12,0.057013701708503256,0.001797506264783894,0.0,0.017950591137125424,0.0
20,13,0.04777191953766172,0.002747127209900098,0.0,0.02577111842118629,0.0
20,14,0.06346545397285584,0.011263915014768875,9.509584938272087e-08,0.015866975975678693,0.0
20,15,0.05095916393399743,2.7670362307317022e-05,0.0,0.06370816937121385,0.0
20,16,0.053065988597243374,0.0012170062379678265,0.0,0.019795827449097348,0.0
20,17,0.0524605623955607,0.001143303407433451,0.0,0.02066724145316951,0.0
20,18,0.0458723942884755,0.007925759768538366,0.0,0.022828590990929397,0.0
20,19,0.054777989116248864,7.765579209442278e-05,0.0,0.02848334071700801,0.0
20,20,0.05436050553845195,1.8599089080894976e-05,0.0,0.05032873862468754,0.0
20,21,0.07837963633284133,0.0004425569089864308,0.0,0.017029114241847602,0.0
20,22,0.043598930542793825,0.0012347035552699678,0.0,0.03345578654420168,0.0
20,23,0.0596293826594918,0.0018436320030131132,0.0,0.017896679992061862,0.0
20,24,0.05796903059602178,1.9536514337269685e-05,0.0,0.019247624113501664,0.0
20,25,0.05687709783332326,0.002414737973673537,0.0,0.018003445055091778,0.0
20,26,0.056671571343497575,1.88102205747397e-11,0.0,0.021668376012027462,0.0
21,0,0.04091088497501105,0.004787519882842115,0.0,0.025746106589970858,0.0
21,1,0.041696840476277176,0.0016339876591201904,0.0,0.028924010755379155,0.0
21,2,0.049554786877966224,0.0012918068177687802,0.0,0.019114269384229256,0.0
21,3,0.055437208735699,1.5572818889337164e-05,0.0,0.04280640710130943,0.0
21,4,0.05551599707953078,0.00018206317556803162,0.0,0.02039167306306643,0.0
21,5,0.055871499583465815,0.005685465441481109,0.0,0.017301523848342944,0.0
21,6,0.047120478187496255,4.660119630851563e-05,0.0,0.029588434639285278,0.0
21,7,0.057013701708503256,0.001797506264783894,0.0,0.017950591137125424,0.0
21,8,0.06346545397285584,0.011263915014768875,9.509584938272087e-08,0.015866975975678693,0.0
21,9,0.053065988597243374,0.0012170062379678265,0.0,0.019795827449097348,0.0
21,10,0.0524605623955607,0.001143303407433451,0.0,0.02066724145316951,0.0
21,11,0.054777989116248864,7.765579209442278e-05,0.0,0.02848334071700801,0.0
21,12,0.05436050553845195,1.8599089080894976e-05,0.0,0.05032873862468754,0.0
21,13,0.07837963633284133,0.0004425569089864308,0.0,0.017029114241847602,0.0
21,14,0.043598930542793825,0.0012347035552699678,0.0,0.03345578654420168,0.0
21,15,0.0596293826594918,0.0018436320030131132,0.0,0.017896679992061862,0.0
21,16,0.05796903059602178,1.9536514337269685e-05,0.0,0.019247624113501664,0.0
21,17,0.05687709783332326,0.002414737973673537,0.0,0.018003445055091778,0.0
21,18,0.056671571343497575,1.88102205747397e-11,0.0,0.021668376012027462,0.0
21,19,0.050120276416332654,2.4835129771188673e-05,0.0,0.030023458592116897,0.0
21,20,0.04552447176855006,8.331224292018293e-05,0.0,0.021662363748491297,0.0
22,0,0.04091088497501105,0.004787519882842115,0.0,0.025746106589970858,0.0
22,1,0.041696840476277176,0.0016339876591201904,0.0,0.028924010755379155,0.0
22,2,0.049554786877966224,0.0012918068177687802,0.0,0.019114269384229256,0.0
22,3,0.055437208735699,1.5572818889337164e-05,0.0,0.04280640710130943,0.0
22,4,0.05551599707953078,0.00018206317556803162,0.0,0.02039167306306643,0.0
22,5,0.055871499583465815,0.005685465441481109,0.0,0.017301523848342944,0.0
22,6,0.057013701708503256,0.001797506264783894,0.0,0.017950591137125424,0.0
22,7,0.06346545397285584,0.011263915014768875,9.509584938272087e-08,0.015866975975678693,0.0
22,8,0.053065988597243374,0.0012170062379678265,0.0,0.019795827449097348,0.0
22,9,0.0524605623955607,0.001143303407433451,0.0,0.02066724145316951,0.0
22,10,0.05436050553845195,1.8599089080894976e-05,0.0,0.05032873862468754,0.0
22,11,0.07837963633284133,0.0004425569089864308,0.0,0.017029114241847602,0.0
22,12,0.043598930542793825,0.0012347035552699678,0.0,0.03345578654420168,0.0
22,13,0.0596293826594918,0.0018436320030131132,0.0,0.017896679992061862,0.0
22,14,0.05796903059602178,1.9536514337269685e-05,0.0,0.019247624113501664,0.0
22,15,0.05687709783332326,0.002414737973673537,0.0,0.018003445055091778,0.0
22,16,0.056671571343497575,1.88102205747397e-11,0.0,0.021668376012027462,0.0
22,17,0.050120276416332654,2.4835129771188673e-05,0.0,0.030023458592116897,0.0
22,18,0.04552447176855006,8.331224292018293e-05,0.0,0.021662363748491297,0.0
22,19,0.055538405358596304,0.02575609324279222,0.0,0.01833371389535283,0.0
22,20,0.04778679691318433,0.00014261443399100126,0.0,0.02108602027279171,0.0
22,21,0.04698770422223894,4.190193843308729e-05,0.0,0.025875506303642732,0.0
23,0,0.04091088497501105,0.004787519882842115,0.0,0.025746106589970858,0.0
23,1,0.041696840476277176,0.0016339876591201904,0.0,0.028924010755379155,0.0
23,2,0.049554786877966224,0.0012918068177687802,0.0,0.019114269384229256,0.0
23,3,0.055437208735699,1.5572818889337164e-05,0.0,0.04280640710130943,0.0
23,4,0.05551599707953078,0.00018206317556803162,0.0,0.02039167306306643,0.0
23,5,0.055871499583465815,0.005685465441481109,0.0,0.017301523848342944,0.0
23,6,0.057013701708503256,0.001797506264783894,0.0,0.017950591137125424,0.0
23,7,0.06346545397285584,0.011263915014768875,9.509584938272087e-08,0.015866975975678693,0.0
23,8,0.053065988597243374,0.0012170062379678265,0.0,0.019795827449097348,0.0
23,9,0.0524605623955607,0.001143303407433451,0.0,0.02066724145316951,0.0
23,10,0.05436050553845195,1.8599089080894976e-05,0.0,0.05032873862468754,0.0
23,11,0.07837963633284133,0.0004425569089864308,0.0,0.017029114241847602,0.0
23,12,0.043598930542793825,0.0012347035552699678,0.0,0.03345578654420168,0.0
23,13,0.0596293826594918,0.0018436320030131132,0.0,0.017896679992061862,0.0
23,14,0.05796903059602178,1.9536514337269685e-05,0.0,0.019247624113501664,0.0
23,15,0.05687709783332326,0.002414737973673537,0.0,0.018003445055091778,0.0
23,16,0.056671571343497575,1.88102205747397e-11,0.0,0.021668376012027462,0.0
23,17,0.050120276416332654,2.4835129771188673e-05,0.0,0.030023458592116897,0.0
23,18,0.04552447176855006,8.331224292018293e-05,0.0,0.021662363748491297,0.0
23,19,0.055538405358596304,0.02575609324279222,0.0,0.01833371389535283,0.0
23,20,0.04778679691318433,0.00014261443399100126,0.0,0.02108602027279171,0.0
23,21,0.04698770422223894,4.190193843308729e-05,0.0,0.025875506303642732,0.0
23,22,0.053834652023598516,2.1397252228594417e-05,0.0,0.029436032353859182,0.0
24,0,0.04091088497501105,0.004787519882842115,0.0,0.025746106589970858,0.0
24,1,0.041696840476277176,0.0016339876591201904,0.0,0.028924010755379155,0.0
24,2,0.049554786877966224,0.0012918068177687802,0.0,0.019114269384229256,0.0
24,3,0.05551599707953078,0.00018206317556803162,0.0,0.02039167306306643,0.0
24,4,0.055871499583465815,0.005685465441481109,0.0,0.017301523848342944,0.0
24,5,0.057013701708503256,0.001797506264783894,0.0,0.017950591137125424,0.0
24,6,0.06346545397285584,0.011263915014768875,9.509584938272087e-08,0.015866975975678693,0.0
24,7,0.053065988597243374,0.0012170062379678265,0.0,0.019795827449097348,0.0
24,8,0.0524605623955607,0.001143303407433451,0.0,0.02066724145316951,0.0
24,9,0.07837963633284133,0.0004425569089864308,0.0,0.017029114241847602,0.0
24,10,0.043598930542793825,0.0012347035552699678,0.0,0.03345578654420168,0.0
24,11,0.0596293826594918,0.0018436320030131132,0.0,0.017896679992061862,0.0
24,12,0.05796903059602178,1.9536514337269685e-05,0.0,0.019247624113501664,0.0
24,13,0.05687709783332326,0.002414737973673537,0.0,0.018003445055091778,0.0
24,14,0.056671571343497575,1.88102205747397e-11,0.0,0.021668376012027462,0.0
24,15,0.04552447176855006,8.331224292018293e-05,0.0,0.021662363748491297,0.0
24,16,0.055538405358596304,0.02575609324279222,0.0,0.01833371389535283,0.0
24,17,0.04778679691318433,0.00014261443399100126,0.0,0.02108602027279171,0.0
24,18,0.04698770422223894,4.190193843308729e-05,0.0,0.025875506303642732,0.0
24,19,0.05493237946328856,3.476220405831082e-06,0.0,0.03327534660375911,0.0
24,20,0.07850513073537346,0.029915278268357912,0.0,0.01615828665897864,0.0
24,21,0.052503314586483454,2.3795082210333303e-05,0.0,0.02568273229319968,0.0
24,22,0.04955002135850932,5.094183041427429e-06,0.0,0.02630199276693802,0.0
25,0,0.04091088497501105,0.004787519882842115,0.0,0.025746106589970858,0.0
25,1,0.041696840476277176,0.0016339876591201904,0.0,0.028924010755379155,0.0
25,2,0.049554786877966224,0.0012918068177687802,0.0,0.019114269384229256,0.0
25,3,0.05551599707953078,0.00018206317556803162,0.0,0.02039167306306643,0.0
25,4,0.055871499583465815,0.005685465441481109,0.0,0.017301523848342944,0.0
25,5,0.057013701708503256,0.001797506264783894,0.0,0.017950591137125424,0.0
25,6,0.06346545397285584,0.011263915014768875,9.509584938272087e-08,0.015866975975678693,0.0
25,7,0.053065988597243374,0.0012170062379678265,0.0,0.019795827449097348,0.0
25,8,0.0524605623955607,0.001143303407433451,0.0,0.02066724145316951,0.0
25,9,0.07837963633284133,0.0004425569089864308,0.0,0.017029114241847602,0.0
25,10,0.043598930542793825,0.0012347035552699678,0.0,0.03345578654420168,0.0
25,11,0.0596293826594918,0.0018436320030131132,0.0,0.017896679992061862,0.0
25,12,0.05796903059602178,1.9536514337269685e-05,0.0,0.019247624113501664,0.0
25,13,0.05687709783332326,0.002414737973673537,0.0,0.018003445055091778,0.0
25,14,0.056671571343497575,1.88102205747397e-11,0.0,0.021668376012027462,0.0
25,15,0.04552447176855006,8.331224292018293e-05,0.0,0.021662363748491297,0.0
25,16,0.055538405358596304,0.02575609324279222,0.0,0.01833371389535283,0.0
25,17,0.04778679691318433,0.00014261443399100126,0.0,0.02108602027279171,0.0
25,18,0.04698770422223894,4.190193843308729e-05,0.0,0.025875506303642732,0.0
25,19,0.05493237946328856,3.476220405831082e-06,0.0,0.03327534660375911,0.0
25,20,0.07850513073537346,0.029915278268357912,0.0,0.01615828665897864,0.0
25,21,0.052503314586483454,2.3795082210333303e-05,0.0,0.02568273229319968,0.0
25,22,0.04955002135850932,5.094183041427429e-06,0.0,0.02630199276693802,0.0
25,23,0.04879860217492665,6.405302866430587e-06,0.0,0.05505541483567437,0.0
26,0,0.04091088497501105,0.004787519882842115,0.0,0.025746106589970858,0.0
26,1,0.041696840476277176,0.0016339876591201904,0.0,0.028924010755379155,0.0
26,2,0.049554786877966224,0.0012918068177687802,0.0,0.019114269384229256,0.0
26,3,0.05551599707953078,0.00018206317556803162,0.0,0.02039167306306643,0.0
26,4,0.055871499583465815,0.005685465441481109,0.0,0.017301523848342944,0.0
26,5,0.057013701708503256,0.001797506264783894,0.0,0.017950591137125424,0.0
26,6,0.06346545397285584,0.011263915014768875,9.509584938272087e-08,0.015866975975678693,0.0
26,7,0.053065988597243374,0.0012170062379678265,0.0,0.019795827449097348,0.0
26,8,0.0524605623955607,0.001143303407433451,0.0,0.02066724145316951,0.0
26,9,0.07837963633284133,0.0004425569089864308,0.0,0.017029114241847602,0.0
26,10,0.043598930542793825,0.0012347035552699678,0.0,0.03345578654420168,0.0
26,11,0.0596293826594918,0.0018436320030131132,0.0,0.017896679992061862,0.0
26,12,0.05796903059602178,1.9536514337269685e-05,0.0,0.019247624113501664,0.0
26,13,0.05687709783332326,0.002414737973673537,0.0,0.018003445055091778,0.0
26,14,0.056671571343497575,1.88102205747397e-11,0.0,0.021668376012027462,0.0
26,15,0.04552447176855006,8.331224292018293e-05,0.0,0.021662363748491297,0.0
26,16,0.055538405358596304,0.02575609324279222,0.0,0.01833371389535283,0.0
26,17,0.04778679691318433,0.00014261443399100126,0.0,0.02108602027279171,0.0
26,18,0.04698770422223894,4.190193843308729e-05,0.0,0.025875506303642732,0.0
26,19,0.05493237946328856,3.476220405831082e-06,0.0,0.03327534660375911,0.0
26,20,0.07850513073537346,0.029915278268357912,0.0,0.01615828665897864,0.0
26,21,0.052503314586483454,2.3795082210333303e-05,0.0,0.02568273229319968,0.0
26,22,0.04955002135850932,5.094183041427429e-06,0.0,0.02630199276693802,0.0
26,23,0.04879860217492665,6.405302866430587e-06,0.0,0.05505541483567437,0.0
27,0,0.04091088497501105,0.004787519882842115,0.0,0.025746106589970858,0.0
27,1,0.041696840476277176,0.0016339876591201904,0.0,0.028924010755379155,0.0
27,2,0.049554786877966224,0.0012918068177687802,0.0,0.019114269384229256,0.0
27,3,0.05551599707953078,0.00018206317556803162,0.0,0.02039167306306643,0.0
27,4,0.055871499583465815,0.005685465441481109,0.0,0.017301523848342944,0.0
27,5,0.057013701708503256,0.001797506264783894,0.0,0.017950591137125424,0.0
27,6,0.06346545397285584,0.011263915014768875,9.509584938272087e-08,0.015866975975678693,0.0
27,7,0.053065988597243374,0.0012170062379678265,0.0,0.019795827449097348,0.0
27,8,0.0524605623955607,0.001143303407433451,0.0,0.02066724145316951,0.0
27,9,0.07837963633284133,0.0004425569089864308,0.0,0.017029114241847602,0.0
27,10,0.043598930542793825,0.0012347035552699678,0.0,0.03345578654420168,0.0
27,11,0.0596293826594918,0.0018436320030131132,0.0,0.017896679992061862,0.0
27,12,0.05796903059602178,1.9536514337269685e-05,0.0,0.019247624113501664,0.0
27,13,0.05687709783332326,0.002414737973673537,0.0,0.018003445055091778,0.0
27,14,0.056671571343497575,1.88102205747397e-11,0.0,0.021668376012027462,0.0
27,15,0.04552447176855006,8.331224292018293e-05,0.0,0.021662363748491297,0.0
27,16,0.04778679691318433,0.00014261443399100126,0.0,0.02108602027279171,0.0
27,17,0.04698770422223894,4.190193843308729e-05,0.0,0.025875506303642732,0.0
27,18,0.05493237946328856,3.476220405831082e-06,0.0,0.03327534660375911,0.0
27,19,0.052503314586483454,2.3795082210333303e-05,0.0,0.02568273229319968,0.0
27,20,0.04955002135850932,5.094183041427429e-06,0.0,0.02630199276693802,0.0
27,21,0.04879860217492665,6.405302866430587e-06,0.0,0.05505541483567437,0.0
27,22,0.04628167534284465,0.011950418743956881,0.0,0.015516105612312378,0.0
28,0,0.04091088497501105,0.004787519882842115,0.0,0.025746106589970858,0.0
28,1,0.041696840476277176,0.0016339876591201904,0.0,0.028924010755379155,0.0
28,2,0.049554786877966224,0.0012918068177687802,0.0,0.019114269384229256,0.0
28,3,0.05551599707953078,0.00018206317556803162,0.0,0.02039167306306643,0.0
28,4,0.055871499583465815,0.005685465441481109,0.0,0.017301523848342944,0.0
28,5,0.057013701708503256,0.001797506264783894,0.0,0.017950591137125424,0.0
28,6,0.06346545397285584,0.011263915014768875,9.509584938272087e-08,0.015866975975678693,0.0
28,7,0.053065988597243374,0.0012170062379678265,0.0,0.019795827449097348,0.0
28,8,0.0524605623955607,0.001143303407433451,0.0,0.02066724145316951,0.0
28,9,0.07837963633284133,0.0004425569089864308,0.0,0.017029114241847602,0.0
28,10,0.043598930542793825,0.0012347035552699678,0.0,0.03345578654420168,0.0
28,11,0.0596293826594918,0.0018436320030131132,0.0,0.017896679992061862,0.0
28,12,0.05796903059602178,1.9536514337269685e-05,0.0,0.019247624113501664,0.0
28,13,0.05687709783332326,0.002414737973673537,0.0,0.018003445055091778,0.0
28,14,0.056671571343497575,1.88102205747397e-11,0.0,0.021668376012027462,0.0
28,15,0.04552447176855006,8.331224292018293e-05,0.0,0.021662363748491297,0.0
28,16,0.04778679691318433,0.00014261443399100126,0.0,0.02108602027279171,0.0
28,17,0.04698770422223894,4.190193843308729e-05,0.0,0.025875506303642732,0.0
28,18,0.05493237946328856,3.476220405831082e-06,0.0,0.03327534660375911,0.0
28,19,0.052503314586483454,2.3795082210333303e-05,0.0,0.02568273229319968,0.0
28,20,0.04955002135850932,5.094183041427429e-06,0.0,0.02630199276693802,0.0
28,21,0.04879860217492665,6.405302866430587e-06,0.0,0.05505541483567437,0.0
28,22,0.04628167534284465,0.011950418743956881,0.0,0.015516105612312378,0.0
28,23,0.0554276119136629,6.211329378310011e-05,0.0,0.0252729613711423,0.0
29,0,0.04091088497501105,0.004787519882842115,0.0,0.025746106589970858,0.0
29,1,0.041696840476277176,0.0016339876591201904,0.0,0.028924010755379155,0.0
29,2,0.049554786877966224,0.0012918068177687802,0.0,0.019114269384229256,0.0
29,3,0.05551599707953078,0.00018206317556803162,0.0,0.02039167306306643,0.0
29,4,0.055871499583465815,0.005685465441481109,0.0,0.017301523848342944,0.0
29,5,0.057013701708503256,0.001797506264783894,0.0,0.017950591137125424,0.0
29,6,0.06346545397285584,0.011263915014768875,9.509584938272087e-08,0.015866975975678693,0.0
29,7,0.053065988597243374,0.0012170062379678265,0.0,0.019795827449097348,0.0
29,8,0.0524605623955607,0.001143303407433451,0.0,0.02066724145316951,0.0
29,9,0.07837963633284133,0.0004425569089864308,0.0,0.017029114241847602,0.0
29,10,0.043598930542793825,0.0012347035552699678,0.0,0.03345578654420168,0.0
29,11,0.0596293826594918,0.0018436320030131132,0.0,0.017896679992061862,0.0
29,12,0.05796903059602178,1.9536514337269685e-05,0.0,0.019247624113501664,0.0
29,13,0.05687709783332326,0.002414737973673537,0.0,0.018003445055091778,0.0
29,14,0.056671571343497575,1.88102205747397e-11,0.0,0.021668376012027462,0.0
29,15,0.04552447176855006,8.331224292018293e-05,0.0,0.021662363748491297,0.0
29,16,0.04778679691318433,0.00014261443399100126,0.0,0.02108602027279171,0.0
29,17,0.04698770422223894,4.190193843308729e-05,0.0,0.025875506303642732,0.0
29,18,0.05493237946328856,3.476220405831082e-06,0.0,0.03327534660375911,0.0
29,19,0.052503314586483454,2.3795082210333303e-05,0.0,0.02568273229319968,0.0
29,20,0.04955002135850932,5.094183041427429e-06,0.0,0.02630199276693802,0.0
29,21,0.04879860217492665,6.405302866430587e-06,0.0,0.05505541483567437,0.0
29,22,0.04628167534284465,0.011950418743956881,0.0,0.015516105612312378,0.0
29,23,0.05416221339713042,3.471772897106297e-05,0.0,0.0219565914415124,0.0
30,0,0.04091088497501105,0.004787519882842115,0.0,0.025746106589970858,0.0
30,1,0.041696840476277176,0.0016339876591201904,0.0,0.028924010755379155,0.0
30,2,0.049554786877966224,0.0012918068177687802,0.0,0.019114269384229256,0.0
30,3,0.05551599707953078,0.00018206317556803162,0.0,0.02039167306306643,0.0
30,4,0.055871499583465815,0.005685465441481109,0.0,0.017301523848342944,0.0
30,5,0.057013701708503256,0.001797506264783894,0.0,0.017950591137125424,0.0
30,6,0.06346545397285584,0.011263915014768875,9.509584938272087e-08,0.015866975975678693,0.0
30,7,0.053065988597243374,0.0012170062379678265,0.0,0.019795827449097348,0.0
30,8,0.0524605623955607,0.001143303407433451,0.0,0.02066724145316951,0.0
30,9,0.07837963633284133,0.0004425569089864308,0.0,0.017029114241847602,0.0
30,10,0.043598930542793825,0.0012347035552699678,0.0,0.03345578654420168,0.0
30,11,0.0596293826594918,0.0018436320030131132,0.0,0.017896679992061862,0.0
30,12,0.05796903059602178,1.9536514337269685e-05,0.0,0.019247624113501664,0.0
30,13,0.05687709783332326,0.002414737973673537,0.0,0.018003445055091778,0.0
30,14,0.056671571343497575,1.88102205747397e-11,0.0,0.021668376012027462,0.0
30,15,0.04552447176855006,8.331224292018293e-05,0.0,0.021662363748491297,0.0
30,16,0.04778679691318433,0.00014261443399100126,0.0,0.02108602027279171,0.0
30,17,0.04698770422223894,4.190193843308729e-05,0.0,0.025875506303642732,0.0
30,18,0.05493237946328856,3.476220405831082e-06,0.0,0.03327534660375911,0.0
30,19,0.052503314586483454,2.3795082210333303e-05,0.0,0.02568273229319968,0.0
30,20,0.04955002135850932,5.094183041427429e-06,0.0,0.02630199276693802,0.0
30,21,0.04879860217492665,6.405302866430587e-06,0.0,0.05505541483567437,0.0
30,22,0.04628167534284465,0.011950418743956881,0.0,0.015516105612312378,0.0
30,23,0.05416221339713042,3.471772897106297e-05,0.0,0.0219565914415124,0.0
31,0,0.04091088497501105,0.004787519882842115,0.0,0.025746106589970858,0.0
31,1,0.041696840476277176,0.0016339876591201904,0.0,0.028924010755379155,0.0
31,2,0.049554786877966224,0.0012918068177687802,0.0,0.019114269384229256,0.0
31,3,0.05551599707953078,0.00018206317556803162,0.0,0.02039167306306643,0.0
31,4,0.055871499583465815,0.005685465441481109,0.0,0.017301523848342944,0.0
31,5,0.057013701708503256,0.001797506264783894,0.0,0.017950591137125424,0.0
31,6,0.06346545397285584,0.011263915014768875,9.509584938272087e-08,0.015866975975678693,0.0
31,7,0.053065988597243374,0.0012170062379678265,0.0,0.019795827449097348,0.0
31,8,0.0524605623955607,0.001143303407433451,0.0,0.02066724145316951,0.0
31,9,0.07837963633284133,0.0004425569089864308,0.0,0.017029114241847602,0.0
31,10,0.043598930542793825,0.0012347035552699678,0.0,0.03345578654420168,0.0
31,11,0.0596293826594918,0.0018436320030131132,0.0,0.017896679992061862,0.0
31,12,0.05796903059602178,1.9536514337269685e-05,0.0,0.019247624113501664,0.0
31,13,0.056671571343497575,1.88102205747397e-11,0.0,0.021668376012027462,0.0
31,14,0.04552447176855006,8.331224292018293e-05,0.0,0.021662363748491297,0.0
31,15,0.04778679691318433,0.00014261443399100126,0.0,0.02108602027279171,0.0
31,16,0.04698770422223894,4.190193843308729e-05,0.0,0.025875506303642732,0.0
31,17,0.05493237946328856,3.476220405831082e-06,0.0,0.03327534660375911,0.0
31,18,0.052503314586483454,2.3795082210333303e-05,0.0,0.02568273229319968,0.0
31,19,0.04955002135850932,5.094183041427429e-06,0.0,0.02630199276693802,0.0
31,20,0.04879860217492665,6.405302866430587e-06,0.0,0.05505541483567437,0.0
31,21,0.04628167534284465,0.011950418743956881,0.0,0.015516105612312378,0.0
31,22,0.05416221339713042,3.471772897106297e-05,0.0,0.0219565914415124,0.0
31,23,0.04896759895578682,3.959838184869341e-05,0.0,0.031555448965412174,0.0
31,24,0.05673364056763464,0.0008583007381224935,0.0,0.01796723737455514,0.0
32,0,0.04091088497501105,0.004787519882842115,0.0,0.025746106589970858,0.0
32,1,0.041696840476277176,0.0016339876591201904,0.0,0.028924010755379155,0.0
32,2,0.049554786877966224,0.0012918068177687802,0.0,0.019114269384229256,0.0
32,3,0.05551599707953078,0.00018206317556803162,0.0,0.02039167306306643,0.0
32,4,0.055871499583465815,0.005685465441481109,0.0,0.017301523848342944,0.0
32,5,0.057013701708503256,0.001797506264783894,0.0,0.017950591137125424,0.0
32,6,0.06346545397285584,0.011263915014768875,9.509584938272087e-08,0.015866975975678693,0.0
32,7,0.053065988597243374,0.0012170062379678265,0.0,0.019795827449097348,0.0
32,8,0.0524605623955607,0.001143303407433451,0.0,0.02066724145316951,0.0
32,9,0.07837963633284133,0.0004425569089864308,0.0,0.017029114241847602,0.0
32,10,0.043598930542793825,0.0012347035552699678,0.0,0.03345578654420168,0.0
32,11,0.0596293826594918,0.0018436320030131132,0.0,0.017896679992061862,0.0
32,12,0.05796903059602178,1.9536514337269685e-05,0.0,0.019247624113501664,0.0
32,13,0.056671571343497575,1.88102205747397e-11,0.0,0.021668376012027462,0.0
32,14,0.04552447176855006,8.331224292018293e-05,0.0,0.021662363748491297,0.0
32,15,0.04778679691318433,0.00014261443399100126,0.0,0.02108602027279171,0.0
32,16,0.04698770422223894,4.190193843308729e-05,0.0,0.025875506303642732,0.0
32,17,0.05493237946328856,3.476220405831082e-06,0.0,0.03327534660375911,0.0
32,18,0.052503314586483454,2.3795082210333303e-05,0.0,0.02568273229319968,0.0
32,19,0.04955002135850932,5.094183041427429e-06,0.0,0.02630199276693802,0.0
32,20,0.04879860217492665,6.405302866430587e-06,0.0,0.05505541483567437,0.0
32,21,0.04628167534284465,0.011950418743956881,0.0,0.015516105612312378,0.0
32,22,0.05416221339713042,3.471772897106297e-05,0.0,0.0219565914415124,0.0
32,23,0.04896759895578682,3.959838184869341e-05,0.0,0.031555448965412174,0.0
32,24,0.05673364056763464,0.0008583007381224935,0.0,0.01796723737455514,0.0
32,25,0.044144979594710726,0.0036063713908461403,0.0,0.02087590244293864,0.0
33,0,0.04091088497501105,0.004787519882842115,0.0,0.025746106589970858,0.0
33,1,0.041696840476277176,0.0016339876591201904,0.0,0.028924010755379155,0.0
33,2,0.049554786877966224,0.0012918068177687802,0.0,0.019114269384229256,0.0
33,3,0.05551599707953078,0.00018206317556803162,0.0,0.02039167306306643,0.0
33,4,0.055871499583465815,0.005685465441481109,0.0,0.017301523848342944,0.0
33,5,0.057013701708503256,0.001797506264783894,0.0,0.017950591137125424,0.0
33,6,0.06346545397285584,0.011263915014768875,9.509584938272087e-08,0.015866975975678693,0.0
33,7,0.053065988597243374,0.0012170062379678265,0.0,0.019795827449097348,0.0
33,8,0.0524605623955607,0.001143303407433451,0.0,0.02066724145316951,0.0
33,9,0.07837963633284133,0.0004425569089864308,0.0,0.017029114241847602,0.0
33,10,0.043598930542793825,0.0012347035552699678,0.0,0.03345578654420168,0.0
33,11,0.0596293826594918,0.0018436320030131132,0.0,0.017896679992061862,0.0
33,12,0.05796903059602178,1.9536514337269685e-05,0.0,0.019247624113501664,0.0
33,13,0.056671571343497575,1.88102205747397e-11,0.0,0.021668376012027462,0.0
33,14,0.04552447176855006,8.331224292018293e-05,0.0,0.021662363748491297,0.0
33,15,0.04778679691318433,0.00014261443399100126,0.0,0.02108602027279171,0.0
33,16,0.04698770422223894,4.190193843308729e-05,0.0,0.025875506303642732,0.0
33,17,0.05493237946328856,3.476220405831082e-06,0.0,0.03327534660375911,0.0
33,18,0.052503314586483454,2.3795082210333303e-05,0.0,0.02568273229319968,0.0
33,19,0.04955002135850932,5.094183041427429e-06,0.0,0.02630199276693802,0.0
33,20,0.04879860217492665,6.405302866430587e-06,0.0,0.05505541483567437,0.0
33,21,0.04628167534284465,0.011950418743956881,0.0,0.015516105612312378,0.0
33,22,0.05416221339713042,3.471772897106297e-05,0.0,0.0219565914415124,0.0
33,23,0.04896759895578682,3.959838184869341e-05,0.0,0.031555448965412174,0.0
33,24,0.05673364056763464,0.0008583007381224935,0.0,0.01796723737455514,0.0
33,25,0.044144979594710726,0.0036063713908461403,0.0,0.02087590244293864,0.0
33,26,0.04911110827094808,2.4309154362878827e-05,0.0,0.023689437077415776,0.0
33,27,0.04446737811484164,0.0005896108890894713,6.80410605750497e-08,0.018811635537359903,0.0
33,28,0.05374487171968743,1.3151765327996222e-05,1.0201675775410124e-07,0.020083705826253066,0.0
34,0,0.04091088497501105,0.004787519882842115,0.0,0.025746106589970858,0.0
34,1,0.041696840476277176,0.0016339876591201904,0.0,0.028924010755379155,0.0
34,2,0.049554786877966224,0.0012918068177687802,0.0,0.019114269384229256,0.0
34,3,0.05551599707953078,0.00018206317556803162,0.0,0.02039167306306643,0.0
34,4,0.055871499583465815,0.005685465441481109,0.0,0.017301523848342944,0.0
34,5,0.057013701708503256,0.001797506264783894,0.0,0.017950591137125424,0.0
34,6,0.06346545397285584,0.011263915014768875,9.509584938272087e-08,0.015866975975678693,0.0
34,7,0.053065988597243374,0.0012170062379678265,0.0,0.019795827449097348,0.0
34,8,0.0524605623955607,0.001143303407433451,0.0,0.02066724145316951,0.0
34,9,0.07837963633284133,0.0004425569089864308,0.0,0.017029114241847602,0.0
34,10,0.043598930542793825,0.0012347035552699678,0.0,0.03345578654420168,0.0
34,11,0.0596293826594918,0.0018436320030131132,0.0,0.017896679992061862,0.0
34,12,0.05796903059602178,1.9536514337269685e-05,0.0,0.019247624113501664,0.0
34,13,0.056671571343497575,1.88102205747397e-11,0.0,0.021668376012027462,0.0
34,14,0.04552447176855006,8.331224292018293e-05,0.0,0.021662363748491297,0.0
34,15,0.04778679691318433,0.00014261443399100126,0.0,0.02108602027279171,0.0
34,16,0.04698770422223894,4.190193843308729e-05,0.0,0.025875506303642732,0.0
34,17,0.05493237946328856,3.476220405831082e-06,0.0,0.03327534660375911,0.0
34,18,0.052503314586483454,2.3795082210333303e-05,0.0,0.02568273229319968,0.0
34,19,0.04955002135850932,5.094183041427429e-06,0.0,0.02630199276693802,0.0
34,20,0.04879860217492665,6.405302866430587e-06,0.0,0.05505541483567437,0.0
34,21,0.04628167534284465,0.011950418743956881,0.0,0.015516105612312378,0.0
34,22,0.05416221339713042,3.471772897106297e-05,0.0,0.0219565914415124,0.0
34,23,0.04896759895578682,3.959838184869341e-05,0.0,0.031555448965412174,0.0
34,24,0.05673364056763464,0.0008583007381224935,0.0,0.01796723737455514,0.0
34,25,0.044144979594710726,0.0036063713908461403,0.0,0.02087590244293864,0.0
34,26,0.04911110827094808,2.4309154362878827e-05,0.0,0.023689437077415776,0.0
34,27,0.04446737811484164,0.0005896108890894713,6.80410605750497e-08,0.018811635537359903,0.0
34,28,0.05374487171968743,1.3151765327996222e-05,1.0201675775410124e-07,0.020083705826253066,0.0
34,29,0.04525795204968321,0.006728533104181578,0.0,0.01597363310312245,0.0
35,0,0.04091088497501105,0.004787519882842115,0.0,0.025746106589970858,0.0
35,1,0.041696840476277176,0.0016339876591201904,0.0,0.028924010755379155,0.0
35,2,0.049554786877966224,0.0012918068177687802,0.0,0.019114269384229256,0.0
35,3,0.05551599707953078,0.00018206317556803162,0.0,0.02039167306306643,0.0
35,4,0.055871499583465815,0.005685465441481109,0.0,0.017301523848342944,0.0
35,5,0.057013701708503256,0.001797506264783894,0.0,0.017950591137125424,0.0
35,6,0.06346545397285584,0.011263915014768875,9.509584938272087e-08,0.015866975975678693,0.0
35,7,0.053065988597243374,0.0012170062379678265,0.0,0.019795827449097348,0.0
35,8,0.0524605623955607,0.001143303407433451,0.0,0.02066724145316951,0.0
35,9,0.07837963633284133,0.0004425569089864308,0.0,0.017029114241847602,0.0
35,10,0.043598930542793825,0.0012347035552699678,0.0,0.03345578654420168,0.0
35,11,0.0596293826594918,0.0018436320030131132,0.0,0.017896679992061862,0.0
35,12,0.05796903059602178,1.9536514337269685e-05,0.0,0.019247624113501664,0.0
35,13,0.056671571343497575,1.88102205747397e-11,0.0,0.021668376012027462,0.0
35,14,0.04552447176855006,8.331224292018293e-05,0.0,0.021662363748491297,0.0
35,15,0.04778679691318433,0.00014261443399100126,0.0,0.02108602027279171,0.0
35,16,0.04698770422223894,4.190193843308729e-05,0.0,0.025875506303642732,0.0
35,17,0.05493237946328856,3.476220405831082e-06,0.0,0.03327534660375911,0.0
35,18,0.052503314586483454,2.3795082210333303e-05,0.0,0.02568273229319968,0.0
35,19,0.04955002135850932,5.094183041427429e-06,0.0,0.02630199276693802,0.0
35,20,0.04879860217492665,6.405302866430587e-06,0.0,0.05505541483567437,0.0
35,21,0.04628167534284465,0.011950418743956881,0.0,0.015516105612312378,0.0
35,22,0.05416221339713042,3.471772897106297e-05,0.0,0.0219565914415124,0.0
35,23,0.04896759895578682,3.959838184869341e-05,0.0,0.031555448965412174,0.0
35,24,0.05673364056763464,0.0008583007381224935,0.0,0.01796723737455514,0.0
35,25,0.044144979594710726,0.0036063713908461403,0.0,0.02087590244293864,0.0
35,26,0.04911110827094808,2.4309154362878827e-05,0.0,0.023689437077415776,0.0
35,27,0.04446737811484164,0.0005896108890894713,6.80410605750497e-08,0.018811635537359903,0.0
35,28,0.05374487171968743,1.3151765327996222e-05,1.0201675775410124e-07,0.020083705826253066,0.0
35,29,0.04525795204968321,0.006728533104181578,0.0,0.01597363310312245,0.0
35,30,0.05125557886247423,9.066023491150454e-06,8.004776715640607e-08,0.022239583645060186,0.0
36,0,0.04091088497501105,0.004787519882842115,0.0,0.025746106589970858,0.0
36,1,0.041696840476277176,0.0016339876591201904,0.0,0.028924010755379155,0.0
36,2,0.049554786877966224,0.0012918068177687802,0.0,0.019114269384229256,0.0
36,3,0.05551599707953078,0.00018206317556803162,0.0,0.02039167306306643,0.0
36,4,0.055871499583465815,0.005685465441481109,0.0,0.017301523848342944,0.0
36,5,0.057013701708503256,0.001797506264783894,0.0,0.017950591137125424,0.0
36,6,0.06346545397285584,0.011263915014768875,9.509584938272087e-08,0.015866975975678693,0.0
36,7,0.053065988597243374,0.0012170062379678265,0.0,0.019795827449097348,0.0
36,8,0.0524605623955607,0.001143303407433451,0.0,0.02066724145316951,0.0
36,9,0.07837963633284133,0.0004425569089864308,0.0,0.017029114241847602,0.0
36,10,0.043598930542793825,0.0012347035552699678,0.0,0.03345578654420168,0.0
36,11,0.0596293826594918,0.0018436320030131132,0.0,0.017896679992061862,0.0
36,12,0.05796903059602178,1.9536514337269685e-05,0.0,0.019247624113501664,0.0
36,13,0.056671571343497575,1.88102205747397e-11,0.0,0.021668376012027462,0.0
36,14,0.04552447176855006,8.331224292018293e-05,0.0,0.021662363748491297,0.0
36,15,0.04778679691318433,0.00014261443399100126,0.0,0.02108602027279171,0.0
36,16,0.04698770422223894,4.190193843308729e-05,0.0,0.025875506303642732,0.0
36,17,0.052503314586483454,2.3795082210333303e-05,0.0,0.02568273229319968,0.0
36,18,0.04955002135850932,5.094183041427429e-06,0.0,0.02630199276693802,0.0
36,19,0.04628167534284465,0.011950418743956881,0.0,0.015516105612312378,0.0
36,20,0.05416221339713042,3.471772897106297e-05,0.0,0.0219565914415124,0.0
36,21,0.05673364056763464,0.0008583007381224935,0.0,0.01796723737455514,0.0
36,22,0.044144979594710726,0.0036063713908461403,0.0,0.02087590244293864,0.0
36,23,0.04911110827094808,2.4309154362878827e-05,0.0,0.023689437077415776,0.0
36,24,0.04446737811484164,0.0005896108890894713,6.80410605750497e-08,0.018811635537359903,0.0
36,25,0.05374487171968743,1.3151765327996222e-05,1.0201675775410124e-07,0.020083705826253066,0.0
36,26,0.04525795204968321,0.006728533104181578,0.0,0.01597363310312245,0.0
36,27,0.05125557886247423,9.066023491150454e-06,8.004776715640607e-08,0.022239583645060186,0.0
36,28,0.04752386134724937,4.5814812018468025e-07,0.0,0.03027880997008512,0.0
37,0,0.04091088497501105,0.004787519882842115,0.0,0.025746106589970858,0.0
37,1,0.041696840476277176,0.0016339876591201904,0.0,0.028924010755379155,0.0
37,2,0.049554786877966224,0.0012918068177687802,0.0,0.019114269384229256,0.0
37,3,0.05551599707953078,0.00018206317556803162,0.0,0.02039167306306643,0.0
37,4,0.055871499583465815,0.005685465441481109,0.0,0.017301523848342944,0.0
37,5,0.057013701708503256,0.001797506264783894,0.0,0.017950591137125424,0.0
37,6,0.06346545397285584,0.011263915014768875,9.509584938272087e-08,0.015866975975678693,0.0
37,7,0.053065988597243374,0.0012170062379678265,0.0,0.019795827449097348,0.0
37,8,0.0524605623955607,0.001143303407433451,0.0,0.02066724145316951,0.0
37,9,0.07837963633284133,0.0004425569089864308,0.0,0.017029114241847602,0.0
37,10,0.043598930542793825,0.0012347035552699678,0.0,0.03345578654420168,0.0
37,11,0.0596293826594918,0.0018436320030131132,0.0,0.017896679992061862,0.0
37,12,0.05796903059602178,1.9536514337269685e-05,0.0,0.019247624113501664,0.0
37,13,0.056671571343497575,1.88102205747397e-11,0.0,0.021668376012027462,0.0
37,14,0.04552447176855006,8.331224292018293e-05,0.0,0.021662363748491297,0.0
37,15,0.04778679691318433,0.00014261443399100126,0.0,0.02108602027279171,0.0
37,16,0.04698770422223894,4.190193843308729e-05,0.0,0.025875506303642732,0.0
37,17,0.052503314586483454,2.3795082210333303e-05,0.0,0.02568273229319968,0.0
37,18,0.04955002135850932,5.094183041427429e-06,0.0,0.02630199276693802,0.0
37,19,0.04628167534284465,0.011950418743956881,0.0,0.015516105612312378,0.0
37,20,0.05416221339713042,3.471772897106297e-05,0.0,0.0219565914415124,0.0
37,21,0.05673364056763464,0.0008583007381224935,0.0,0.01796723737455514,0.0
37,22,0.044144979594710726,0.0036063713908461403,0.0,0.02087590244293864,0.0
37,23,0.04911110827094808,2.4309154362878827e-05,0.0,0.023689437077415776,0.0
37,24,0.04446737811484164,0.0005896108890894713,6.80410605750497e-08,0.018811635537359903,0.0
37,25,0.05374487171968743,1.3151765327996222e-05,1.0201675775410124e-07,0.020083705826253066,0.0
37,26,0.04525795204968321,0.006728533104181578,0.0,0.01597363310312245,0.0
37,27,0.05125557886247423,9.066023491150454e-06,8.004776715640607e-08,0.022239583645060186,0.0
37,28,0.04752386134724937,4.5814812018468025e-07,0.0,0.03027880997008512,0.0
37,29,0.05602347291254514,1.7276656961191276e-06,0.0,0.026648421800677603,0.0
38,0,0.04091088497501105,0.004787519882842115,0.0,0.025746106589970858,0.0
38,1,0.041696840476277176,0.0016339876591201904,0.0,0.028924010755379155,0.0
38,2,0.049554786877966224,0.0012918068177687802,0.0,0.019114269384229256,0.0
38,3,0.05551599707953078,0.00018206317556803162,0.0,0.02039167306306643,0.0
38,4,0.055871499583465815,0.005685465441481109,0.0,0.017301523848342944,0.0
38,5,0.057013701708503256,0.001797506264783894,0.0,0.017950591137125424,0.0
38,6,0.06346545397285584,0.011263915014768875,9.509584938272087e-08,0.015866975975678693,0.0
38,7,0.053065988597243374,0.0012170062379678265,0.0,0.019795827449097348,0.0
38,8,0.0524605623955607,0.001143303407433451,0.0,0.02066724145316951,0.0
38,9,0.07837963633284133,0.0004425569089864308,0.0,0.017029114241847602,0.0
38,10,0.043598930542793825,0.0012347035552699678,0.0,0.03345578654420168,0.0
38,11,0.0596293826594918,0.0018436320030131132,0.0,0.017896679992061862,0.0
38,12,0.05796903059602178,1.9536514337269685e-05,0.0,0.019247624113501664,0.0
38,13,0.056671571343497575,1.88102205747397e-11,0.0,0.021668376012027462,0.0
38,14,0.04552447176855006,8.331224292018293e-05,0.0,0.021662363748491297,0.0
38,15,0.04778679691318433,0.00014261443399100126,0.0,0.02108602027279171,0.0
38,16,0.04698770422223894,4.190193843308729e-05,0.0,0.025875506303642732,0.0
38,17,0.052503314586483454,2.3795082210333303e-05,0.0,0.02568273229319968,0.0
38,18,0.04955002135850932,5.094183041427429e-06,0.0,0.02630199276693802,0.0
38,19,0.04628167534284465,0.011950418743956881,0.0,0.015516105612312378,0.0
38,20,0.05416221339713042,3.471772897106297e-05,0.0,0.0219565914415124,0.0
38,21,0.05673364056763464,0.0008583007381224935,0.0,0.01796723737455514,0.0
38,22,0.044144979594710726,0.0036063713908461403,0.0,0.02087590244293864,0.0
38,23,0.04911110827094808,2.4309154362878827e-05,0.0,0.023689437077415776,0.0
38,24,0.04446737811484164,0.0005896108890894713,6.80410605750497e-08,0.018811635537359903,0.0
38,25,0.05374487171968743,1.3151765327996222e-05,1.0201675775410124e-07,0.020083705826253066,0.0
38,26,0.04525795204968321,0.006728533104181578,0.0,0.01597363310312245,0.0
38,27,0.05125557886247423,9.066023491150454e-06,8.004776715640607e-08,0.022239583645060186,0.0
38,28,0.04752386134724937,4.5814812018468025e-07,0.0,0.03027880997008512,0.0
38,29,0.05602347291254514,1.7276656961191276e-06,0.0,0.026648421800677603,0.0
38,30,0.04073821425995484,0.005000575253144849,0.0,0.0249569764418539,0.0
39,0,0.04091088497501105,0.004787519882842115,0.0,0.025746106589970858,0.0
39,1,0.041696840476277176,0.0016339876591201904,0.0,0.028924010755379155,0.0
39,2,0.049554786877966224,0.0012918068177687802,0.0,0.019114269384229256,0.0
39,3,0.05551599707953078,0.00018206317556803162,0.0,0.02039167306306643,0.0
39,4,0.055871499583465815,0.005685465441481109,0.0,0.017301523848342944,0.0
39,5,0.057013701708503256,0.001797506264783894,0.0,0.017950591137125424,0.0
39,6,0.06346545397285584,0.011263915014768875,9.509584938272087e-08,0.015866975975678693,0.0
39,7,0.053065988597243374,0.0012170062379678265,0.0,0.019795827449097348,0.0
39,8,0.0524605623955607,0.001143303407433451,0.0,0.02066724145316951,0.0
39,9,0.07837963633284133,0.0004425569089864308,0.0,0.017029114241847602,0.0
39,10,0.043598930542793825,0.0012347035552699678,0.0,0.03345578654420168,0.0
39,11,0.0596293826594918,0.0018436320030131132,0.0,0.017896679992061862,0.0
39,12,0.05796903059602178,1.9536514337269685e-05,0.0,0.019247624113501664,0.0
39,13,0.056671571343497575,1.88102205747397e-11,0.0,0.021668376012027462,0.0
39,14,0.04552447176855006,8.331224292018293e-05,0.0,0.021662363748491297,0.0
39,15,0.04778679691318433,0.00014261443399100126,0.0,0.02108602027279171,0.0
39,16,0.04698770422223894,4.190193843308729e-05,0.0,0.025875506303642732,0.0
39,17,0.052503314586483454,2.3795082210333303e-05,0.0,0.02568273229319968,0.0
39,18,0.04955002135850932,5.094183041427429e-06,0.0,0.02630199276693802,0.0
39,19,0.04628167534284465,0.011950418743956881,0.0,0.015516105612312378,0.0
39,20,0.05416221339713042,3.471772897106297e-05,0.0,0.0219565914415124,0.0
39,21,0.05673364056763464,0.0008583007381224935,0.0,0.01796723737455514,0.0
39,22,0.044144979594710726,0.0036063713908461403,0.0,0.02087590244293864,0.0
39,23,0.04911110827094808,2.4309154362878827e-05,0.0,0.023689437077415776,0.0
39,24,0.04446737811484164,0.0005896108890894713,6.80410605750497e-08,0.018811635537359903,0.0
39,25,0.05374487171968743,1.3151765327996222e-05,1.0201675775410124e-07,0.020083705826253066,0.0
39,26,0.04525795204968321,0.006728533104181578,0.0,0.01597363310312245,0.0
39,27,0.05125557886247423,9.066023491150454e-06,8.004776715640607e-08,0.022239583645060186,0.0
39,28,0.04752386134724937,4.5814812018468025e-07,0.0,0.03027880997008512,0.0
39,29,0.05602347291254514,1.7276656961191276e-06,0.0,0.026648421800677603,0.0
39,30,0.04073821425995484,0.005000575253144849,0.0,0.0249569764418539,0.0
39,31,0.05563928234462644,3.2253426860244525e-06,0.0,0.02316866596694763,0.0
40,0,0.04091088497501105,0.004787519882842115,0.0,0.025746106589970858,0.0
40,1,0.041696840476277176,0.0016339876591201904,0.0,0.028924010755379155,0.0
40,2,0.049554786877966224,0.0012918068177687802,0.0,0.019114269384229256,0.0
40,3,0.05551599707953078,0.00018206317556803162,0.0,0.02039167306306643,0.0
40,4,0.055871499583465815,0.005685465441481109,0.0,0.017301523848342944,0.0
40,5,0.057013701708503256,0.001797506264783894,0.0,0.017950591137125424,0.0
40,6,0.06346545397285584,0.011263915014768875,9.509584938272087e-08,0.015866975975678693,0.0
40,7,0.053065988597243374,0.0012170062379678265,0.0,0.019795827449097348,0.0
40,8,0.0524605623955607,0.001143303407433451,0.0,0.02066724145316951,0.0
40,9,0.07837963633284133,0.0004425569089864308,0.0,0.017029114241847602,0.0
40,10,0.043598930542793825,0.0012347035552699678,0.0,0.03345578654420168,0.0
40,11,0.0596293826594918,0.0018436320030131132,0.0,0.017896679992061862,0.0
40,12,0.05796903059602178,1.9536514337269685e-05,0.0,0.019247624113501664,0.0
40,13,0.056671571343497575,1.88102205747397e-11,0.0,0.021668376012027462,0.0
40,14,0.04552447176855006,8.331224292018293e-05,0.0,0.021662363748491297,0.0
40,15,0.04778679691318433,0.00014261443399100126,0.0,0.02108602027279171,0.0
40,16,0.04698770422223894,4.190193843308729e-05,0.0,0.025875506303642732,0.0
40,17,0.052503314586483454,2.3795082210333303e-05,0.0,0.02568273229319968,0.0
40,18,0.04955002135850932,5.094183041427429e-06,0.0,0.02630199276693802,0.0
40,19,0.04628167534284465,0.011950418743956881,0.0,0.015516105612312378,0.0
40,20,0.05416221339713042,3.471772897106297e-05,0.0,0.0219565914415124,0.0
40,21,0.05673364056763464,0.0008583007381224935,0.0,0.01796723737455514,0.0
40,22,0.044144979594710726,0.0036063713908461403,0.0,0.02087590244293864,0.0
40,23,0.04911110827094808,2.4309154362878827e-05,0.0,0.023689437077415776,0.0
40,24,0.04446737811484164,0.0005896108890894713,6.80410605750497e-08,0.018811635537359903,0.0
40,25,0.05374487171968743,1.3151765327996222e-05,1.0201675775410124e-07,0.020083705826253066,0.0
40,26,0.04525795204968321,0.006728533104181578,0.0,0.01597363310312245,0.0
40,27,0.05125557886247423,9.066023491150454e-06,8.004776715640607e-08,0.022239583645060186,0.0
40,28,0.04752386134724937,4.5814812018468025e-07,0.0,0.03027880997008512,0.0
40,29,0.05602347291254514,1.7276656961191276e-06,0.0,0.026648421800677603,0.0
40,30,0.04073821425995484,0.005000575253144849,0.0,0.0249569764418539,0.0
40,31,0.05563928234462644,3.2253426860244525e-06,0.0,0.02316866596694763,0.0
41,0,0.04091088497501105,0.004787519882842115,0.0,0.025746106589970858,0.0
41,1,0.041696840476277176,0.0016339876591201904,0.0,0.028924010755379155,0.0
41,2,0.049554786877966224,0.0012918068177687802,0.0,0.019114269384229256,0.0
41,3,0.05551599707953078,0.00018206317556803162,0.0,0.02039167306306643,0.0
41,4,0.055871499583465815,0.005685465441481109,0.0,0.017301523848342944,0.0
41,5,0.057013701708503256,0.001797506264783894,0.0,0.017950591137125424,0.0
41,6,0.06346545397285584,0.011263915014768875,9.509584938272087e-08,0.015866975975678693,0.0
41,7,0.053065988597243374,0.0012170062379678265,0.0,0.019795827449097348,0.0
41,8,0.0524605623955607,0.001143303407433451,0.0,0.02066724145316951,0.0
41,9,0.07837963633284133,0.0004425569089864308,0.0,0.017029114241847602,0.0
41,10,0.043598930542793825,0.0012347035552699678,0.0,0.03345578654420168,0.0
41,11,0.0596293826594918,0.0018436320030131132,0.0,0.017896679992061862,0.0
41,12,0.05796903059602178,1.9536514337269685e-05,0.0,0.019247624113501664,0.0
41,13,0.056671571343497575,1.88102205747397e-11,0.0,0.021668376012027462,0.0
41,14,0.04552447176855006,8.331224292018293e-05,0.0,0.021662363748491297,0.0
41,15,0.04778679691318433,0.00014261443399100126,0.0,0.02108602027279171,0.0
41,16,0.04698770422223894,4.190193843308729e-05,0.0,0.025875506303642732,0.0
41,17,0.052503314586483454,2.3795082210333303e-05,0.0,0.02568273229319968,0.0
41,18,0.04955002135850932,5.094183041427429e-06,0.0,0.02630199276693802,0.0
41,19,0.04628167534284465,0.011950418743956881,0.0,0.015516105612312378,0.0
41,20,0.05416221339713042,3.471772897106297e-05,0.0,0.0219565914415124,0.0
41,21,0.05673364056763464,0.0008583007381224935,0.0,0.01796723737455514,0.0
41,22,0.044144979594710726,0.0036063713908461403,0.0,0.02087590244293864,0.0
41,23,0.04911110827094808,2.4309154362878827e-05,0.0,0.023689437077415776,0.0
41,24,0.04446737811484164,0.0005896108890894713,6.80410605750497e-08,0.018811635537359903,0.0
41,25,0.05374487171968743,1.3151765327996222e-05,1.0201675775410124e-07,0.020083705826253066,0.0
41,26,0.04525795204968321,0.006728533104181578,0.0,0.01597363310312245,0.0
41,27,0.05125557886247423,9.066023491150454e-06,8.004776715640607e-08,0.022239583645060186,0.0
41,28,0.04752386134724937,4.5814812018468025e-07,0.0,0.03027880997008512,0.0
41,29,0.05602347291254514,1.7276656961191276e-06,0.0,0.026648421800677603,0.0
41,30,0.04073821425995484,0.005000575253144849,0.0,0.0249569764418539,0.0
41,31,0.05563928234462644,3.2253426860244525e-06,0.0,0.02316866596694763,0.0
41,32,0.06129002815145231,0.00080132972211044,0.0,0.017812615333496762,0.0
42,0,0.04091088497501105,0.004787519882842115,0.0,0.025746106589970858,0.0
42,1,0.041696840476277176,0.0016339876591201904,0.0,0.028924010755379155,0.0
42,2,0.049554786877966224,0.0012918068177687802,0.0,0.019114269384229256,0.0
42,3,0.05551599707953078,0.00018206317556803162,0.0,0.02039167306306643,0.0
42,4,0.055871499583465815,0.005685465441481109,0.0,0.017301523848342944,0.0
42,5,0.057013701708503256,0.001797506264783894,0.0,0.017950591137125424,0.0
42,6,0.06346545397285584,0.011263915014768875,9.509584938272087e-08,0.015866975975678693,0.0
42,7,0.053065988597243374,0.0012170062379678265,0.0,0.019795827449097348,0.0
42,8,0.0524605623955607,0.001143303407433451,0.0,0.02066724145316951,0.0
42,9,0.07837963633284133,0.0004425569089864308,0.0,0.017029114241847602,0.0
42,10,0.043598930542793825,0.0012347035552699678,0.0,0.03345578654420168,0.0
42,11,0.0596293826594918,0.0018436320030131132,0.0,0.017896679992061862,0.0
42,12,0.05796903059602178,1.9536514337269685e-05,0.0,0.019247624113501664,0.0
42,13,0.056671571343497575,1.88102205747397e-11,0.0,0.021668376012027462,0.0
42,14,0.04552447176855006,8.331224292018293e-05,0.0,0.021662363748491297,0.0
42,15,0.04778679691318433,0.00014261443399100126,0.0,0.02108602027279171,0.0
42,16,0.04698770422223894,4.190193843308729e-05,0.0,0.025875506303642732,0.0
42,17,0.052503314586483454,2.3795082210333303e-05,0.0,0.02568273229319968,0.0
42,18,0.04955002135850932,5.094183041427429e-06,0.0,0.02630199276693802,0.0
42,19,0.04628167534284465,0.011950418743956881,0.0,0.015516105612312378,0.0
42,20,0.05416221339713042,3.471772897106297e-05,0.0,0.0219565914415124,0.0
42,21,0.05673364056763464,0.0008583007381224935,0.0,0.01796723737455514,0.0
42,22,0.044144979594710726,0.0036063713908461403,0.0,0.02087590244293864,0.0
42,23,0.04911110827094808,2.4309154362878827e-05,0.0,0.023689437077415776,0.0
42,24,0.04446737811484164,0.0005896108890894713,6.80410605750497e-08,0.018811635537359903,0.0
42,25,0.05374487171968743,1.3151765327996222e-05,1.0201675775410124e-07,0.020083705826253066,0.0
42,26,0.04525795204968321,0.006728533104181578,0.0,0.01597363310312245,0.0
42,27,0.05125557886247423,9.066023491150454e-06,8.004776715640607e-08,0.022239583645060186,0.0
42,28,0.04752386134724937,4.5814812018468025e-07,0.0,0.03027880997008512,0.0
42,29,0.05602347291254514,1.7276656961191276e-06,0.0,0.026648421800677603,0.0
42,30,0.04073821425995484,0.005000575253144849,0.0,0.0249569764418539,0.0
42,31,0.05563928234462644,3.2253426860244525e-06,0.0,0.02316866596694763,0.0
42,32,0.06129002815145231,0.00080132972211044,0.0,0.017812615333496762,0.0
42,33,0.03918322895336786,0.00828258878487868,0.0,0.030337769207126174,0.0
43,0,0.04091088497501105,0.004787519882842115,0.0,0.025746106589970858,0.0
43,1,0.041696840476277176,0.0016339876591201904,0.0,0.028924010755379155,0.0
43,2,0.049554786877966224,0.0012918068177687802,0.0,0.019114269384229256,0.0
43,3,0.05551599707953078,0.00018206317556803162,0.0,0.02039167306306643,0.0
43,4,0.055871499583465815,0.005685465441481109,0.0,0.017301523848342944,0.0
43,5,0.057013701708503256,0.001797506264783894,0.0,0.017950591137125424,0.0
43,6,0.06346545397285584,0.011263915014768875,9.509584938272087e-08,0.015866975975678693,0.0
43,7,0.053065988597243374,0.0012170062379678265,0.0,0.019795827449097348,0.0
43,8,0.0524605623955607,0.001143303407433451,0.0,0.02066724145316951,0.0
43,9,0.07837963633284133,0.0004425569089864308,0.0,0.017029114241847602,0.0
43,10,0.043598930542793825,0.0012347035552699678,0.0,0.03345578654420168,0.0
43,11,0.0596293826594918,0.0018436320030131132,0.0,0.017896679992061862,0.0
43,12,0.05796903059602178,1.9536514337269685e-05,0.0,0.019247624113501664,0.0
43,13,0.056671571343497575,1.88102205747397e-11,0.0,0.021668376012027462,0.0
43,14,0.04552447176855006,8.331224292018293e-05,0.0,0.021662363748491297,0.0
43,15,0.04778679691318433,0.00014261443399100126,0.0,0.02108602027279171,0.0
43,16,0.04698770422223894,4.190193843308729e-05,0.0,0.025875506303642732,0.0
43,17,0.052503314586483454,2.3795082210333303e-05,0.0,0.02568273229319968,0.0
43,18,0.04955002135850932,5.094183041427429e-06,0.0,0.02630199276693802,0.0
43,19,0.04628167534284465,0.011950418743956881,0.0,0.015516105612312378,0.0
43,20,0.05416221339713042,3.471772897106297e-05,0.0,0.0219565914415124,0.0
43,21,0.05673364056763464,0.0008583007381224935,0.0,0.01796723737455514,0.0
43,22,0.044144979594710726,0.0036063713908461403,0.0,0.02087590244293864,0.0
43,23,0.04911110827094808,2.4309154362878827e-05,0.0,0.023689437077415776,0.0
43,24,0.04446737811484164,0.0005896108890894713,6.80410605750497e-08,0.018811635537359903,0.0
43,25,0.05374487171968743,1.3151765327996222e-05,1.0201675775410124e-07,0.020083705826253066,0.0
43,26,0.04525795204968321,0.006728533104181578,0.0,0.01597363310312245,0.0
43,27,0.05125557886247423,9.066023491150454e-06,8.004776715640607e-08,0.022239583645060186,0.0
43,28,0.04752386134724937,4.5814812018468025e-07,0.0,0.03027880997008512,0.0
43,29,0.05602347291254514,1.7276656961191276e-06,0.0,0.026648421800677603,0.0
43,30,0.04073821425995484,0.005000575253144849,0.0,0.0249569764418539,0.0
43,31,0.05563928234462644,3.2253426860244525e-06,0.0,0.02316866596694763,0.0
43,32,0.06129002815145231,0.00080132972211044,0.0,0.017812615333496762,0.0
43,33,0.03918322895336786,0.00828258878487868,0.0,0.030337769207126174,0.0
44,0,0.04091088497501105,0.004787519882842115,0.0,0.025746106589970858,0.0
44,1,0.041696840476277176,0.0016339876591201904,0.0,0.028924010755379155,0.0
44,2,0.049554786877966224,0.0012918068177687802,0.0,0.019114269384229256,0.0
44,3,0.05551599707953078,0.00018206317556803162,0.0,0.02039167306306643,0.0
44,4,0.055871499583465815,0.005685465441481109,0.0,0.017301523848342944,0.0
44,5,0.057013701708503256,0.001797506264783894,0.0,0.017950591137125424,0.0
44,6,0.06346545397285584,0.011263915014768875,9.509584938272087e-08,0.015866975975678693,0.0
44,7,0.053065988597243374,0.0012170062379678265,0.0,0.019795827449097348,0.0
44,8,0.0524605623955607,0.001143303407433451,0.0,0.02066724145316951,0.0
44,9,0.07837963633284133,0.0004425569089864308,0.0,0.017029114241847602,0.0
44,10,0.043598930542793825,0.0012347035552699678,0.0,0.03345578654420168,0.0
44,11,0.0596293826594918,0.0018436320030131132,0.0,0.017896679992061862,0.0
44,12,0.05796903059602178,1.9536514337269685e-05,0.0,0.019247624113501664,0.0
44,13,0.056671571343497575,1.88102205747397e-11,0.0,0.021668376012027462,0.0
44,14,0.04552447176855006,8.331224292018293e-05,0.0,0.021662363748491297,0.0
44,15,0.04778679691318433,0.00014261443399100126,0.0,0.02108602027279171,0.0
44,16,0.04698770422223894,4.190193843308729e-05,0.0,0.025875506303642732,0.0
44,17,0.052503314586483454,2.3795082210333303e-05,0.0,0.02568273229319968,0.0
44,18,0.04955002135850932,5.094183041427429e-06,0.0,0.02630199276693802,0.0
44,19,0.04628167534284465,0.011950418743956881,0.0,0.015516105612312378,0.0
44,20,0.05416221339713042,3.471772897106297e-05,0.0,0.0219565914415124,0.0
44,21,0.05673364056763464,0.0008583007381224935,0.0,0.01796723737455514,0.0
44,22,0.044144979594710726,0.0036063713908461403,0.0,0.02087590244293864,0.0
44,23,0.04911110827094808,2.4309154362878827e-05,0.0,0.023689437077415776,0.0
44,24,0.04446737811484164,0.0005896108890894713,6.80410605750497e-08,0.018811635537359903,0.0
44,25,0.05374487171968743,1.3151765327996222e-05,1.0201675775410124e-07,0.020083705826253066,0.0
44,26,0.04525795204968321,0.006728533104181578,0.0,0.01597363310312245,0.0
44,27,0.05125557886247423,9.066023491150454e-06,8.004776715640607e-08,0.022239583645060186,0.0
44,28,0.04752386134724937,4.5814812018468025e-07,0.0,0.03027880997008512,0.0
44,29,0.05602347291254514,1.7276656961191276e-06,0.0,0.026648421800677603,0.0
44,30,0.04073821425995484,0.005000575253144849,0.0,0.0249569764418539,0.0
44,31,0.05563928234462644,3.2253426860244525e-06,0.0,0.02316866596694763,0.0
44,32,0.06129002815145231,0.00080132972211044,0.0,0.017812615333496762,0.0
44,33,0.03918322895336786,0.00828258878487868,0.0,0.030337769207126174,0.0
44,34,0.044012834128324574,0.0004130231025374828,0.0,0.030761926231155368,0.0
44,35,0.05407471413337538,3.523467550752387e-05,0.0,0.02337416010595259,0.0
44,36,0.04523660729979171,0.004560034797520793,0.0,0.02060142306022031,0.0
45,0,0.04091088497501105,0.004787519882842115,0.0,0.025746106589970858,0.0
45,1,0.041696840476277176,0.0016339876591201904,0.0,0.028924010755379155,0.0
45,2,0.049554786877966224,0.0012918068177687802,0.0,0.019114269384229256,0.0
45,3,0.05551599707953078,0.00018206317556803162,0.0,0.02039167306306643,0.0
45,4,0.055871499583465815,0.005685465441481109,0.0,0.017301523848342944,0.0
45,5,0.057013701708503256,0.001797506264783894,0.0,0.017950591137125424,0.0
45,6,0.06346545397285584,0.011263915014768875,9.509584938272087e-08,0.015866975975678693,0.0
45,7,0.053065988597243374,0.0012170062379678265,0.0,0.019795827449097348,0.0
45,8,0.0524605623955607,0.001143303407433451,0.0,0.02066724145316951,0.0
45,9,0.07837963633284133,0.0004425569089864308,0.0,0.017029114241847602,0.0
45,10,0.043598930542793825,0.0012347035552699678,0.0,0.03345578654420168,0.0
45,11,0.0596293826594918,0.0018436320030131132,0.0,0.017896679992061862,0.0
45,12,0.05796903059602178,1.9536514337269685e-05,0.0,0.019247624113501664,0.0
45,13,0.056671571343497575,1.88102205747397e-11,0.0,0.021668376012027462,0.0
45,14,0.04552447176855006,8.331224292018293e-05,0.0,0.021662363748491297,0.0
45,15,0.04778679691318433,0.00014261443399100126,0.0,0.02108602027279171,0.0
45,16,0.04698770422223894,4.190193843308729e-05,0.0,0.025875506303642732,0.0
45,17,0.052503314586483454,2.3795082210333303e-05,0.0,0.02568273229319968,0.0
45,18,0.04955002135850932,5.094183041427429e-06,0.0,0.02630199276693802,0.0
45,19,0.04628167534284465,0.011950418743956881,0.0,0.015516105612312378,0.0
45,20,0.05416221339713042,3.471772897106297e-05,0.0,0.0219565914415124,0.0
45,21,0.05673364056763464,0.0008583007381224935,0.0,0.01796723737455514,0.0
45,22,0.044144979594710726,0.0036063713908461403,0.0,0.02087590244293864,0.0
45,23,0.04911110827094808,2.4309154362878827e-05,0.0,0.023689437077415776,0.0
45,24,0.04446737811484164,0.0005896108890894713,6.80410605750497e-08,0.018811635537359903,0.0
45,25,0.05374487171968743,1.3151765327996222e-05,1.0201675775410124e-07,0.020083705826253066,0.0
45,26,0.04525795204968321,0.006728533104181578,0.0,0.01597363310312245,0.0
45,27,0.05125557886247423,9.066023491150454e-06,8.004776715640607e-08,0.022239583645060186,0.0
45,28,0.04752386134724937,4.5814812018468025e-07,0.0,0.03027880997008512,0.0
45,29,0.05602347291254514,1.7276656961191276e-06,0.0,0.026648421800677603,0.0
45,30,0.04073821425995484,0.005000575253144849,0.0,0.0249569764418539,0.0
45,31,0.05563928234462644,3.2253426860244525e-06,0.0,0.02316866596694763,0.0
45,32,0.06129002815145231,0.00080132972211044,0.0,0.017812615333496762,0.0
45,33,0.03918322895336786,0.00828258878487868,0.0,0.030337769207126174,0.0
45,34,0.044012834128324574,0.0004130231025374828,0.0,0.030761926231155368,0.0
45,35,0.05407471413337538,3.523467550752387e-05,0.0,0.02337416010595259,0.0
45,36,0.04523660729979171,0.004560034797520793,0.0,0.02060142306022031,0.0
45,37,0.04434332037973947,0.011022429064616833,0.0,0.02047590941193226,0.0
45,38,0.04079903989857175,0.0038901942974398974,0.0,0.04311559095067331,0.0
46,0,0.04091088497501105,0.004787519882842115,0.0,0.025746106589970858,0.0
46,1,0.041696840476277176,0.0016339876591201904,0.0,0.028924010755379155,0.0
46,2,0.049554786877966224,0.0012918068177687802,0.0,0.019114269384229256,0.0
46,3,0.05551599707953078,0.00018206317556803162,0.0,0.02039167306306643,0.0
46,4,0.055871499583465815,0.005685465441481109,0.0,0.017301523848342944,0.0
46,5,0.057013701708503256,0.001797506264783894,0.0,0.017950591137125424,0.0
46,6,0.06346545397285584,0.011263915014768875,9.509584938272087e-08,0.015866975975678693,0.0
46,7,0.053065988597243374,0.0012170062379678265,0.0,0.019795827449097348,0.0
46,8,0.0524605623955607,0.001143303407433451,0.0,0.02066724145316951,0.0
46,9,0.07837963633284133,0.0004425569089864308,0.0,0.017029114241847602,0.0
46,10,0.043598930542793825,0.0012347035552699678,0.0,0.03345578654420168,0.0
46,11,0.0596293826594918,0.0018436320030131132,0.0,0.017896679992061862,0.0
46,12,0.05796903059602178,1.9536514337269685e-05,0.0,0.019247624113501664,0.0
46,13,0.056671571343497575,1.88102205747397e-11,0.0,0.021668376012027462,0.0
46,14,0.04552447176855006,8.331224292018293e-05,0.0,0.021662363748491297,0.0
46,15,0.04778679691318433,0.00014261443399100126,0.0,0.02108602027279171,0.0
46,16,0.04698770422223894,4.190193843308729e-05,0.0,0.025875506303642732,0.0
46,17,0.052503314586483454,2.3795082210333303e-05,0.0,0.02568273229319968,0.0
46,18,0.04955002135850932,5.094183041427429e-06,0.0,0.02630199276693802,0.0
46,19,0.04628167534284465,0.011950418743956881,0.0,0.015516105612312378,0.0
46,20,0.05416221339713042,3.471772897106297e-05,0.0,0.0219565914415124,0.0
46,21,0.05673364056763464,0.0008583007381224935,0.0,0.01796723737455514,0.0
46,22,0.044144979594710726,0.0036063713908461403,0.0,0.02087590244293864,0.0
46,23,0.04911110827094808,2.4309154362878827e-05,0.0,0.023689437077415776,0.0
46,24,0.04446737811484164,0.0005896108890894713,6.80410605750497e-08,0.018811635537359903,0.0
46,25,0.05374487171968743,1.3151765327996222e-05,1.0201675775410124e-07,0.020083705826253066,0.0
46,26,0.04525795204968321,0.006728533104181578,0.0,0.01597363310312245,0.0
46,27,0.05125557886247423,9.066023491150454e-06,8.004776715640607e-08,0.022239583645060186,0.0
46,28,0.04752386134724937,4.5814812018468025e-07,0.0,0.03027880997008512,0.0
46,29,0.05602347291254514,1.7276656961191276e-06,0.0,0.026648421800677603,0.0
46,30,0.04073821425995484,0.005000575253144849,0.0,0.0249569764418539,0.0
46,31,0.05563928234462644,3.2253426860244525e-06,0.0,0.02316866596694763,0.0
46,32,0.06129002815145231,0.00080132972211044,0.0,0.017812615333496762,0.0
46,33,0.03918322895336786,0.00828258878487868,0.0,0.030337769207126174,0.0
46,34,0.044012834128324574,0.0004130231025374828,0.0,0.030761926231155368,0.0
46,35,0.05407471413337538,3.523467550752387e-05,0.0,0.02337416010595259,0.0
46,36,0.04523660729979171,0.004560034797520793,0.0,0.02060142306022031,0.0
46,37,0.04434332037973947,0.011022429064616833,0.0,0.02047590941193226,0.0
46,38,0.04079903989857175,0.0038901942974398974,0.0,0.04311559095067331,0.0
47,0,0.04091088497501105,0.004787519882842115,0.0,0.025746106589970858,0.0
47,1,0.041696840476277176,0.0016339876591201904,0.0,0.028924010755379155,0.0
47,2,0.049554786877966224,0.0012918068177687802,0.0,0.019114269384229256,0.0
47,3,0.05551599707953078,0.00018206317556803162,0.0,0.02039167306306643,0.0
47,4,0.055871499583465815,0.005685465441481109,0.0,0.017301523848342944,0.0
47,5,0.057013701708503256,0.001797506264783894,0.0,0.017950591137125424,0.0
47,6,0.06346545397285584,0.011263915014768875,9.509584938272087e-08,0.015866975975678693,0.0
47,7,0.053065988597243374,0.0012170062379678265,0.0,0.019795827449097348,0.0
47,8,0.0524605623955607,0.001143303407433451,0.0,0.02066724145316951,0.0
47,9,0.07837963633284133,0.0004425569089864308,0.0,0.017029114241847602,0.0
47,10,0.043598930542793825,0.0012347035552699678,0.0,0.03345578654420168,0.0
47,11,0.0596293826594918,0.0018436320030131132,0.0,0.017896679992061862,0.0
47,12,0.05796903059602178,1.9536514337269685e-05,0.0,0.019247624113501664,0.0
47,13,0.056671571343497575,1.88102205747397e-11,0.0,0.021668376012027462,0.0
47,14,0.04552447176855006,8.331224292018293e-05,0.0,0.021662363748491297,0.0
47,15,0.04778679691318433,0.00014261443399100126,0.0,0.02108602027279171,0.0
47,16,0.04698770422223894,4.190193843308729e-05,0.0,0.025875506303642732,0.0
47,17,0.052503314586483454,2.3795082210333303e-05,0.0,0.02568273229319968,0.0
47,18,0.04955002135850932,5.094183041427429e-06,0.0,0.02630199276693802,0.0
47,19,0.04628167534284465,0.011950418743956881,0.0,0.015516105612312378,0.0
47,20,0.05416221339713042,3.471772897106297e-05,0.0,0.0219565914415124,0.0
47,21,0.05673364056763464,0.0008583007381224935,0.0,0.01796723737455514,0.0
47,22,0.044144979594710726,0.0036063713908461403,0.0,0.02087590244293864,0.0
47,23,0.04911110827094808,2.4309154362878827e-05,0.0,0.023689437077415776,0.0
47,24,0.04446737811484164,0.0005896108890894713,6.80410605750497e-08,0.018811635537359903,0.0
47,25,0.05374487171968743,1.3151765327996222e-05,1.0201675775410124e-07,0.020083705826253066,0.0
47,26,0.04525795204968321,0.006728533104181578,0.0,0.01597363310312245,0.0
47,27,0.05125557886247423,9.066023491150454e-06,8.004776715640607e-08,0.022239583645060186,0.0
47,28,0.04752386134724937,4.5814812018468025e-07,0.0,0.03027880997008512,0.0
47,29,0.05602347291254514,1.7276656961191276e-06,0.0,0.026648421800677603,0.0
47,30,0.04073821425995484,0.005000575253144849,0.0,0.0249569764418539,0.0
47,31,0.05563928234462644,3.2253426860244525e-06,0.0,0.02316866596694763,0.0
47,32,0.06129002815145231,0.00080132972211044,0.0,0.017812615333496762,0.0
47,33,0.03918322895336786,0.00828258878487868,0.0,0.030337769207126174,0.0
47,34,0.044012834128324574,0.0004130231025374828,0.0,0.030761926231155368,0.0
47,35,0.05407471413337538,3.523467550752387e-05,0.0,0.02337416010595259,0.0
47,36,0.04523660729979171,0.004560034797520793,0.0,0.02060142306022031,0.0
47,37,0.04434332037973947,0.011022429064616833,0.0,0.02047590941193226,0.0
47,38,0.04079903989857175,0.0038901942974398974,0.0,0.04311559095067331,0.0
48,0,0.04091088497501105,0.004787519882842115,0.0,0.025746106589970858,0.0
48,1,0.041696840476277176,0.0016339876591201904,0.0,0.028924010755379155,0.0
48,2,0.049554786877966224,0.0012918068177687802,0.0,0.019114269384229256,0.0
48,3,0.05551599707953078,0.00018206317556803162,0.0,0.02039167306306643,0.0
48,4,0.055871499583465815,0.005685465441481109,0.0,0.017301523848342944,0.0
48,5,0.057013701708503256,0.001797506264783894,0.0,0.017950591137125424,0.0
48,6,0.06346545397285584,0.011263915014768875,9.509584938272087e-08,0.015866975975678693,0.0
48,7,0.053065988597243374,0.0012170062379678265,0.0,0.019795827449097348,0.0
48,8,0.0524605623955607,0.001143303407433451,0.0,0.02066724145316951,0.0
48,9,0.07837963633284133,0.0004425569089864308,0.0,0.017029114241847602,0.0
48,10,0.043598930542793825,0.0012347035552699678,0.0,0.03345578654420168,0.0
48,11,0.0596293826594918,0.0018436320030131132,0.0,0.017896679992061862,0.0
48,12,0.05796903059602178,1.9536514337269685e-05,0.0,0.019247624113501664,0.0
48,13,0.056671571343497575,1.88102205747397e-11,0.0,0.021668376012027462,0.0
48,14,0.04552447176855006,8.331224292018293e-05,0.0,0.021662363748491297,0.0
48,15,0.04778679691318433,0.00014261443399100126,0.0,0.02108602027279171,0.0
48,16,0.04698770422223894,4.190193843308729e-05,0.0,0.025875506303642732,0.0
48,17,0.052503314586483454,2.3795082210333303e-05,0.0,0.02568273229319968,0.0
48,18,0.04955002135850932,5.094183041427429e-06,0.0,0.02630199276693802,0.0
48,19,0.04628167534284465,0.011950418743956881,0.0,0.015516105612312378,0.0
48,20,0.05416221339713042,3.471772897106297e-05,0.0,0.0219565914415124,0.0
48,21,0.05673364056763464,0.0008583007381224935,0.0,0.01796723737455514,0.0
48,22,0.044144979594710726,0.0036063713908461403,0.0,0.02087590244293864,0.0
48,23,0.04911110827094808,2.4309154362878827e-05,0.0,0.023689437077415776,0.0
48,24,0.04446737811484164,0.0005896108890894713,6.80410605750497e-08,0.018811635537359903,0.0
48,25,0.05374487171968743,1.3151765327996222e-05,1.0201675775410124e-07,0.020083705826253066,0.0
48,26,0.04525795204968321,0.006728533104181578,0.0,0.01597363310312245,0.0
48,27,0.05125557886247423,9.066023491150454e-06,8.004776715640607e-08,0.022239583645060186,0.0
48,28,0.04752386134724937,4.5814812018468025e-07,0.0,0.03027880997008512,0.0
48,29,0.05602347291254514,1.7276656961191276e-06,0.0,0.026648421800677603,0.0
48,30,0.04073821425995484,0.005000575253144849,0.0,0.0249569764418539,0.0
48,31,0.05563928234462644,3.2253426860244525e-06,0.0,0.02316866596694763,0.0
48,32,0.06129002815145231,0.00080132972211044,0.0,0.017812615333496762,0.0
48,33,0.03918322895336786,0.00828258878487868,0.0,0.030337769207126174,0.0
48,34,0.044012834128324574,0.0004130231025374828,0.0,0.030761926231155368,0.0
48,35,0.05407471413337538,3.523467550752387e-05,0.0,0.02337416010595259,0.0
48,36,0.04523660729979171,0.004560034797520793,0.0,0.02060142306022031,0.0
48,37,0.04434332037973947,0.011022429064616833,0.0,0.02047590941193226,0.0
48,38,0.04079903989857175,0.0038901942974398974,0.0,0.04311559095067331,0.0
48,39,0.06574749953356225,0.005234290907622095,0.0,0.017542227303844332,0.0
49,0,0.04091088497501105,0.004787519882842115,0.0,0.025746106589970858,0.0
49,1,0.041696840476277176,0.0016339876591201904,0.0,0.028924010755379155,0.0
49,2,0.049554786877966224,0.0012918068177687802,0.0,0.019114269384229256,0.0
49,3,0.05551599707953078,0.00018206317556803162,0.0,0.02039167306306643,0.0
49,4,0.055871499583465815,0.005685465441481109,0.0,0.017301523848342944,0.0
49,5,0.057013701708503256,0.001797506264783894,0.0,0.017950591137125424,0.0
49,6,0.06346545397285584,0.011263915014768875,9.509584938272087e-08,0.015866975975678693,0.0
49,7,0.053065988597243374,0.0012170062379678265,0.0,0.019795827449097348,0.0
49,8,0.0524605623955607,0.001143303407433451,0.0,0.02066724145316951,0.0
49,9,0.07837963633284133,0.0004425569089864308,0.0,0.017029114241847602,0.0
49,10,0.043598930542793825,0.0012347035552699678,0.0,0.03345578654420168,0.0
49,11,0.0596293826594918,0.0018436320030131132,0.0,0.017896679992061862,0.0
49,12,0.05796903059602178,1.9536514337269685e-05,0.0,0.019247624113501664,0.0
49,13,0.056671571343497575,1.88102205747397e-11,0.0,0.021668376012027462,0.0
49,14,0.04552447176855006,8.331224292018293e-05,0.0,0.021662363748491297,0.0
49,15,0.04778679691318433,0.00014261443399100126,0.0,0.02108602027279171,0.0
49,16,0.04698770422223894,4.190193843308729e-05,0.0,0.025875506303642732,0.0
49,17,0.052503314586483454,2.3795082210333303e-05,0.0,0.02568273229319968,0.0
49,18,0.04955002135850932,5.094183041427429e-06,0.0,0.02630199276693802,0.0
49,19,0.04628167534284465,0.011950418743956881,0.0,0.015516105612312378,0.0
49,20,0.05416221339713042,3.471772897106297e-05,0.0,0.0219565914415124,0.0
49,21,0.05673364056763464,0.0008583007381224935,0.0,0.01796723737455514,0.0
49,22,0.044144979594710726,0.0036063713908461403,0.0,0.02087590244293864,0.0
49,23,0.04911110827094808,2.4309154362878827e-05,0.0,0.023689437077415776,0.0
49,24,0.04446737811484164,0.0005896108890894713,6.80410605750497e-08,0.018811635537359903,0.0
49,25,0.05374487171968743,1.3151765327996222e-05,1.0201675775410124e-07,0.020083705826253066,0.0
49,26,0.04525795204968321,0.006728533104181578,0.0,0.01597363310312245,0.0
49,27,0.05125557886247423,9.066023491150454e-06,8.004776715640607e-08,0.022239583645060186,0.0
49,28,0.04752386134724937,4.5814812018468025e-07,0.0,0.03027880997008512,0.0
49,29,0.05602347291254514,1.7276656961191276e-06,0.0,0.026648421800677603,0.0
49,30,0.04073821425995484,0.005000575253144849,0.0,0.0249569764418539,0.0
49,31,0.05563928234462644,3.2253426860244525e-06,0.0,0.02316866596694763,0.0
49,32,0.06129002815145231,0.00080132972211044,0.0,0.017812615333496762,0.0
49,33,0.03918322895336786,0.00828258878487868,0.0,0.030337769207126174,0.0
49,34,0.044012834128324574,0.0004130231025374828,0.0,0.030761926231155368,0.0
49,35,0.05407471413337538,3.523467550752387e-05,0.0,0.02337416010595259,0.0
49,36,0.04523660729979171,0.004560034797520793,0.0,0.02060142306022031,0.0
49,37,0.04434332037973947,0.011022429064616833,0.0,0.02047590941193226,0.0
49,38,0.04079903989857175,0.0038901942974398974,0.0,0.04311559095067331,0.0
49,39,0.06574749953356225,0.005234290907622095,0.0,0.017542227303844332,0.0
50,0,0.04091088497501105,0.004787519882842115,0.0,0.025746106589970858,0.0
50,1,0.041696840476277176,0.0016339876591201904,0.0,0.028924010755379155,0.0
50,2,0.049554786877966224,0.0012918068177687802,0.0,0.019114269384229256,0.0
50,3,0.05551599707953078,0.00018206317556803162,0.0,0.02039167306306643,0.0
50,4,0.055871499583465815,0.005685465441481109,0.0,0.017301523848342944,0.0
50,5,0.057013701708503256,0.001797506264783894,0.0,0.017950591137125424,0.0
50,6,0.06346545397285584,0.011263915014768875,9.509584938272087e-08,0.015866975975678693,0.0
50,7,0.053065988597243374,0.0012170062379678265,0.0,0.019795827449097348,0.0
50,8,0.0524605623955607,0.001143303407433451,0.0,0.02066724145316951,0.0
50,9,0.07837963633284133,0.0004425569089864308,0.0,0.017029114241847602,0.0
50,10,0.043598930542793825,0.0012347035552699678,0.0,0.03345578654420168,0.0
50,11,0.0596293826594918,0.0018436320030131132,0.0,0.017896679992061862,0.0
50,12,0.05796903059602178,1.9536514337269685e-05,0.0,0.019247624113501664,0.0
50,13,0.056671571343497575,1.88102205747397e-11,0.0,0.021668376012027462,0.0
50,14,0.04552447176855006,8.331224292018293e-05,0.0,0.021662363748491297,0.0
50,15,0.04778679691318433,0.00014261443399100126,0.0,0.02108602027279171,0.0
50,16,0.04698770422223894,4.190193843308729e-05,0.0,0.025875506303642732,0.0
50,17,0.052503314586483454,2.3795082210333303e-05,0.0,0.02568273229319968,0.0
50,18,0.04955002135850932,5.094183041427429e-06,0.0,0.02630199276693802,0.0
50,19,0.04628167534284465,0.011950418743956881,0.0,0.015516105612312378,0.0
50,20,0.05416221339713042,3.471772897106297e-05,0.0,0.0219565914415124,0.0
50,21,0.05673364056763464,0.0008583007381224935,0.0,0.01796723737455514,0.0
50,22,0.044144979594710726,0.0036063713908461403,0.0,0.02087590244293864,0.0
50,23,0.04911110827094808,2.4309154362878827e-05,0.0,0.023689437077415776,0.0
50,24,0.04446737811484164,0.0005896108890894713,6.80410605750497e-08,0.018811635537359903,0.0
50,25,0.05374487171968743,1.3151765327996222e-05,1.0201675775410124e-07,0.020083705826253066,0.0
50,26,0.04525795204968321,0.006728533104181578,0.0,0.01597363310312245,0.0
50,27,0.05125557886247423,9.066023491150454e-06,8.004776715640607e-08,0.022239583645060186,0.0
50,28,0.04752386134724937,4.5814812018468025e-07,0.0,0.03027880997008512,0.0
50,29,0.05602347291254514,1.7276656961191276e-06,0.0,0.026648421800677603,0.0
50,30,0.04073821425995484,0.005000575253144849,0.0,0.0249569764418539,0.0
50,31,0.05563928234462644,3.2253426860244525e-06,0.0,0.02316866596694763,0.0
50,32,0.06129002815145231,0.00080132972211044,0.0,0.017812615333496762,0.0
50,33,0.03918322895336786,0.00828258878487868,0.0,0.030337769207126174,0.0
50,34,0.044012834128324574,0.0004130231025374828,0.0,0.030761926231155368,0.0
50,35,0.05407471413337538,3.523467550752387e-05,0.0,0.02337416010595259,0.0
50,36,0.04523660729979171,0.004560034797520793,0.0,0.02060142306022031,0.0
50,37,0.04434332037973947,0.011022429064616833,0.0,0.02047590941193226,0.0
50,38,0.04079903989857175,0.0038901942974398974,0.0,0.04311559095067331,0.0
50,39,0.06574749953356225,0.005234290907622095,0.0,0.017542227303844332,0.0
50,40,0.045803259141169485,0.001770733852983665,0.0,0.02040755759442067,0.0
51,0,0.04091088497501105,0.004787519882842115,0.0,0.025746106589970858,0.0
51,1,0.041696840476277176,0.0016339876591201904,0.0,0.028924010755379155,0.0
51,2,0.049554786877966224,0.0012918068177687802,0.0,0.019114269384229256,0.0
51,3,0.05551599707953078,0.00018206317556803162,0.0,0.02039167306306643,0.0
51,4,0.055871499583465815,0.005685465441481109,0.0,0.017301523848342944,0.0
51,5,0.057013701708503256,0.001797506264783894,0.0,0.017950591137125424,0.0
51,6,0.06346545397285584,0.011263915014768875,9.509584938272087e-08,0.015866975975678693,0.0
51,7,0.053065988597243374,0.0012170062379678265,0.0,0.019795827449097348,0.0
51,8,0.0524605623955607,0.001143303407433451,0.0,0.02066724145316951,0.0
51,9,0.07837963633284133,0.0004425569089864308,0.0,0.017029114241847602,0.0
51,10,0.043598930542793825,0.0012347035552699678,0.0,0.03345578654420168,0.0
51,11,0.0596293826594918,0.0018436320030131132,0.0,0.017896679992061862,0.0
51,12,0.05796903059602178,1.9536514337269685e-05,0.0,0.019247624113501664,0.0
51,13,0.056671571343497575,1.88102205747397e-11,0.0,0.021668376012027462,0.0
51,14,0.04552447176855006,8.331224292018293e-05,0.0,0.021662363748491297,0.0
51,15,0.04778679691318433,0.00014261443399100126,0.0,0.02108602027279171,0.0
51,16,0.04698770422223894,4.190193843308729e-05,0.0,0.025875506303642732,0.0
51,17,0.052503314586483454,2.3795082210333303e-05,0.0,0.02568273229319968,0.0
51,18,0.04955002135850932,5.094183041427429e-06,0.0,0.02630199276693802,0.0
51,19,0.04628167534284465,0.011950418743956881,0.0,0.015516105612312378,0.0
51,20,0.05416221339713042,3.471772897106297e-05,0.0,0.0219565914415124,0.0
51,21,0.05673364056763464,0.0008583007381224935,0.0,0.01796723737455514,0.0
51,22,0.044144979594710726,0.0036063713908461403,0.0,0.02087590244293864,0.0
51,23,0.04911110827094808,2.4309154362878827e-05,0.0,0.023689437077415776,0.0
51,24,0.04446737811484164,0.0005896108890894713,6.80410605750497e-08,0.018811635537359903,0.0
51,25,0.05374487171968743,1.3151765327996222e-05,1.0201675775410124e-07,0.020083705826253066,0.0
51,26,0.04525795204968321,0.006728533104181578,0.0,0.01597363310312245,0.0
51,27,0.05125557886247423,9.066023491150454e-06,8.004776715640607e-08,0.022239583645060186,0.0
51,28,0.04752386134724937,4.5814812018468025e-07,0.0,0.03027880997008512,0.0
51,29,0.05602347291254514,1.7276656961191276e-06,0.0,0.026648421800677603,0.0
51,30,0.04073821425995484,0.005000575253144849,0.0,0.0249569764418539,0.0
51,31,0.05563928234462644,3.2253426860244525e-06,0.0,0.02316866596694763,0.0
51,32,0.06129002815145231,0.00080132972211044,0.0,0.017812615333496762,0.0
51,33,0.03918322895336786,0.00828258878487868,0.0,0.030337769207126174,0.0
51,34,0.044012834128324574,0.0004130231025374828,0.0,0.030761926231155368,0.0
51,35,0.05407471413337538,3.523467550752387e-05,0.0,0.02337416010595259,0.0
51,36,0.04523660729979171,0.004560034797520793,0.0,0.02060142306022031,0.0
51,37,0.04434332037973947,0.011022429064616833,0.0,0.02047590941193226,0.0
51,38,0.04079903989857175,0.0038901942974398974,0.0,0.04311559095067331,0.0
51,39,0.06574749953356225,0.005234290907622095,0.0,0.017542227303844332,0.0
51,40,0.045803259141169485,0.001770733852983665,0.0,0.02040755759442067,0.0
51,41,0.05463726403641621,1.680919659243082e-07,0.0,0.06529182710137311,0.0
52,0,0.04091088497501105,0.004787519882842115,0.0,0.025746106589970858,0.0
52,1,0.041696840476277176,0.0016339876591201904,0.0,0.028924010755379155,0.0
52,2,0.049554786877966224,0.0012918068177687802,0.0,0.019114269384229256,0.0
52,3,0.055871499583465815,0.005685465441481109,0.0,0.017301523848342944,0.0
52,4,0.057013701708503256,0.001797506264783894,0.0,0.017950591137125424,0.0
52,5,0.06346545397285584,0.011263915014768875,9.509584938272087e-08,0.015866975975678693,0.0
52,6,0.07837963633284133,0.0004425569089864308,0.0,0.017029114241847602,0.0
52,7,0.043598930542793825,0.0012347035552699678,0.0,0.03345578654420168,0.0
52,8,0.0596293826594918,0.0018436320030131132,0.0,0.017896679992061862,0.0
52,9,0.056671571343497575,1.88102205747397e-11,0.0,0.021668376012027462,0.0
52,10,0.04552447176855006,8.331224292018293e-05,0.0,0.021662363748491297,0.0
52,11,0.04778679691318433,0.00014261443399100126,0.0,0.02108602027279171,0.0
52,12,0.04698770422223894,4.190193843308729e-05,0.0,0.025875506303642732,0.0
52,13,0.04955002135850932,5.094183041427429e-06,0.0,0.02630199276693802,0.0
52,14,0.04628167534284465,0.011950418743956881,0.0,0.015516105612312378,0.0
52,15,0.05673364056763464,0.0008583007381224935,0.0,0.01796723737455514,0.0
52,16,0.044144979594710726,0.0036063713908461403,0.0,0.02087590244293864,0.0
52,17,0.04911110827094808,2.4309154362878827e-05,0.0,0.023689437077415776,0.0
52,18,0.04446737811484164,0.0005896108890894713,6.80410605750497e-08,0.018811635537359903,0.0
52,19,0.04525795204968321,0.006728533104181578,0.0,0.01597363310312245,0.0
52,20,0.05125557886247423,9.066023491150454e-06,8.004776715640607e-08,0.022239583645060186,0.0
52,21,0.04752386134724937,4.5814812018468025e-07,0.0,0.03027880997008512,0.0
52,22,0.05602347291254514,1.7276656961191276e-06,0.0,0.026648421800677603,0.0
52,23,0.04073821425995484,0.005000575253144849,0.0,0.0249569764418539,0.0
52,24,0.05563928234462644,3.2253426860244525e-06,0.0,0.02316866596694763,0.0
52,25,0.06129002815145231,0.00080132972211044,0.0,0.017812615333496762,0.0
52,26,0.03918322895336786,0.00828258878487868,0.0,0.030337769207126174,0.0
52,27,0.044012834128324574,0.0004130231025374828,0.0,0.030761926231155368,0.0
52,28,0.04523660729979171,0.004560034797520793,0.0,0.02060142306022031,0.0
52,29,0.04434332037973947,0.011022429064616833,0.0,0.02047590941193226,0.0
52,30,0.04079903989857175,0.0038901942974398974,0.0,0.04311559095067331,0.0
52,31,0.06574749953356225,0.005234290907622095,0.0,0.017542227303844332,0.0
52,32,0.045803259141169485,0.001770733852983665,0.0,0.02040755759442067,0.0
52,33,0.05463726403641621,1.680919659243082e-07,0.0,0.06529182710137311,0.0
52,34,0.052219643090161465,9.773650380126644e-06,0.0,0.01887552476941744,0.0
53,0,0.04091088497501105,0.004787519882842115,0.0,0.025746106589970858,0.0
53,1,0.041696840476277176,0.0016339876591201904,0.0,0.028924010755379155,0.0
53,2,0.049554786877966224,0.0012918068177687802,0.0,0.019114269384229256,0.0
53,3,0.055871499583465815,0.005685465441481109,0.0,0.017301523848342944,0.0
53,4,0.057013701708503256,0.001797506264783894,0.0,0.017950591137125424,0.0
53,5,0.06346545397285584,0.011263915014768875,9.509584938272087e-08,0.015866975975678693,0.0
53,6,0.07837963633284133,0.0004425569089864308,0.0,0.017029114241847602,0.0
53,7,0.043598930542793825,0.0012347035552699678,0.0,0.03345578654420168,0.0
53,8,0.0596293826594918,0.0018436320030131132,0.0,0.017896679992061862,0.0
53,9,0.056671571343497575,1.88102205747397e-11,0.0,0.021668376012027462,0.0
53,10,0.04552447176855006,8.331224292018293e-05,0.0,0.021662363748491297,0.0
53,11,0.04778679691318433,0.00014261443399100126,0.0,0.02108602027279171,0.0
53,12,0.04698770422223894,4.190193843308729e-05,0.0,0.025875506303642732,0.0
53,13,0.04955002135850932,5.094183041427429e-06,0.0,0.02630199276693802,0.0
53,14,0.04628167534284465,0.011950418743956881,0.0,0.015516105612312378,0.0
53,15,0.05673364056763464,0.0008583007381224935,0.0,0.01796723737455514,0.0
53,16,0.044144979594710726,0.0036063713908461403,0.0,0.02087590244293864,0.0
53,17,0.04911110827094808,2.4309154362878827e-05,0.0,0.023689437077415776,0.0
53,18,0.04446737811484164,0.0005896108890894713,6.80410605750497e-08,0.018811635537359903,0.0
53,19,0.04525795204968321,0.006728533104181578,0.0,0.01597363310312245,0.0
53,20,0.05125557886247423,9.066023491150454e-06,8.004776715640607e-08,0.022239583645060186,0.0
53,21,0.04752386134724937,4.5814812018468025e-07,0.0,0.03027880997008512,0.0
53,22,0.05602347291254514,1.7276656961191276e-06,0.0,0.026648421800677603,0.0
53,23,0.04073821425995484,0.005000575253144849,0.0,0.0249569764418539,0.0
53,24,0.05563928234462644,3.2253426860244525e-06,0.0,0.02316866596694763,0.0
53,25,0.06129002815145231,0.00080132972211044,0.0,0.017812615333496762,0.0
53,26,0.03918322895336786,0.00828258878487868,0.0,0.030337769207126174,0.0
53,27,0.044012834128324574,0.0004130231025374828,0.0,0.030761926231155368,0.0
53,28,0.04523660729979171,0.004560034797520793,0.0,0.02060142306022031,0.0
53,29,0.04434332037973947,0.011022429064616833,0.0,0.02047590941193226,0.0
53,30,0.04079903989857175,0.0038901942974398974,0.0,0.04311559095067331,0.0
53,31,0.06574749953356225,0.005234290907622095,0.0,0.017542227303844332,0.0
53,32,0.045803259141169485,0.001770733852983665,0.0,0.02040755759442067,0.0
53,33,0.05463726403641621,1.680919659243082e-07,0.0,0.06529182710137311,0.0
53,34,0.052219643090161465,9.773650380126644e-06,0.0,0.01887552476941744,0.0
53,35,0.07009503759750957,0.0004175511878189587,0.0,0.017436751284980102,0.0
54,0,0.04091088497501105,0.004787519882842115,0.0,0.025746106589970858,0.0
54,1,0.041696840476277176,0.0016339876591201904,0.0,0.028924010755379155,0.0
54,2,0.049554786877966224,0.0012918068177687802,0.0,0.019114269384229256,0.0
54,3,0.055871499583465815,0.005685465441481109,0.0,0.017301523848342944,0.0
54,4,0.057013701708503256,0.001797506264783894,0.0,0.017950591137125424,0.0
54,5,0.06346545397285584,0.011263915014768875,9.509584938272087e-08,0.015866975975678693,0.0
54,6,0.07837963633284133,0.0004425569089864308,0.0,0.017029114241847602,0.0
54,7,0.043598930542793825,0.0012347035552699678,0.0,0.03345578654420168,0.0
54,8,0.0596293826594918,0.0018436320030131132,0.0,0.017896679992061862,0.0
54,9,0.056671571343497575,1.88102205747397e-11,0.0,0.021668376012027462,0.0
54,10,0.04552447176855006,8.331224292018293e-05,0.0,0.021662363748491297,0.0
54,11,0.04778679691318433,0.00014261443399100126,0.0,0.02108602027279171,0.0
54,12,0.04698770422223894,4.190193843308729e-05,0.0,0.025875506303642732,0.0
54,13,0.04955002135850932,5.094183041427429e-06,0.0,0.02630199276693802,0.0
54,14,0.04628167534284465,0.011950418743956881,0.0,0.015516105612312378,0.0
54,15,0.05673364056763464,0.0008583007381224935,0.0,0.01796723737455514,0.0
54,16,0.044144979594710726,0.0036063713908461403,0.0,0.02087590244293864,0.0
54,17,0.04911110827094808,2.4309154362878827e-05,0.0,0.023689437077415776,0.0
54,18,0.04446737811484164,0.0005896108890894713,6.80410605750497e-08,0.018811635537359903,0.0
54,19,0.04525795204968321,0.006728533104181578,0.0,0.01597363310312245,0.0
54,20,0.05125557886247423,9.066023491150454e-06,8.004776715640607e-08,0.022239583645060186,0.0
54,21,0.04752386134724937,4.5814812018468025e-07,0.0,0.03027880997008512,0.0
54,22,0.05602347291254514,1.7276656961191276e-06,0.0,0.026648421800677603,0.0
54,23,0.04073821425995484,0.005000575253144849,0.0,0.0249569764418539,0.0
54,24,0.05563928234462644,3.2253426860244525e-06,0.0,0.02316866596694763,0.0
54,25,0.06129002815145231,0.00080132972211044,0.0,0.017812615333496762,0.0
54,26,0.03918322895336786,0.00828258878487868,0.0,0.030337769207126174,0.0
54,27,0.044012834128324574,0.0004130231025374828,0.0,0.030761926231155368,0.0
54,28,0.04523660729979171,0.004560034797520793,0.0,0.02060142306022031,0.0
54,29,0.04434332037973947,0.011022429064616833,0.0,0.02047590941193226,0.0
54,30,0.04079903989857175,0.0038901942974398974,0.0,0.04311559095067331,0.0
54,31,0.06574749953356225,0.005234290907622095,0.0,0.017542227303844332,0.0
54,32,0.045803259141169485,0.001770733852983665,0.0,0.02040755759442067,0.0
54,33,0.05463726403641621,1.680919659243082e-07,0.0,0.06529182710137311,0.0
54,34,0.052219643090161465,9.773650380126644e-06,0.0,0.01887552476941744,0.0
54,35,0.07009503759750957,0.0004175511878189587,0.0,0.017436751284980102,0.0
55,0,0.04091088497501105,0.004787519882842115,0.0,0.025746106589970858,0.0
55,1,0.041696840476277176,0.0016339876591201904,0.0,0.028924010755379155,0.0
55,2,0.049554786877966224,0.0012918068177687802,0.0,0.019114269384229256,0.0
55,3,0.055871499583465815,0.005685465441481109,0.0,0.017301523848342944,0.0
55,4,0.057013701708503256,0.001797506264783894,0.0,0.017950591137125424,0.0
55,5,0.06346545397285584,0.011263915014768875,9.509584938272087e-08,0.015866975975678693,0.0
55,6,0.07837963633284133,0.0004425569089864308,0.0,0.017029114241847602,0.0
55,7,0.043598930542793825,0.0012347035552699678,0.0,0.03345578654420168,0.0
55,8,0.0596293826594918,0.0018436320030131132,0.0,0.017896679992061862,0.0
55,9,0.056671571343497575,1.88102205747397e-11,0.0,0.021668376012027462,0.0
55,10,0.04552447176855006,8.331224292018293e-05,0.0,0.021662363748491297,0.0
55,11,0.04778679691318433,0.00014261443399100126,0.0,0.02108602027279171,0.0
55,12,0.04698770422223894,4.190193843308729e-05,0.0,0.025875506303642732,0.0
55,13,0.04955002135850932,5.094183041427429e-06,0.0,0.02630199276693802,0.0
55,14,0.04628167534284465,0.011950418743956881,0.0,0.015516105612312378,0.0
55,15,0.05673364056763464,0.0008583007381224935,0.0,0.01796723737455514,0.0
55,16,0.044144979594710726,0.0036063713908461403,0.0,0.02087590244293864,0.0
55,17,0.04911110827094808,2.4309154362878827e-05,0.0,0.023689437077415776,0.0
55,18,0.04446737811484164,0.0005896108890894713,6.80410605750497e-08,0.018811635537359903,0.0
55,19,0.04525795204968321,0.006728533104181578,0.0,0.01597363310312245,0.0
55,20,0.05125557886247423,9.066023491150454e-06,8.004776715640607e-08,0.022239583645060186,0.0
55,21,0.04752386134724937,4.5814812018468025e-07,0.0,0.03027880997008512,0.0
55,22,0.05602347291254514,1.7276656961191276e-06,0.0,0.026648421800677603,0.0
55,23,0.04073821425995484,0.005000575253144849,0.0,0.0249569764418539,0.0
55,24,0.05563928234462644,3.2253426860244525e-06,0.0,0.02316866596694763,0.0
55,25,0.06129002815145231,0.00080132972211044,0.0,0.017812615333496762,0.0
55,26,0.03918322895336786,0.00828258878487868,0.0,0.030337769207126174,0.0
55,27,0.044012834128324574,0.0004130231025374828,0.0,0.030761926231155368,0.0
55,28,0.04523660729979171,0.004560034797520793,0.0,0.02060142306022031,0.0
55,29,0.04434332037973947,0.011022429064616833,0.0,0.02047590941193226,0.0
55,30,0.04079903989857175,0.0038901942974398974,0.0,0.04311559095067331,0.0
55,31,0.06574749953356225,0.005234290907622095,0.0,0.017542227303844332,0.0
55,32,0.045803259141169485,0.001770733852983665,0.0,0.02040755759442067,0.0
55,33,0.05463726403641621,1.680919659243082e-07,0.0,0.06529182710137311,0.0
55,34,0.052219643090161465,9.773650380126644e-06,0.0,0.01887552476941744,0.0
55,35,0.07009503759750957,0.0004175511878189587,0.0,0.017436751284980102,0.0
55,36,0.055014237553381654,5.7363094525305615e-06,0.0,0.024317622624387934,0.0
55,37,0.049418688967080814,0.005946019250917289,0.0,0.01800900846343015,0.0
56,0,0.04091088497501105,0.004787519882842115,0.0,0.025746106589970858,0.0
56,1,0.041696840476277176,0.0016339876591201904,0.0,0.028924010755379155,0.0
56,2,0.049554786877966224,0.0012918068177687802,0.0,0.019114269384229256,0.0
56,3,0.055871499583465815,0.005685465441481109,0.0,0.017301523848342944,0.0
56,4,0.057013701708503256,0.001797506264783894,0.0,0.017950591137125424,0.0
56,5,0.06346545397285584,0.011263915014768875,9.509584938272087e-08,0.015866975975678693,0.0
56,6,0.07837963633284133,0.0004425569089864308,0.0,0.017029114241847602,0.0
56,7,0.043598930542793825,0.0012347035552699678,0.0,0.03345578654420168,0.0
56,8,0.0596293826594918,0.0018436320030131132,0.0,0.017896679992061862,0.0
56,9,0.056671571343497575,1.88102205747397e-11,0.0,0.021668376012027462,0.0
56,10,0.04552447176855006,8.331224292018293e-05,0.0,0.021662363748491297,0.0
56,11,0.04778679691318433,0.00014261443399100126,0.0,0.02108602027279171,0.0
56,12,0.04698770422223894,4.190193843308729e-05,0.0,0.025875506303642732,0.0
56,13,0.04955002135850932,5.094183041427429e-06,0.0,0.02630199276693802,0.0
56,14,0.04628167534284465,0.011950418743956881,0.0,0.015516105612312378,0.0
56,15,0.05673364056763464,0.0008583007381224935,0.0,0.01796723737455514,0.0
56,16,0.044144979594710726,0.0036063713908461403,0.0,0.02087590244293864,0.0
56,17,0.04911110827094808,2.4309154362878827e-05,0.0,0.023689437077415776,0.0
56,18,0.04446737811484164,0.0005896108890894713,6.80410605750497e-08,0.018811635537359903,0.0
56,19,0.04525795204968321,0.006728533104181578,0.0,0.01597363310312245,0.0
56,20,0.05125557886247423,9.066023491150454e-06,8.004776715640607e-08,0.022239583645060186,0.0
56,21,0.04752386134724937,4.5814812018468025e-07,0.0,0.03027880997008512,0.0
56,22,0.05602347291254514,1.7276656961191276e-06,0.0,0.026648421800677603,0.0
56,23,0.04073821425995484,0.005000575253144849,0.0,0.0249569764418539,0.0
56,24,0.05563928234462644,3.2253426860244525e-06,0.0,0.02316866596694763,0.0
56,25,0.06129002815145231,0.00080132972211044,0.0,0.017812615333496762,0.0
56,26,0.03918322895336786,0.00828258878487868,0.0,0.030337769207126174,0.0
56,27,0.044012834128324574,0.0004130231025374828,0.0,0.030761926231155368,0.0
56,28,0.04523660729979171,0.004560034797520793,0.0,0.02060142306022031,0.0
56,29,0.04434332037973947,0.011022429064616833,0.0,0.02047590941193226,0.0
56,30,0.04079903989857175,0.0038901942974398974,0.0,0.04311559095067331,0.0
56,31,0.06574749953356225,0.005234290907622095,0.0,0.017542227303844332,0.0
56,32,0.045803259141169485,0.001770733852983665,0.0,0.02040755759442067,0.0
56,33,0.05463726403641621,1.680919659243082e-07,0.0,0.06529182710137311,0.0
56,34,0.052219643090161465,9.773650380126644e-06,0.0,0.01887552476941744,0.0
56,35,0.07009503759750957,0.0004175511878189587,0.0,0.017436751284980102,0.0
56,36,0.055014237553381654,5.7363094525305615e-06,0.0,0.024317622624387934,0.0
56,37,0.049418688967080814,0.005946019250917289,0.0,0.01800900846343015,0.0
57,0,0.04091088497501105,0.004787519882842115,0.0,0.025746106589970858,0.0
57,1,0.041696840476277176,0.0016339876591201904,0.0,0.028924010755379155,0.0
57,2,0.049554786877966224,0.0012918068177687802,0.0,0.019114269384229256,0.0
57,3,0.055871499583465815,0.005685465441481109,0.0,0.017301523848342944,0.0
57,4,0.057013701708503256,0.001797506264783894,0.0,0.017950591137125424,0.0
57,5,0.06346545397285584,0.011263915014768875,9.509584938272087e-08,0.015866975975678693,0.0
57,6,0.07837963633284133,0.0004425569089864308,0.0,0.017029114241847602,0.0
57,7,0.043598930542793825,0.0012347035552699678,0.0,0.03345578654420168,0.0
57,8,0.0596293826594918,0.0018436320030131132,0.0,0.017896679992061862,0.0
57,9,0.056671571343497575,1.88102205747397e-11,0.0,0.021668376012027462,0.0
57,10,0.04552447176855006,8.331224292018293e-05,0.0,0.021662363748491297,0.0
57,11,0.04778679691318433,0.00014261443399100126,0.0,0.02108602027279171,0.0
57,12,0.04698770422223894,4.190193843308729e-05,0.0,0.025875506303642732,0.0
57,13,0.04955002135850932,5.094183041427429e-06,0.0,0.02630199276693802,0.0
57,14,0.04628167534284465,0.011950418743956881,0.0,0.015516105612312378,0.0
57,15,0.05673364056763464,0.0008583007381224935,0.0,0.01796723737455514,0.0
57,16,0.044144979594710726,0.0036063713908461403,0.0,0.02087590244293864,0.0
57,17,0.04911110827094808,2.4309154362878827e-05,0.0,0.023689437077415776,0.0
57,18,0.04446737811484164,0.0005896108890894713,6.80410605750497e-08,0.018811635537359903,0.0
57,19,0.04525795204968321,0.006728533104181578,0.0,0.01597363310312245,0.0
57,20,0.05125557886247423,9.066023491150454e-06,8.004776715640607e-08,0.022239583645060186,0.0
57,21,0.04752386134724937,4.5814812018468025e-07,0.0,0.03027880997008512,0.0
57,22,0.05602347291254514,1.7276656961191276e-06,0.0,0.026648421800677603,0.0
57,23,0.04073821425995484,0.005000575253144849,0.0,0.0249569764418539,0.0
57,24,0.05563928234462644,3.2253426860244525e-06,0.0,0.02316866596694763,0.0
57,25,0.06129002815145231,0.00080132972211044,0.0,0.017812615333496762,0.0
57,26,0.03918322895336786,0.00828258878487868,0.0,0.030337769207126174,0.0
57,27,0.044012834128324574,0.0004130231025374828,0.0,0.030761926231155368,0.0
57,28,0.04523660729979171,0.004560034797520793,0.0,0.02060142306022031,0.0
57,29,0.04434332037973947,0.011022429064616833,0.0,0.02047590941193226,0.0
57,30,0.04079903989857175,0.0038901942974398974,0.0,0.04311559095067331,0.0
57,31,0.06574749953356225,0.005234290907622095,0.0,0.017542227303844332,0.0
57,32,0.045803259141169485,0.001770733852983665,0.0,0.02040755759442067,0.0
57,33,0.05463726403641621,1.680919659243082e-07,0.0,0.06529182710137311,0.0
57,34,0.052219643090161465,9.773650380126644e-06,0.0,0.01887552476941744,0.0
57,35,0.07009503759750957,0.0004175511878189587,0.0,0.017436751284980102,0.0
57,36,0.055014237553381654,5.7363094525305615e-06,0.0,0.024317622624387934,0.0
57,37,0.049418688967080814,0.005946019250917289,0.0,0.01800900846343015,0.0
57,38,0.043827545986250875,0.0002359404354105885,0.0,0.03523976029808191,0.0
58,0,0.04091088497501105,0.004787519882842115,0.0,0.025746106589970858,0.0
58,1,0.041696840476277176,0.0016339876591201904,0.0,0.028924010755379155,0.0
58,2,0.049554786877966224,0.0012918068177687802,0.0,0.019114269384229256,0.0
58,3,0.055871499583465815,0.005685465441481109,0.0,0.017301523848342944,0.0
58,4,0.057013701708503256,0.001797506264783894,0.0,0.017950591137125424,0.0
58,5,0.06346545397285584,0.011263915014768875,9.509584938272087e-08,0.015866975975678693,0.0
58,6,0.07837963633284133,0.0004425569089864308,0.0,0.017029114241847602,0.0
58,7,0.043598930542793825,0.0012347035552699678,0.0,0.03345578654420168,0.0
58,8,0.0596293826594918,0.0018436320030131132,0.0,0.017896679992061862,0.0
58,9,0.056671571343497575,1.88102205747397e-11,0.0,0.021668376012027462,0.0
58,10,0.04552447176855006,8.331224292018293e-05,0.0,0.021662363748491297,0.0
58,11,0.04778679691318433,0.00014261443399100126,0.0,0.02108602027279171,0.0
58,12,0.04698770422223894,4.190193843308729e-05,0.0,0.025875506303642732,0.0
58,13,0.04955002135850932,5.094183041427429e-06,0.0,0.02630199276693802,0.0
58,14,0.04628167534284465,0.011950418743956881,0.0,0.015516105612312378,0.0
58,15,0.05673364056763464,0.0008583007381224935,0.0,0.01796723737455514,0.0
58,16,0.044144979594710726,0.0036063713908461403,0.0,0.02087590244293864,0.0
58,17,0.04911110827094808,2.4309154362878827e-05,0.0,0.023689437077415776,0.0
58,18,0.04446737811484164,0.0005896108890894713,6.80410605750497e-08,0.018811635537359903,0.0
58,19,0.04525795204968321,0.006728533104181578,0.0,0.01597363310312245,0.0
58,20,0.05125557886247423,9.066023491150454e-06,8.004776715640607e-08,0.022239583645060186,0.0
58,21,0.04752386134724937,4.5814812018468025e-07,0.0,0.03027880997008512,0.0
58,22,0.05602347291254514,1.7276656961191276e-06,0.0,0.026648421800677603,0.0
58,23,0.04073821425995484,0.005000575253144849,0.0,0.0249569764418539,0.0
58,24,0.05563928234462644,3.2253426860244525e-06,0.0,0.02316866596694763,0.0
58,25,0.06129002815145231,0.00080132972211044,0.0,0.017812615333496762,0.0
58,26,0.03918322895336786,0.00828258878487868,0.0,0.030337769207126174,0.0
58,27,0.044012834128324574,0.0004130231025374828,0.0,0.030761926231155368,0.0
58,28,0.04523660729979171,0.004560034797520793,0.0,0.02060142306022031,0.0
58,29,0.04434332037973947,0.011022429064616833,0.0,0.02047590941193226,0.0
58,30,0.04079903989857175,0.0038901942974398974,0.0,0.04311559095067331,0.0
58,31,0.06574749953356225,0.005234290907622095,0.0,0.017542227303844332,0.0
58,32,0.045803259141169485,0.001770733852983665,0.0,0.02040755759442067,0.0
58,33,0.05463726403641621,1.680919659243082e-07,0.0,0.06529182710137311,0.0
58,34,0.052219643090161465,9.773650380126644e-06,0.0,0.01887552476941744,0.0
58,35,0.07009503759750957,0.0004175511878189587,0.0,0.017436751284980102,0.0
58,36,0.055014237553381654,5.7363094525305615e-06,0.0,0.024317622624387934,0.0
58,37,0.049418688967080814,0.005946019250917289,0.0,0.01800900846343015,0.0
58,38,0.043827545986250875,0.0002359404354105885,0.0,0.03523976029808191,0.0
59,0,0.04091088497501105,0.004787519882842115,0.0,0.025746106589970858,0.0
59,1,0.041696840476277176,0.0016339876591201904,0.0,0.028924010755379155,0.0
59,2,0.049554786877966224,0.0012918068177687802,0.0,0.019114269384229256,0.0
59,3,0.055871499583465815,0.005685465441481109,0.0,0.017301523848342944,0.0
59,4,0.057013701708503256,0.001797506264783894,0.0,0.017950591137125424,0.0
59,5,0.06346545397285584,0.011263915014768875,9.509584938272087e-08,0.015866975975678693,0.0
59,6,0.07837963633284133,0.0004425569089864308,0.0,0.017029114241847602,0.0
59,7,0.043598930542793825,0.0012347035552699678,0.0,0.03345578654420168,0.0
59,8,0.0596293826594918,0.0018436320030131132,0.0,0.017896679992061862,0.0
59,9,0.056671571343497575,1.88102205747397e-11,0.0,0.021668376012027462,0.0
59,10,0.04552447176855006,8.331224292018293e-05,0.0,0.021662363748491297,0.0
59,11,0.04778679691318433,0.00014261443399100126,0.0,0.02108602027279171,0.0
59,12,0.04698770422223894,4.190193843308729e-05,0.0,0.025875506303642732,0.0
59,13,0.04955002135850932,5.094183041427429e-06,0.0,0.02630199276693802,0.0
59,14,0.04628167534284465,0.011950418743956881,0.0,0.015516105612312378,0.0
59,15,0.05673364056763464,0.0008583007381224935,0.0,0.01796723737455514,0.0
59,16,0.044144979594710726,0.0036063713908461403,0.0,0.02087590244293864,0.0
59,17,0.04911110827094808,2.4309154362878827e-05,0.0,0.023689437077415776,0.0
59,18,0.04446737811484164,0.0005896108890894713,6.80410605750497e-08,0.018811635537359903,0.0
59,19,0.04525795204968321,0.006728533104181578,0.0,0.01597363310312245,0.0
59,20,0.05125557886247423,9.066023491150454e-06,8.004776715640607e-08,0.022239583645060186,0.0
59,21,0.04752386134724937,4.5814812018468025e-07,0.0,0.03027880997008512,0.0
59,22,0.05602347291254514,1.7276656961191276e-06,0.0,0.026648421800677603,0.0
59,23,0.04073821425995484,0.005000575253144849,0.0,0.0249569764418539,0.0
59,24,0.05563928234462644,3.2253426860244525e-06,0.0,0.02316866596694763,0.0
59,25,0.06129002815145231,0.00080132972211044,0.0,0.017812615333496762,0.0
59,26,0.03918322895336786,0.00828258878487868,0.0,0.030337769207126174,0.0
59,27,0.044012834128324574,0.0004130231025374828,0.0,0.030761926231155368,0.0
59,28,0.04523660729979171,0.004560034797520793,0.0,0.02060142306022031,0.0
59,29,0.04434332037973947,0.011022429064616833,0.0,0.02047590941193226,0.0
59,30,0.04079903989857175,0.0038901942974398974,0.0,0.04311559095067331,0.0
59,31,0.06574749953356225,0.005234290907622095,0.0,0.017542227303844332,0.0
59,32,0.045803259141169485,0.001770733852983665,0.0,0.02040755759442067,0.0
59,33,0.05463726403641621,1.680919659243082e-07,0.0,0.06529182710137311,0.0
59,34,0.052219643090161465,9.773650380126644e-06,0.0,0.01887552476941744,0.0
59,35,0.07009503759750957,0.0004175511878189587,0.0,0.017436751284980102,0.0
59,36,0.055014237553381654,5.7363094525305615e-06,0.0,0.024317622624387934,0.0
59,37,0.049418688967080814,0.005946019250917289,0.0,0.01800900846343015,0.0
59,38,0.043827545986250875,0.0002359404354105885,0.0,0.03523976029808191,0.0
60,0,0.04091088497501105,0.004787519882842115,0.0,0.025746106589970858,0.0
60,1,0.041696840476277176,0.0016339876591201904,0.0,0.028924010755379155,0.0
60,2,0.049554786877966224,0.0012918068177687802,0.0,0.019114269384229256,0.0
60,3,0.055871499583465815,0.005685465441481109,0.0,0.017301523848342944,0.0
60,4,0.057013701708503256,0.001797506264783894,0.0,0.017950591137125424,0.0
60,5,0.06346545397285584,0.011263915014768875,9.509584938272087e-08,0.015866975975678693,0.0
60,6,0.07837963633284133,0.0004425569089864308,0.0,0.017029114241847602,0.0
60,7,0.043598930542793825,0.0012347035552699678,0.0,0.03345578654420168,0.0
60,8,0.0596293826594918,0.0018436320030131132,0.0,0.017896679992061862,0.0
60,9,0.056671571343497575,1.88102205747397e-11,0.0,0.021668376012027462,0.0
60,10,0.04552447176855006,8.331224292018293e-05,0.0,0.021662363748491297,0.0
60,11,0.04778679691318433,0.00014261443399100126,0.0,0.02108602027279171,0.0
60,12,0.04698770422223894,4.190193843308729e-05,0.0,0.025875506303642732,0.0
60,13,0.04955002135850932,5.094183041427429e-06,0.0,0.02630199276693802,0.0
60,14,0.04628167534284465,0.011950418743956881,0.0,0.015516105612312378,0.0
60,15,0.05673364056763464,0.0008583007381224935,0.0,0.01796723737455514,0.0
60,16,0.044144979594710726,0.0036063713908461403,0.0,0.02087590244293864,0.0
60,17,0.04911110827094808,2.4309154362878827e-05,0.0,0.023689437077415776,0.0
60,18,0.04446737811484164,0.0005896108890894713,6.80410605750497e-08,0.018811635537359903,0.0
60,19,0.04525795204968321,0.006728533104181578,0.0,0.01597363310312245,0.0
60,20,0.05125557886247423,9.066023491150454e-06,8.004776715640607e-08,0.022239583645060186,0.0
60,21,0.04752386134724937,4.5814812018468025e-07,0.0,0.03027880997008512,0.0
60,22,0.05602347291254514,1.7276656961191276e-06,0.0,0.026648421800677603,0.0
60,23,0.04073821425995484,0.005000575253144849,0.0,0.0249569764418539,0.0
60,24,0.05563928234462644,3.2253426860244525e-06,0.0,0.02316866596694763,0.0
60,25,0.06129002815145231,0.00080132972211044,0.0,0.017812615333496762,0.0
60,26,0.03918322895336786,0.00828258878487868,0.0,0.030337769207126174,0.0
60,27,0.044012834128324574,0.0004130231025374828,0.0,0.030761926231155368,0.0
60,28,0.04523660729979171,0.004560034797520793,0.0,0.02060142306022031,0.0
60,29,0.04434332037973947,0.011022429064616833,0.0,0.02047590941193226,0.0
60,30,0.04079903989857175,0.0038901942974398974,0.0,0.04311559095067331,0.0
60,31,0.06574749953356225,0.005234290907622095,0.0,0.017542227303844332,0.0
60,32,0.045803259141169485,0.001770733852983665,0.0,0.02040755759442067,0.0
60,33,0.05463726403641621,1.680919659243082e-07,0.0,0.06529182710137311,0.0
60,34,0.052219643090161465,9.773650380126644e-06,0.0,0.01887552476941744,0.0
60,35,0.07009503759750957,0.0004175511878189587,0.0,0.017436751284980102,0.0
60,36,0.055014237553381654,5.7363094525305615e-06,0.0,0.024317622624387934,0.0
60,37,0.049418688967080814,0.005946019250917289,0.0,0.01800900846343015,0.0
60,38,0.043827545986250875,0.0002359404354105885,0.0,0.03523976029808191,0.0
61,0,0.04091088497501105,0.004787519882842115,0.0,0.025746106589970858,0.0
61,1,0.041696840476277176,0.0016339876591201904,0.0,0.028924010755379155,0.0
61,2,0.049554786877966224,0.0012918068177687802,0.0,0.019114269384229256,0.0
61,3,0.055871499583465815,0.005685465441481109,0.0,0.017301523848342944,0.0
61,4,0.057013701708503256,0.001797506264783894,0.0,0.017950591137125424,0.0
61,5,0.07837963633284133,0.0004425569089864308,0.0,0.017029114241847602,0.0
61,6,0.0596293826594918,0.0018436320030131132,0.0,0.017896679992061862,0.0
61,7,0.056671571343497575,1.88102205747397e-11,0.0,0.021668376012027462,0.0
61,8,0.04552447176855006,8.331224292018293e-05,0.0,0.021662363748491297,0.0
61,9,0.04778679691318433,0.00014261443399100126,0.0,0.02108602027279171,0.0
61,10,0.04698770422223894,4.190193843308729e-05,0.0,0.025875506303642732,0.0
61,11,0.04955002135850932,5.094183041427429e-06,0.0,0.02630199276693802,0.0
61,12,0.04628167534284465,0.011950418743956881,0.0,0.015516105612312378,0.0
61,13,0.05673364056763464,0.0008583007381224935,0.0,0.01796723737455514,0.0
61,14,0.044144979594710726,0.0036063713908461403,0.0,0.02087590244293864,0.0
61,15,0.04911110827094808,2.4309154362878827e-05,0.0,0.023689437077415776,0.0
61,16,0.04446737811484164,0.0005896108890894713,6.80410605750497e-08,0.018811635537359903,0.0
61,17,0.04525795204968321,0.006728533104181578,0.0,0.01597363310312245,0.0
61,18,0.05125557886247423,9.066023491150454e-06,8.004776715640607e-08,0.022239583645060186,0.0
61,19,0.04752386134724937,4.5814812018468025e-07,0.0,0.03027880997008512,0.0
61,20,0.05602347291254514,1.7276656961191276e-06,0.0,0.026648421800677603,0.0
61,21,0.04073821425995484,0.005000575253144849,0.0,0.0249569764418539,0.0
61,22,0.05563928234462644,3.2253426860244525e-06,0.0,0.02316866596694763,0.0
61,23,0.06129002815145231,0.00080132972211044,0.0,0.017812615333496762,0.0
61,24,0.03918322895336786,0.00828258878487868,0.0,0.030337769207126174,0.0
61,25,0.044012834128324574,0.0004130231025374828,0.0,0.030761926231155368,0.0
61,26,0.04523660729979171,0.004560034797520793,0.0,0.02060142306022031,0.0
61,27,0.04434332037973947,0.011022429064616833,0.0,0.02047590941193226,0.0
61,28,0.04079903989857175,0.0038901942974398974,0.0,0.04311559095067331,0.0
61,29,0.045803259141169485,0.001770733852983665,0.0,0.02040755759442067,0.0
61,30,0.05463726403641621,1.680919659243082e-07,0.0,0.06529182710137311,0.0
61,31,0.052219643090161465,9.773650380126644e-06,0.0,0.01887552476941744,0.0
61,32,0.07009503759750957,0.0004175511878189587,0.0,0.017436751284980102,0.0
61,33,0.055014237553381654,5.7363094525305615e-06,0.0,0.024317622624387934,0.0
61,34,0.049418688967080814,0.005946019250917289,0.0,0.01800900846343015,0.0
61,35,0.043827545986250875,0.0002359404354105885,0.0,0.03523976029808191,0.0
61,36,0.04465797041001347,0.0019715388007713864,0.0,0.02281699933930922,0.0
61,37,0.042706513337902735,0.00048367832360495487,0.0,0.03118790644488238,0.0
61,38,0.05837175975867379,0.0038558872249806544,0.0,0.015737928910018375,0.0
62,0,0.04091088497501105,0.004787519882842115,0.0,0.025746106589970858,0.0
62,1,0.041696840476277176,0.0016339876591201904,0.0,0.028924010755379155,0.0
62,2,0.049554786877966224,0.0012918068177687802,0.0,0.019114269384229256,0.0
62,3,0.055871499583465815,0.005685465441481109,0.0,0.017301523848342944,0.0
62,4,0.057013701708503256,0.001797506264783894,0.0,0.017950591137125424,0.0
62,5,0.07837963633284133,0.0004425569089864308,0.0,0.017029114241847602,0.0
62,6,0.0596293826594918,0.0018436320030131132,0.0,0.017896679992061862,0.0
62,7,0.056671571343497575,1.88102205747397e-11,0.0,0.021668376012027462,0.0
62,8,0.04552447176855006,8.331224292018293e-05,0.0,0.021662363748491297,0.0
62,9,0.04778679691318433,0.00014261443399100126,0.0,0.02108602027279171,0.0
62,10,0.04955002135850932,5.094183041427429e-06,0.0,0.02630199276693802,0.0
62,11,0.04628167534284465,0.011950418743956881,0.0,0.015516105612312378,0.0
62,12,0.05673364056763464,0.0008583007381224935,0.0,0.01796723737455514,0.0
62,13,0.044144979594710726,0.0036063713908461403,0.0,0.02087590244293864,0.0
62,14,0.04911110827094808,2.4309154362878827e-05,0.0,0.023689437077415776,0.0
62,15,0.04446737811484164,0.0005896108890894713,6.80410605750497e-08,0.018811635537359903,0.0
62,16,0.04525795204968321,0.006728533104181578,0.0,0.01597363310312245,0.0
62,17,0.05125557886247423,9.066023491150454e-06,8.004776715640607e-08,0.022239583645060186,0.0
62,18,0.04752386134724937,4.5814812018468025e-07,0.0,0.03027880997008512,0.0
62,19,0.05602347291254514,1.7276656961191276e-06,0.0,0.026648421800677603,0.0
62,20,0.04073821425995484,0.005000575253144849,0.0,0.0249569764418539,0.0
62,21,0.05563928234462644,3.2253426860244525e-06,0.0,0.02316866596694763,0.0
62,22,0.06129002815145231,0.00080132972211044,0.0,0.017812615333496762,0.0
62,23,0.03918322895336786,0.00828258878487868,0.0,0.030337769207126174,0.0
62,24,0.04523660729979171,0.004560034797520793,0.0,0.02060142306022031,0.0
62,25,0.04434332037973947,0.011022429064616833,0.0,0.02047590941193226,0.0
62,26,0.04079903989857175,0.0038901942974398974,0.0,0.04311559095067331,0.0
62,27,0.045803259141169485,0.001770733852983665,0.0,0.02040755759442067,0.0
62,28,0.05463726403641621,1.680919659243082e-07,0.0,0.06529182710137311,0.0
62,29,0.052219643090161465,9.773650380126644e-06,0.0,0.01887552476941744,0.0
62,30,0.07009503759750957,0.0004175511878189587,0.0,0.017436751284980102,0.0
62,31,0.055014237553381654,5.7363094525305615e-06,0.0,0.024317622624387934,0.0
62,32,0.049418688967080814,0.005946019250917289,0.0,0.01800900846343015,0.0
62,33,0.04465797041001347,0.0019715388007713864,0.0,0.02281699933930922,0.0
62,34,0.05837175975867379,0.0038558872249806544,0.0,0.015737928910018375,0.0
62,35,0.04247329384744354,2.8939567424584768e-05,0.0,0.025767744407837512,0.0
63,0,0.04091088497501105,0.004787519882842115,0.0,0.025746106589970858,0.0
63,1,0.041696840476277176,0.0016339876591201904,0.0,0.028924010755379155,0.0
63,2,0.049554786877966224,0.0012918068177687802,0.0,0.019114269384229256,0.0
63,3,0.055871499583465815,0.005685465441481109,0.0,0.017301523848342944,0.0
63,4,0.057013701708503256,0.001797506264783894,0.0,0.017950591137125424,0.0
63,5,0.07837963633284133,0.0004425569089864308,0.0,0.017029114241847602,0.0
63,6,0.0596293826594918,0.0018436320030131132,0.0,0.017896679992061862,0.0
63,7,0.056671571343497575,1.88102205747397e-11,0.0,0.021668376012027462,0.0
63,8,0.04552447176855006,8.331224292018293e-05,0.0,0.021662363748491297,0.0
63,9,0.04778679691318433,0.00014261443399100126,0.0,0.02108602027279171,0.0
63,10,0.04955002135850932,5.094183041427429e-06,0.0,0.02630199276693802,0.0
63,11,0.04628167534284465,0.011950418743956881,0.0,0.015516105612312378,0.0
63,12,0.05673364056763464,0.0008583007381224935,0.0,0.01796723737455514,0.0
63,13,0.044144979594710726,0.0036063713908461403,0.0,0.02087590244293864,0.0
63,14,0.04911110827094808,2.4309154362878827e-05,0.0,0.023689437077415776,0.0
63,15,0.04446737811484164,0.0005896108890894713,6.80410605750497e-08,0.018811635537359903,0.0
63,16,0.04525795204968321,0.006728533104181578,0.0,0.01597363310312245,0.0
63,17,0.05125557886247423,9.066023491150454e-06,8.004776715640607e-08,0.022239583645060186,0.0
63,18,0.04752386134724937,4.5814812018468025e-07,0.0,0.03027880997008512,0.0
63,19,0.05602347291254514,1.7276656961191276e-06,0.0,0.026648421800677603,0.0
63,20,0.04073821425995484,0.005000575253144849,0.0,0.0249569764418539,0.0
63,21,0.05563928234462644,3.2253426860244525e-06,0.0,0.02316866596694763,0.0
63,22,0.06129002815145231,0.00080132972211044,0.0,0.017812615333496762,0.0
63,23,0.03918322895336786,0.00828258878487868,0.0,0.030337769207126174,0.0
63,24,0.04523660729979171,0.004560034797520793,0.0,0.02060142306022031,0.0
63,25,0.04434332037973947,0.011022429064616833,0.0,0.02047590941193226,0.0
63,26,0.04079903989857175,0.0038901942974398974,0.0,0.04311559095067331,0.0
63,27,0.045803259141169485,0.001770733852983665,0.0,0.02040755759442067,0.0
63,28,0.05463726403641621,1.680919659243082e-07,0.0,0.06529182710137311,0.0
63,29,0.052219643090161465,9.773650380126644e-06,0.0,0.01887552476941744,0.0
63,30,0.07009503759750957,0.0004175511878189587,0.0,0.017436751284980102,0.0
63,31,0.055014237553381654,5.7363094525305615e-06,0.0,0.024317622624387934,0.0
63,32,0.049418688967080814,0.005946019250917289,0.0,0.01800900846343015,0.0
63,33,0.04465797041001347,0.0019715388007713864,0.0,0.02281699933930922,0.0
63,34,0.05837175975867379,0.0038558872249806544,0.0,0.015737928910018375,0.0
63,35,0.04247329384744354,2.8939567424584768e-05,0.0,0.025767744407837512,0.0
64,0,0.04091088497501105,0.004787519882842115,0.0,0.025746106589970858,0.0
64,1,0.041696840476277176,0.0016339876591201904,0.0,0.028924010755379155,0.0
64,2,0.049554786877966224,0.0012918068177687802,0.0,0.019114269384229256,0.0
64,3,0.055871499583465815,0.005685465441481109,0.0,0.017301523848342944,0.0
64,4,0.057013701708503256,0.001797506264783894,0.0,0.017950591137125424,0.0
64,5,0.07837963633284133,0.0004425569089864308,0.0,0.017029114241847602,0.0
64,6,0.0596293826594918,0.0018436320030131132,0.0,0.017896679992061862,0.0
64,7,0.056671571343497575,1.88102205747397e-11,0.0,0.021668376012027462,0.0
64,8,0.04552447176855006,8.331224292018293e-05,0.0,0.021662363748491297,0.0
64,9,0.04778679691318433,0.00014261443399100126,0.0,0.02108602027279171,0.0
64,10,0.04955002135850932,5.094183041427429e-06,0.0,0.02630199276693802,0.0
64,11,0.04628167534284465,0.011950418743956881,0.0,0.015516105612312378,0.0
64,12,0.05673364056763464,0.0008583007381224935,0.0,0.01796723737455514,0.0
64,13,0.044144979594710726,0.0036063713908461403,0.0,0.02087590244293864,0.0
64,14,0.04911110827094808,2.4309154362878827e-05,0.0,0.023689437077415776,0.0
64,15,0.04446737811484164,0.0005896108890894713,6.80410605750497e-08,0.018811635537359903,0.0
64,16,0.04525795204968321,0.006728533104181578,0.0,0.01597363310312245,0.0
64,17,0.05125557886247423,9.066023491150454e-06,8.004776715640607e-08,0.022239583645060186,0.0
64,18,0.04752386134724937,4.5814812018468025e-07,0.0,0.03027880997008512,0.0
64,19,0.05602347291254514,1.7276656961191276e-06,0.0,0.026648421800677603,0.0
64,20,0.04073821425995484,0.005000575253144849,0.0,0.0249569764418539,0.0
64,21,0.05563928234462644,3.2253426860244525e-06,0.0,0.02316866596694763,0.0
64,22,0.06129002815145231,0.00080132972211044,0.0,0.017812615333496762,0.0
64,23,0.03918322895336786,0.00828258878487868,0.0,0.030337769207126174,0.0
64,24,0.04523660729979171,0.004560034797520793,0.0,0.02060142306022031,0.0
64,25,0.04434332037973947,0.011022429064616833,0.0,0.02047590941193226,0.0
64,26,0.04079903989857175,0.0038901942974398974,0.0,0.04311559095067331,0.0
64,27,0.045803259141169485,0.001770733852983665,0.0,0.02040755759442067,0.0
64,28,0.05463726403641621,1.680919659243082e-07,0.0,0.06529182710137311,0.0
64,29,0.052219643090161465,9.773650380126644e-06,0.0,0.01887552476941744,0.0
64,30,0.07009503759750957,0.0004175511878189587,0.0,0.017436751284980102,0.0
64,31,0.055014237553381654,5.7363094525305615e-06,0.0,0.024317622624387934,0.0
64,32,0.049418688967080814,0.005946019250917289,0.0,0.01800900846343015,0.0
64,33,0.04465797041001347,0.0019715388007713864,0.0,0.02281699933930922,0.0
64,34,0.05837175975867379,0.0038558872249806544,0.0,0.015737928910018375,0.0
64,35,0.04247329384744354,2.8939567424584768e-05,0.0,0.025767744407837512,0.0
64,36,0.04136280150534814,6.473637230972957e-05,3.718561512036486e-08,0.06272897202420429,0.0
65,0,0.04091088497501105,0.004787519882842115,0.0,0.025746106589970858,0.0
65,1,0.041696840476277176,0.0016339876591201904,0.0,0.028924010755379155,0.0
65,2,0.049554786877966224,0.0012918068177687802,0.0,0.019114269384229256,0.0
65,3,0.055871499583465815,0.005685465441481109,0.0,0.017301523848342944,0.0
65,4,0.057013701708503256,0.001797506264783894,0.0,0.017950591137125424,0.0
65,5,0.07837963633284133,0.0004425569089864308,0.0,0.017029114241847602,0.0
65,6,0.0596293826594918,0.0018436320030131132,0.0,0.017896679992061862,0.0
65,7,0.056671571343497575,1.88102205747397e-11,0.0,0.021668376012027462,0.0
65,8,0.04552447176855006,8.331224292018293e-05,0.0,0.021662363748491297,0.0
65,9,0.04778679691318433,0.00014261443399100126,0.0,0.02108602027279171,0.0
65,10,0.04955002135850932,5.094183041427429e-06,0.0,0.02630199276693802,0.0
65,11,0.04628167534284465,0.011950418743956881,0.0,0.015516105612312378,0.0
65,12,0.05673364056763464,0.0008583007381224935,0.0,0.01796723737455514,0.0
65,13,0.044144979594710726,0.0036063713908461403,0.0,0.02087590244293864,0.0
65,14,0.04911110827094808,2.4309154362878827e-05,0.0,0.023689437077415776,0.0
65,15,0.04446737811484164,0.0005896108890894713,6.80410605750497e-08,0.018811635537359903,0.0
65,16,0.04525795204968321,0.006728533104181578,0.0,0.01597363310312245,0.0
65,17,0.05125557886247423,9.066023491150454e-06,8.004776715640607e-08,0.022239583645060186,0.0
65,18,0.04752386134724937,4.5814812018468025e-07,0.0,0.03027880997008512,0.0
65,19,0.05602347291254514,1.7276656961191276e-06,0.0,0.026648421800677603,0.0
65,20,0.04073821425995484,0.005000575253144849,0.0,0.0249569764418539,0.0
65,21,0.05563928234462644,3.2253426860244525e-06,0.0,0.02316866596694763,0.0
65,22,0.06129002815145231,0.00080132972211044,0.0,0.017812615333496762,0.0
65,23,0.03918322895336786,0.00828258878487868,0.0,0.030337769207126174,0.0
65,24,0.04523660729979171,0.004560034797520793,0.0,0.02060142306022031,0.0
65,25,0.04434332037973947,0.011022429064616833,0.0,0.02047590941193226,0.0
65,26,0.04079903989857175,0.0038901942974398974,0.0,0.04311559095067331,0.0
65,27,0.045803259141169485,0.001770733852983665,0.0,0.02040755759442067,0.0
65,28,0.05463726403641621,1.680919659243082e-07,0.0,0.06529182710137311,0.0
65,29,0.052219643090161465,9.773650380126644e-06,0.0,0.01887552476941744,0.0
65,30,0.07009503759750957,0.0004175511878189587,0.0,0.017436751284980102,0.0
65,31,0.055014237553381654,5.7363094525305615e-06,0.0,0.024317622624387934,0.0
65,32,0.049418688967080814,0.005946019250917289,0.0,0.01800900846343015,0.0
65,33,0.04465797041001347,0.0019715388007713864,0.0,0.02281699933930922,0.0
65,34,0.05837175975867379,0.0038558872249806544,0.0,0.015737928910018375,0.0
65,35,0.04247329384744354,2.8939567424584768e-05,0.0,0.025767744407837512,0.0
65,36,0.04136280150534814,6.473637230972957e-05,3.718561512036486e-08,0.06272897202420429,0.0
65,37,0.043339523467681065,8.411115438175846e-05,6.866906736295929e-08,0.024318481229047218,0.0
65,38,0.04503816685024227,8.843631030618677e-06,0.0,0.055958597027632596,0.0
66,0,0.04091088497501105,0.004787519882842115,0.0,0.025746106589970858,0.0
66,1,0.041696840476277176,0.0016339876591201904,0.0,0.028924010755379155,0.0
66,2,0.049554786877966224,0.0012918068177687802,0.0,0.019114269384229256,0.0
66,3,0.055871499583465815,0.005685465441481109,0.0,0.017301523848342944,0.0
66,4,0.057013701708503256,0.001797506264783894,0.0,0.017950591137125424,0.0
66,5,0.07837963633284133,0.0004425569089864308,0.0,0.017029114241847602,0.0
66,6,0.0596293826594918,0.0018436320030131132,0.0,0.017896679992061862,0.0
66,7,0.056671571343497575,1.88102205747397e-11,0.0,0.021668376012027462,0.0
66,8,0.04552447176855006,8.331224292018293e-05,0.0,0.021662363748491297,0.0
66,9,0.04778679691318433,0.00014261443399100126,0.0,0.02108602027279171,0.0
66,10,0.04955002135850932,5.094183041427429e-06,0.0,0.02630199276693802,0.0
66,11,0.04628167534284465,0.011950418743956881,0.0,0.015516105612312378,0.0
66,12,0.05673364056763464,0.0008583007381224935,0.0,0.01796723737455514,0.0
66,13,0.044144979594710726,0.0036063713908461403,0.0,0.02087590244293864,0.0
66,14,0.04911110827094808,2.4309154362878827e-05,0.0,0.023689437077415776,0.0
66,15,0.04446737811484164,0.0005896108890894713,6.80410605750497e-08,0.018811635537359903,0.0
66,16,0.04525795204968321,0.006728533104181578,0.0,0.01597363310312245,0.0
66,17,0.05125557886247423,9.066023491150454e-06,8.004776715640607e-08,0.022239583645060186,0.0
66,18,0.04752386134724937,4.5814812018468025e-07,0.0,0.03027880997008512,0.0
66,19,0.05602347291254514,1.7276656961191276e-06,0.0,0.026648421800677603,0.0
66,20,0.04073821425995484,0.005000575253144849,0.0,0.0249569764418539,0.0
66,21,0.05563928234462644,3.2253426860244525e-06,0.0,0.02316866596694763,0.0
66,22,0.06129002815145231,0.00080132972211044,0.0,0.017812615333496762,0.0
66,23,0.03918322895336786,0.00828258878487868,0.0,0.030337769207126174,0.0
66,24,0.04523660729979171,0.004560034797520793,0.0,0.02060142306022031,0.0
66,25,0.04434332037973947,0.011022429064616833,0.0,0.02047590941193226,0.0
66,26,0.045803259141169485,0.001770733852983665,0.0,0.02040755759442067,0.0
66,27,0.05463726403641621,1.680919659243082e-07,0.0,0.06529182710137311,0.0
66,28,0.052219643090161465,9.773650380126644e-06,0.0,0.01887552476941744,0.0
66,29,0.07009503759750957,0.0004175511878189587,0.0,0.017436751284980102,0.0
66,30,0.055014237553381654,5.7363094525305615e-06,0.0,0.024317622624387934,0.0
66,31,0.049418688967080814,0.005946019250917289,0.0,0.01800900846343015,0.0
66,32,0.04465797041001347,0.0019715388007713864,0.0,0.02281699933930922,0.0
66,33,0.05837175975867379,0.0038558872249806544,0.0,0.015737928910018375,0.0
66,34,0.04247329384744354,2.8939567424584768e-05,0.0,0.025767744407837512,0.0
66,35,0.04136280150534814,6.473637230972957e-05,3.718561512036486e-08,0.06272897202420429,0.0
66,36,0.043339523467681065,8.411115438175846e-05,6.866906736295929e-08,0.024318481229047218,0.0
66,37,0.04503816685024227,8.843631030618677e-06,0.0,0.055958597027632596,0.0
66,38,0.04018195836202711,0.0004122238852192705,0.0,0.037050001451976414,0.0
66,39,0.05525815653198828,1.8492886624681422e-06,0.0,0.02781456285378454,0.0
67,0,0.04091088497501105,0.004787519882842115,0.0,0.025746106589970858,0.0
67,1,0.041696840476277176,0.0016339876591201904,0.0,0.028924010755379155,0.0
67,2,0.049554786877966224,0.0012918068177687802,0.0,0.019114269384229256,0.0
67,3,0.055871499583465815,0.005685465441481109,0.0,0.017301523848342944,0.0
67,4,0.057013701708503256,0.001797506264783894,0.0,0.017950591137125424,0.0
67,5,0.07837963633284133,0.0004425569089864308,0.0,0.017029114241847602,0.0
67,6,0.0596293826594918,0.0018436320030131132,0.0,0.017896679992061862,0.0
67,7,0.056671571343497575,1.88102205747397e-11,0.0,0.021668376012027462,0.0
67,8,0.04552447176855006,8.331224292018293e-05,0.0,0.021662363748491297,0.0
67,9,0.04778679691318433,0.00014261443399100126,0.0,0.02108602027279171,0.0
67,10,0.04955002135850932,5.094183041427429e-06,0.0,0.02630199276693802,0.0
67,11,0.04628167534284465,0.011950418743956881,0.0,0.015516105612312378,0.0
67,12,0.05673364056763464,0.0008583007381224935,0.0,0.01796723737455514,0.0
67,13,0.044144979594710726,0.0036063713908461403,0.0,0.02087590244293864,0.0
67,14,0.04911110827094808,2.4309154362878827e-05,0.0,0.023689437077415776,0.0
67,15,0.04446737811484164,0.0005896108890894713,6.80410605750497e-08,0.018811635537359903,0.0
67,16,0.04525795204968321,0.006728533104181578,0.0,0.01597363310312245,0.0
67,17,0.05125557886247423,9.066023491150454e-06,8.004776715640607e-08,0.022239583645060186,0.0
67,18,0.04752386134724937,4.5814812018468025e-07,0.0,0.03027880997008512,0.0
67,19,0.05602347291254514,1.7276656961191276e-06,0.0,0.026648421800677603,0.0
67,20,0.04073821425995484,0.005000575253144849,0.0,0.0249569764418539,0.0
67,21,0.05563928234462644,3.2253426860244525e-06,0.0,0.02316866596694763,0.0
67,22,0.03918322895336786,0.00828258878487868,0.0,0.030337769207126174,0.0
67,23,0.04523660729979171,0.004560034797520793,0.0,0.02060142306022031,0.0
67,24,0.04434332037973947,0.011022429064616833,0.0,0.02047590941193226,0.0
67,25,0.045803259141169485,0.001770733852983665,0.0,0.02040755759442067,0.0
67,26,0.05463726403641621,1.680919659243082e-07,0.0,0.06529182710137311,0.0
67,27,0.052219643090161465,9.773650380126644e-06,0.0,0.01887552476941744,0.0
67,28,0.07009503759750957,0.0004175511878189587,0.0,0.017436751284980102,0.0
67,29,0.055014237553381654,5.7363094525305615e-06,0.0,0.024317622624387934,0.0
67,30,0.049418688967080814,0.005946019250917289,0.0,0.01800900846343015,0.0
67,31,0.04465797041001347,0.0019715388007713864,0.0,0.02281699933930922,0.0
67,32,0.05837175975867379,0.0038558872249806544,0.0,0.015737928910018375,0.0
67,33,0.04247329384744354,2.8939567424584768e-05,0.0,0.025767744407837512,0.0
67,34,0.04136280150534814,6.473637230972957e-05,3.718561512036486e-08,0.06272897202420429,0.0
67,35,0.043339523467681065,8.411115438175846e-05,6.866906736295929e-08,0.024318481229047218,0.0
67,36,0.04503816685024227,8.843631030618677e-06,0.0,0.055958597027632596,0.0
67,37,0.04018195836202711,0.0004122238852192705,0.0,0.037050001451976414,0.0
67,38,0.05525815653198828,1.8492886624681422e-06,0.0,0.02781456285378454,0.0
67,39,0.06081201479770119,0.00043757460966392143,0.0,0.01757443456294469,0.0
68,0,0.04091088497501105,0.004787519882842115,0.0,0.025746106589970858,0.0
68,1,0.041696840476277176,0.0016339876591201904,0.0,0.028924010755379155,0.0
68,2,0.049554786877966224,0.0012918068177687802,0.0,0.019114269384229256,0.0
68,3,0.055871499583465815,0.005685465441481109,0.0,0.017301523848342944,0.0
68,4,0.057013701708503256,0.001797506264783894,0.0,0.017950591137125424,0.0
68,5,0.07837963633284133,0.0004425569089864308,0.0,0.017029114241847602,0.0
68,6,0.0596293826594918,0.0018436320030131132,0.0,0.017896679992061862,0.0
68,7,0.056671571343497575,1.88102205747397e-11,0.0,0.021668376012027462,0.0
68,8,0.04552447176855006,8.331224292018293e-05,0.0,0.021662363748491297,0.0
68,9,0.04778679691318433,0.00014261443399100126,0.0,0.02108602027279171,0.0
68,10,0.04955002135850932,5.094183041427429e-06,0.0,0.02630199276693802,0.0
68,11,0.04628167534284465,0.011950418743956881,0.0,0.015516105612312378,0.0
68,12,0.05673364056763464,0.0008583007381224935,0.0,0.01796723737455514,0.0
68,13,0.044144979594710726,0.0036063713908461403,0.0,0.02087590244293864,0.0
68,14,0.04911110827094808,2.4309154362878827e-05,0.0,0.023689437077415776,0.0
68,15,0.04446737811484164,0.0005896108890894713,6.80410605750497e-08,0.018811635537359903,0.0
68,16,0.04525795204968321,0.006728533104181578,0.0,0.01597363310312245,0.0
68,17,0.05125557886247423,9.066023491150454e-06,8.004776715640607e-08,0.022239583645060186,0.0
68,18,0.04752386134724937,4.5814812018468025e-07,0.0,0.03027880997008512,0.0
68,19,0.05602347291254514,1.7276656961191276e-06,0.0,0.026648421800677603,0.0
68,20,0.04073821425995484,0.005000575253144849,0.0,0.0249569764418539,0.0
68,21,0.05563928234462644,3.2253426860244525e-06,0.0,0.02316866596694763,0.0
68,22,0.03918322895336786,0.00828258878487868,0.0,0.030337769207126174,0.0
68,23,0.04523660729979171,0.004560034797520793,0.0,0.02060142306022031,0.0
68,24,0.04434332037973947,0.011022429064616833,0.0,0.02047590941193226,0.0
68,25,0.045803259141169485,0.001770733852983665,0.0,0.02040755759442067,0.0
68,26,0.05463726403641621,1.680919659243082e-07,0.0,0.06529182710137311,0.0
68,27,0.052219643090161465,9.773650380126644e-06,0.0,0.01887552476941744,0.0
68,28,0.07009503759750957,0.0004175511878189587,0.0,0.017436751284980102,0.0
68,29,0.055014237553381654,5.7363094525305615e-06,0.0,0.024317622624387934,0.0
68,30,0.049418688967080814,0.005946019250917289,0.0,0.01800900846343015,0.0
68,31,0.04465797041001347,0.0019715388007713864,0.0,0.02281699933930922,0.0
68,32,0.05837175975867379,0.0038558872249806544,0.0,0.015737928910018375,0.0
68,33,0.04247329384744354,2.8939567424584768e-05,0.0,0.025767744407837512,0.0
68,34,0.04136280150534814,6.473637230972957e-05,3.718561512036486e-08,0.06272897202420429,0.0
68,35,0.043339523467681065,8.411115438175846e-05,6.866906736295929e-08,0.024318481229047218,0.0
68,36,0.04503816685024227,8.843631030618677e-06,0.0,0.055958597027632596,0.0
68,37,0.04018195836202711,0.0004122238852192705,0.0,0.037050001451976414,0.0
68,38,0.05525815653198828,1.8492886624681422e-06,0.0,0.02781456285378454,0.0
68,39,0.06081201479770119,0.00043757460966392143,0.0,0.01757443456294469,0.0
68,40,0.047890415814359565,0.0007171364873428466,0.0,0.019536089454594886,0.0
68,41,0.04777137987575162,3.7101172321759128e-06,0.0,0.028763102899127802,0.0
69,0,0.04091088497501105,0.004787519882842115,0.0,0.025746106589970858,0.0
69,1,0.041696840476277176,0.0016339876591201904,0.0,0.028924010755379155,0.0
69,2,0.049554786877966224,0.0012918068177687802,0.0,0.019114269384229256,0.0
69,3,0.055871499583465815,0.005685465441481109,0.0,0.017301523848342944,0.0
69,4,0.057013701708503256,0.001797506264783894,0.0,0.017950591137125424,0.0
69,5,0.07837963633284133,0.0004425569089864308,0.0,0.017029114241847602,0.0
69,6,0.0596293826594918,0.0018436320030131132,0.0,0.017896679992061862,0.0
69,7,0.056671571343497575,1.88102205747397e-11,0.0,0.021668376012027462,0.0
69,8,0.04552447176855006,8.331224292018293e-05,0.0,0.021662363748491297,0.0
69,9,0.04778679691318433,0.00014261443399100126,0.0,0.02108602027279171,0.0
69,10,0.04955002135850932,5.094183041427429e-06,0.0,0.02630199276693802,0.0
69,11,0.04628167534284465,0.011950418743956881,0.0,0.015516105612312378,0.0
69,12,0.05673364056763464,0.0008583007381224935,0.0,0.01796723737455514,0.0
69,13,0.044144979594710726,0.0036063713908461403,0.0,0.02087590244293864,0.0
69,14,0.04911110827094808,2.4309154362878827e-05,0.0,0.023689437077415776,0.0
69,15,0.04446737811484164,0.0005896108890894713,6.80410605750497e-08,0.018811635537359903,0.0
69,16,0.04525795204968321,0.006728533104181578,0.0,0.01597363310312245,0.0
69,17,0.05125557886247423,9.066023491150454e-06,8.004776715640607e-08,0.022239583645060186,0.0
69,18,0.04752386134724937,4.5814812018468025e-07,0.0,0.03027880997008512,0.0
69,19,0.05602347291254514,1.7276656961191276e-06,0.0,0.026648421800677603,0.0
69,20,0.04073821425995484,0.005000575253144849,0.0,0.0249569764418539,0.0
69,21,0.05563928234462644,3.2253426860244525e-06,0.0,0.02316866596694763,0.0
69,22,0.03918322895336786,0.00828258878487868,0.0,0.030337769207126174,0.0
69,23,0.04523660729979171,0.004560034797520793,0.0,0.02060142306022031,0.0
69,24,0.04434332037973947,0.011022429064616833,0.0,0.02047590941193226,0.0
69,25,0.045803259141169485,0.001770733852983665,0.0,0.02040755759442067,0.0
69,26,0.05463726403641621,1.680919659243082e-07,0.0,0.06529182710137311,0.0
69,27,0.052219643090161465,9.773650380126644e-06,0.0,0.01887552476941744,0.0
69,28,0.07009503759750957,0.0004175511878189587,0.0,0.017436751284980102,0.0
69,29,0.055014237553381654,5.7363094525305615e-06,0.0,0.024317622624387934,0.0
69,30,0.049418688967080814,0.005946019250917289,0.0,0.01800900846343015,0.0
69,31,0.04465797041001347,0.0019715388007713864,0.0,0.02281699933930922,0.0
69,32,0.05837175975867379,0.0038558872249806544,0.0,0.015737928910018375,0.0
69,33,0.04247329384744354,2.8939567424584768e-05,0.0,0.025767744407837512,0.0
69,34,0.04136280150534814,6.473637230972957e-05,3.718561512036486e-08,0.06272897202420429,0.0
69,35,0.043339523467681065,8.411115438175846e-05,6.866906736295929e-08,0.024318481229047218,0.0
69,36,0.04503816685024227,8.843631030618677e-06,0.0,0.055958597027632596,0.0
69,37,0.05525815653198828,1.8492886624681422e-06,0.0,0.02781456285378454,0.0
69,38,0.06081201479770119,0.00043757460966392143,0.0,0.01757443456294469,0.0
69,39,0.047890415814359565,0.0007171364873428466,0.0,0.019536089454594886,0.0
69,40,0.04777137987575162,3.7101172321759128e-06,0.0,0.028763102899127802,0.0
69,41,0.03883720961996999,0.0001133442343557698,0.0,0.03148899954484961,0.0
70,0,0.04091088497501105,0.004787519882842115,0.0,0.025746106589970858,0.0
70,1,0.041696840476277176,0.0016339876591201904,0.0,0.028924010755379155,0.0
70,2,0.049554786877966224,0.0012918068177687802,0.0,0.019114269384229256,0.0
70,3,0.055871499583465815,0.005685465441481109,0.0,0.017301523848342944,0.0
70,4,0.057013701708503256,0.001797506264783894,0.0,0.017950591137125424,0.0
70,5,0.07837963633284133,0.0004425569089864308,0.0,0.017029114241847602,0.0
70,6,0.0596293826594918,0.0018436320030131132,0.0,0.017896679992061862,0.0
70,7,0.056671571343497575,1.88102205747397e-11,0.0,0.021668376012027462,0.0
70,8,0.04552447176855006,8.331224292018293e-05,0.0,0.021662363748491297,0.0
70,9,0.04778679691318433,0.00014261443399100126,0.0,0.02108602027279171,0.0
70,10,0.04955002135850932,5.094183041427429e-06,0.0,0.02630199276693802,0.0
70,11,0.04628167534284465,0.011950418743956881,0.0,0.015516105612312378,0.0
70,12,0.05673364056763464,0.0008583007381224935,0.0,0.01796723737455514,0.0
70,13,0.044144979594710726,0.0036063713908461403,0.0,0.02087590244293864,0.0
70,14,0.04911110827094808,2.4309154362878827e-05,0.0,0.023689437077415776,0.0
70,15,0.04446737811484164,0.0005896108890894713,6.80410605750497e-08,0.018811635537359903,0.0
70,16,0.04525795204968321,0.006728533104181578,0.0,0.01597363310312245,0.0
70,17,0.05125557886247423,9.066023491150454e-06,8.004776715640607e-08,0.022239583645060186,0.0
70,18,0.04752386134724937,4.5814812018468025e-07,0.0,0.03027880997008512,0.0
70,19,0.05602347291254514,1.7276656961191276e-06,0.0,0.026648421800677603,0.0
70,20,0.04073821425995484,0.005000575253144849,0.0,0.0249569764418539,0.0
70,21,0.05563928234462644,3.2253426860244525e-06,0.0,0.02316866596694763,0.0
70,22,0.03918322895336786,0.00828258878487868,0.0,0.030337769207126174,0.0
70,23,0.04523660729979171,0.004560034797520793,0.0,0.02060142306022031,0.0
70,24,0.04434332037973947,0.011022429064616833,0.0,0.02047590941193226,0.0
70,25,0.045803259141169485,0.001770733852983665,0.0,0.02040755759442067,0.0
70,26,0.05463726403641621,1.680919659243082e-07,0.0,0.06529182710137311,0.0
70,27,0.052219643090161465,9.773650380126644e-06,0.0,0.01887552476941744,0.0
70,28,0.07009503759750957,0.0004175511878189587,0.0,0.017436751284980102,0.0
70,29,0.055014237553381654,5.7363094525305615e-06,0.0,0.024317622624387934,0.0
70,30,0.049418688967080814,0.005946019250917289,0.0,0.01800900846343015,0.0
70,31,0.04465797041001347,0.0019715388007713864,0.0,0.02281699933930922,0.0
70,32,0.05837175975867379,0.0038558872249806544,0.0,0.015737928910018375,0.0
70,33,0.04247329384744354,2.8939567424584768e-05,0.0,0.025767744407837512,0.0
70,34,0.04136280150534814,6.473637230972957e-05,3.718561512036486e-08,0.06272897202420429,0.0
70,35,0.043339523467681065,8.411115438175846e-05,6.866906736295929e-08,0.024318481229047218,0.0
70,36,0.04503816685024227,8.843631030618677e-06,0.0,0.055958597027632596,0.0
70,37,0.05525815653198828,1.8492886624681422e-06,0.0,0.02781456285378454,0.0
70,38,0.06081201479770119,0.00043757460966392143,0.0,0.01757443456294469,0.0
70,39,0.047890415814359565,0.0007171364873428466,0.0,0.019536089454594886,0.0
70,40,0.04777137987575162,3.7101172321759128e-06,0.0,0.028763102899127802,0.0
70,41,0.03883720961996999,0.0001133442343557698,0.0,0.03148899954484961,0.0
70,42,0.060706748247157806,0.00025815114798734945,0.0,0.018868982548398975,0.0
70,43,0.045304789045248935,2.676341182646955e-06,0.0,0.03762520609241004,0.0
71,0,0.04091088497501105,0.004787519882842115,0.0,0.025746106589970858,0.0
71,1,0.041696840476277176,0.0016339876591201904,0.0,0.028924010755379155,0.0
71,2,0.049554786877966224,0.0012918068177687802,0.0,0.019114269384229256,0.0
71,3,0.055871499583465815,0.005685465441481109,0.0,0.017301523848342944,0.0
71,4,0.057013701708503256,0.001797506264783894,0.0,0.017950591137125424,0.0
71,5,0.07837963633284133,0.0004425569089864308,0.0,0.017029114241847602,0.0
71,6,0.0596293826594918,0.0018436320030131132,0.0,0.017896679992061862,0.0
71,7,0.056671571343497575,1.88102205747397e-11,0.0,0.021668376012027462,0.0
71,8,0.04552447176855006,8.331224292018293e-05,0.0,0.021662363748491297,0.0
71,9,0.04778679691318433,0.00014261443399100126,0.0,0.02108602027279171,0.0
71,10,0.04955002135850932,5.094183041427429e-06,0.0,0.02630199276693802,0.0
71,11,0.04628167534284465,0.011950418743956881,0.0,0.015516105612312378,0.0
71,12,0.05673364056763464,0.0008583007381224935,0.0,0.01796723737455514,0.0
71,13,0.044144979594710726,0.0036063713908461403,0.0,0.02087590244293864,0.0
71,14,0.04911110827094808,2.4309154362878827e-05,0.0,0.023689437077415776,0.0
71,15,0.04446737811484164,0.0005896108890894713,6.80410605750497e-08,0.018811635537359903,0.0
71,16,0.04525795204968321,0.006728533104181578,0.0,0.01597363310312245,0.0
71,17,0.05125557886247423,9.066023491150454e-06,8.004776715640607e-08,0.022239583645060186,0.0
71,18,0.04752386134724937,4.5814812018468025e-07,0.0,0.03027880997008512,0.0
71,19,0.05602347291254514,1.7276656961191276e-06,0.0,0.026648421800677603,0.0
71,20,0.04073821425995484,0.005000575253144849,0.0,0.0249569764418539,0.0
71,21,0.05563928234462644,3.2253426860244525e-06,0.0,0.02316866596694763,0.0
71,22,0.03918322895336786,0.00828258878487868,0.0,0.030337769207126174,0.0
71,23,0.04523660729979171,0.004560034797520793,0.0,0.02060142306022031,0.0
71,24,0.04434332037973947,0.011022429064616833,0.0,0.02047590941193226,0.0
71,25,0.045803259141169485,0.001770733852983665,0.0,0.02040755759442067,0.0
71,26,0.052219643090161465,9.773650380126644e-06,0.0,0.01887552476941744,0.0
71,27,0.07009503759750957,0.0004175511878189587,0.0,0.017436751284980102,0.0
71,28,0.055014237553381654,5.7363094525305615e-06,0.0,0.024317622624387934,0.0
71,29,0.049418688967080814,0.005946019250917289,0.0,0.01800900846343015,0.0
71,30,0.04465797041001347,0.0019715388007713864,0.0,0.02281699933930922,0.0
71,31,0.05837175975867379,0.0038558872249806544,0.0,0.015737928910018375,0.0
71,32,0.04247329384744354,2.8939567424584768e-05,0.0,0.025767744407837512,0.0
71,33,0.04136280150534814,6.473637230972957e-05,3.718561512036486e-08,0.06272897202420429,0.0
71,34,0.043339523467681065,8.411115438175846e-05,6.866906736295929e-08,0.024318481229047218,0.0
71,35,0.04503816685024227,8.843631030618677e-06,0.0,0.055958597027632596,0.0
71,36,0.06081201479770119,0.00043757460966392143,0.0,0.01757443456294469,0.0
71,37,0.047890415814359565,0.0007171364873428466,0.0,0.019536089454594886,0.0
71,38,0.04777137987575162,3.7101172321759128e-06,0.0,0.028763102899127802,0.0
71,39,0.03883720961996999,0.0001133442343557698,0.0,0.03148899954484961,0.0
71,40,0.060706748247157806,0.00025815114798734945,0.0,0.018868982548398975,0.0
71,41,0.045304789045248935,2.676341182646955e-06,0.0,0.03762520609241004,0.0
71,42,0.0453315176482182,3.287870524891963e-05,1.899997901311735e-08,0.025738330236998806,0.0
71,43,0.050784341075049894,9.189436140107247e-08,0.0,0.027017553965631873,0.0
72,0,0.04091088497501105,0.004787519882842115,0.0,0.025746106589970858,0.0
72,1,0.041696840476277176,0.0016339876591201904,0.0,0.028924010755379155,0.0
72,2,0.049554786877966224,0.0012918068177687802,0.0,0.019114269384229256,0.0
72,3,0.055871499583465815,0.005685465441481109,0.0,0.017301523848342944,0.0
72,4,0.057013701708503256,0.001797506264783894,0.0,0.017950591137125424,0.0
72,5,0.07837963633284133,0.0004425569089864308,0.0,0.017029114241847602,0.0
72,6,0.0596293826594918,0.0018436320030131132,0.0,0.017896679992061862,0.0
72,7,0.056671571343497575,1.88102205747397e-11,0.0,0.021668376012027462,0.0
72,8,0.04552447176855006,8.331224292018293e-05,0.0,0.021662363748491297,0.0
72,9,0.04778679691318433,0.00014261443399100126,0.0,0.02108602027279171,0.0
72,10,0.04955002135850932,5.094183041427429e-06,0.0,0.02630199276693802,0.0
72,11,0.04628167534284465,0.011950418743956881,0.0,0.015516105612312378,0.0
72,12,0.05673364056763464,0.0008583007381224935,0.0,0.01796723737455514,0.0
72,13,0.044144979594710726,0.0036063713908461403,0.0,0.02087590244293864,0.0
72,14,0.04911110827094808,2.4309154362878827e-05,0.0,0.023689437077415776,0.0
72,15,0.04446737811484164,0.0005896108890894713,6.80410605750497e-08,0.018811635537359903,0.0
72,16,0.04525795204968321,0.006728533104181578,0.0,0.01597363310312245,0.0
72,17,0.05125557886247423,9.066023491150454e-06,8.004776715640607e-08,0.022239583645060186,0.0
72,18,0.04752386134724937,4.5814812018468025e-07,0.0,0.03027880997008512,0.0
72,19,0.05602347291254514,1.7276656961191276e-06,0.0,0.026648421800677603,0.0
72,20,0.04073821425995484,0.005000575253144849,0.0,0.0249569764418539,0.0
72,21,0.05563928234462644,3.2253426860244525e-06,0.0,0.02316866596694763,0.0
72,22,0.03918322895336786,0.00828258878487868,0.0,0.030337769207126174,0.0
72,23,0.04523660729979171,0.004560034797520793,0.0,0.02060142306022031,0.0
72,24,0.04434332037973947,0.011022429064616833,0.0,0.02047590941193226,0.0
72,25,0.045803259141169485,0.001770733852983665,0.0,0.02040755759442067,0.0
72,26,0.052219643090161465,9.773650380126644e-06,0.0,0.01887552476941744,0.0
72,27,0.07009503759750957,0.0004175511878189587,0.0,0.017436751284980102,0.0
72,28,0.055014237553381654,5.7363094525305615e-06,0.0,0.024317622624387934,0.0
72,29,0.049418688967080814,0.005946019250917289,0.0,0.01800900846343015,0.0
72,30,0.04465797041001347,0.0019715388007713864,0.0,0.02281699933930922,0.0
72,31,0.05837175975867379,0.0038558872249806544,0.0,0.015737928910018375,0.0
72,32,0.04247329384744354,2.8939567424584768e-05,0.0,0.025767744407837512,0.0
72,33,0.04136280150534814,6.473637230972957e-05,3.718561512036486e-08,0.06272897202420429,0.0
72,34,0.043339523467681065,8.411115438175846e-05,6.866906736295929e-08,0.024318481229047218,0.0
72,35,0.04503816685024227,8.843631030618677e-06,0.0,0.055958597027632596,0.0
72,36,0.06081201479770119,0.00043757460966392143,0.0,0.01757443456294469,0.0
72,37,0.047890415814359565,0.0007171364873428466,0.0,0.019536089454594886,0.0
72,38,0.04777137987575162,3.7101172321759128e-06,0.0,0.028763102899127802,0.0
72,39,0.03883720961996999,0.0001133442343557698,0.0,0.03148899954484961,0.0
72,40,0.060706748247157806,0.00025815114798734945,0.0,0.018868982548398975,0.0
72,41,0.045304789045248935,2.676341182646955e-06,0.0,0.03762520609241004,0.0
72,42,0.0453315176482182,3.287870524891963e-05,1.899997901311735e-08,0.025738330236998806,0.0
72,43,0.050784341075049894,9.189436140107247e-08,0.0,0.027017553965631873,0.0
73,0,0.04091088497501105,0.004787519882842115,0.0,0.025746106589970858,0.0
73,1,0.041696840476277176,0.0016339876591201904,0.0,0.028924010755379155,0.0
73,2,0.049554786877966224,0.0012918068177687802,0.0,0.019114269384229256,0.0
73,3,0.055871499583465815,0.005685465441481109,0.0,0.017301523848342944,0.0
73,4,0.057013701708503256,0.001797506264783894,0.0,0.017950591137125424,0.0
73,5,0.07837963633284133,0.0004425569089864308,0.0,0.017029114241847602,0.0
73,6,0.0596293826594918,0.0018436320030131132,0.0,0.017896679992061862,0.0
73,7,0.056671571343497575,1.88102205747397e-11,0.0,0.021668376012027462,0.0
73,8,0.04552447176855006,8.331224292018293e-05,0.0,0.021662363748491297,0.0
73,9,0.04778679691318433,0.00014261443399100126,0.0,0.02108602027279171,0.0
73,10,0.04955002135850932,5.094183041427429e-06,0.0,0.02630199276693802,0.0
73,11,0.04628167534284465,0.011950418743956881,0.0,0.015516105612312378,0.0
73,12,0.05673364056763464,0.0008583007381224935,0.0,0.01796723737455514,0.0
73,13,0.044144979594710726,0.0036063713908461403,0.0,0.02087590244293864,0.0
73,14,0.04911110827094808,2.4309154362878827e-05,0.0,0.023689437077415776,0.0
73,15,0.04446737811484164,0.0005896108890894713,6.80410605750497e-08,0.018811635537359903,0.0
73,16,0.04525795204968321,0.006728533104181578,0.0,0.01597363310312245,0.0
73,17,0.05125557886247423,9.066023491150454e-06,8.004776715640607e-08,0.022239583645060186,0.0
73,18,0.04752386134724937,4.5814812018468025e-07,0.0,0.03027880997008512,0.0
73,19,0.05602347291254514,1.7276656961191276e-06,0.0,0.026648421800677603,0.0
73,20,0.04073821425995484,0.005000575253144849,0.0,0.0249569764418539,0.0
73,21,0.05563928234462644,3.2253426860244525e-06,0.0,0.02316866596694763,0.0
73,22,0.03918322895336786,0.00828258878487868,0.0,0.030337769207126174,0.0
73,23,0.04523660729979171,0.004560034797520793,0.0,0.02060142306022031,0.0
73,24,0.04434332037973947,0.011022429064616833,0.0,0.02047590941193226,0.0
73,25,0.045803259141169485,0.001770733852983665,0.0,0.02040755759442067,0.0
73,26,0.052219643090161465,9.773650380126644e-06,0.0,0.01887552476941744,0.0
73,27,0.07009503759750957,0.0004175511878189587,0.0,0.017436751284980102,0.0
73,28,0.055014237553381654,5.7363094525305615e-06,0.0,0.024317622624387934,0.0
73,29,0.049418688967080814,0.005946019250917289,0.0,0.01800900846343015,0.0
73,30,0.04465797041001347,0.0019715388007713864,0.0,0.02281699933930922,0.0
73,31,0.05837175975867379,0.0038558872249806544,0.0,0.015737928910018375,0.0
73,32,0.04247329384744354,2.8939567424584768e-05,0.0,0.025767744407837512,0.0
73,33,0.04136280150534814,6.473637230972957e-05,3.718561512036486e-08,0.06272897202420429,0.0
73,34,0.043339523467681065,8.411115438175846e-05,6.866906736295929e-08,0.024318481229047218,0.0
73,35,0.04503816685024227,8.843631030618677e-06,0.0,0.055958597027632596,0.0
73,36,0.06081201479770119,0.00043757460966392143,0.0,0.01757443456294469,0.0
73,37,0.047890415814359565,0.0007171364873428466,0.0,0.019536089454594886,0.0
73,38,0.04777137987575162,3.7101172321759128e-06,0.0,0.028763102899127802,0.0
73,39,0.03883720961996999,0.0001133442343557698,0.0,0.03148899954484961,0.0
73,40,0.060706748247157806,0.00025815114798734945,0.0,0.018868982548398975,0.0
73,41,0.045304789045248935,2.676341182646955e-06,0.0,0.03762520609241004,0.0
73,42,0.0453315176482182,3.287870524891963e-05,1.899997901311735e-08,0.025738330236998806,0.0
73,43,0.050784341075049894,9.189436140107247e-08,0.0,0.027017553965631873,0.0
74,0,0.04091088497501105,0.004787519882842115,0.0,0.025746106589970858,0.0
74,1,0.041696840476277176,0.0016339876591201904,0.0,0.028924010755379155,0.0
74,2,0.049554786877966224,0.0012918068177687802,0.0,0.019114269384229256,0.0
74,3,0.055871499583465815,0.005685465441481109,0.0,0.017301523848342944,0.0
74,4,0.057013701708503256,0.001797506264783894,0.0,0.017950591137125424,0.0
74,5,0.07837963633284133,0.0004425569089864308,0.0,0.017029114241847602,0.0
74,6,0.0596293826594918,0.0018436320030131132,0.0,0.017896679992061862,0.0
74,7,0.056671571343497575,1.88102205747397e-11,0.0,0.021668376012027462,0.0
74,8,0.04552447176855006,8.331224292018293e-05,0.0,0.021662363748491297,0.0
74,9,0.04778679691318433,0.00014261443399100126,0.0,0.02108602027279171,0.0
74,10,0.04955002135850932,5.094183041427429e-06,0.0,0.02630199276693802,0.0
74,11,0.04628167534284465,0.011950418743956881,0.0,0.015516105612312378,0.0
74,12,0.05673364056763464,0.0008583007381224935,0.0,0.01796723737455514,0.0
74,13,0.044144979594710726,0.0036063713908461403,0.0,0.02087590244293864,0.0
74,14,0.04911110827094808,2.4309154362878827e-05,0.0,0.023689437077415776,0.0
74,15,0.04446737811484164,0.0005896108890894713,6.80410605750497e-08,0.018811635537359903,0.0
74,16,0.04525795204968321,0.006728533104181578,0.0,0.01597363310312245,0.0
74,17,0.05125557886247423,9.066023491150454e-06,8.004776715640607e-08,0.022239583645060186,0.0
74,18,0.04752386134724937,4.5814812018468025e-07,0.0,0.03027880997008512,0.0
74,19,0.05602347291254514,1.7276656961191276e-06,0.0,0.026648421800677603,0.0
74,20,0.04073821425995484,0.005000575253144849,0.0,0.0249569764418539,0.0
74,21,0.05563928234462644,3.2253426860244525e-06,0.0,0.02316866596694763,0.0
74,22,0.03918322895336786,0.00828258878487868,0.0,0.030337769207126174,0.0
74,23,0.04523660729979171,0.004560034797520793,0.0,0.02060142306022031,0.0
74,24,0.04434332037973947,0.011022429064616833,0.0,0.02047590941193226,0.0
74,25,0.045803259141169485,0.001770733852983665,0.0,0.02040755759442067,0.0
74,26,0.052219643090161465,9.773650380126644e-06,0.0,0.01887552476941744,0.0
74,27,0.07009503759750957,0.0004175511878189587,0.0,0.017436751284980102,0.0
74,28,0.055014237553381654,5.7363094525305615e-06,0.0,0.024317622624387934,0.0
74,29,0.049418688967080814,0.005946019250917289,0.0,0.01800900846343015,0.0
74,30,0.04465797041001347,0.0019715388007713864,0.0,0.02281699933930922,0.0
74,31,0.05837175975867379,0.0038558872249806544,0.0,0.015737928910018375,0.0
74,32,0.04247329384744354,2.8939567424584768e-05,0.0,0.025767744407837512,0.0
74,33,0.04136280150534814,6.473637230972957e-05,3.718561512036486e-08,0.06272897202420429,0.0
74,34,0.043339523467681065,8.411115438175846e-05,6.866906736295929e-08,0.024318481229047218,0.0
74,35,0.04503816685024227,8.843631030618677e-06,0.0,0.055958597027632596,0.0
74,36,0.06081201479770119,0.00043757460966392143,0.0,0.01757443456294469,0.0
74,37,0.047890415814359565,0.0007171364873428466,0.0,0.019536089454594886,0.0
74,38,0.04777137987575162,3.7101172321759128e-06,0.0,0.028763102899127802,0.0
74,39,0.03883720961996999,0.0001133442343557698,0.0,0.03148899954484961,0.0
74,40,0.060706748247157806,0.00025815114798734945,0.0,0.018868982548398975,0.0
74,41,0.045304789045248935,2.676341182646955e-06,0.0,0.03762520609241004,0.0
74,42,0.0453315176482182,3.287870524891963e-05,1.899997901311735e-08,0.025738330236998806,0.0
74,43,0.050784341075049894,9.189436140107247e-08,0.0,0.027017553965631873,0.0
74,44,0.04365218269404735,0.019792289555054646,0.0,0.020696802022842003,0.0
74,45,0.053001470116482124,0.0015662571855230595,0.0,0.018131137255508408,0.0
75,0,0.04091088497501105,0.004787519882842115,0.0,0.025746106589970858,0.0
75,1,0.041696840476277176,0.0016339876591201904,0.0,0.028924010755379155,0.0
75,2,0.049554786877966224,0.0012918068177687802,0.0,0.019114269384229256,0.0
75,3,0.055871499583465815,0.005685465441481109,0.0,0.017301523848342944,0.0
75,4,0.057013701708503256,0.001797506264783894,0.0,0.017950591137125424,0.0
75,5,0.07837963633284133,0.0004425569089864308,0.0,0.017029114241847602,0.0
75,6,0.0596293826594918,0.0018436320030131132,0.0,0.017896679992061862,0.0
75,7,0.056671571343497575,1.88102205747397e-11,0.0,0.021668376012027462,0.0
75,8,0.04552447176855006,8.331224292018293e-05,0.0,0.021662363748491297,0.0
75,9,0.04778679691318433,0.00014261443399100126,0.0,0.02108602027279171,0.0
75,10,0.04955002135850932,5.094183041427429e-06,0.0,0.02630199276693802,0.0
75,11,0.04628167534284465,0.011950418743956881,0.0,0.015516105612312378,0.0
75,12,0.05673364056763464,0.0008583007381224935,0.0,0.01796723737455514,0.0
75,13,0.044144979594710726,0.0036063713908461403,0.0,0.02087590244293864,0.0
75,14,0.04911110827094808,2.4309154362878827e-05,0.0,0.023689437077415776,0.0
75,15,0.04446737811484164,0.0005896108890894713,6.80410605750497e-08,0.018811635537359903,0.0
75,16,0.04525795204968321,0.006728533104181578,0.0,0.01597363310312245,0.0
75,17,0.05125557886247423,9.066023491150454e-06,8.004776715640607e-08,0.022239583645060186,0.0
75,18,0.04752386134724937,4.5814812018468025e-07,0.0,0.03027880997008512,0.0
75,19,0.05602347291254514,1.7276656961191276e-06,0.0,0.026648421800677603,0.0
75,20,0.04073821425995484,0.005000575253144849,0.0,0.0249569764418539,0.0
75,21,0.05563928234462644,3.2253426860244525e-06,0.0,0.02316866596694763,0.0
75,22,0.03918322895336786,0.00828258878487868,0.0,0.030337769207126174,0.0
75,23,0.04523660729979171,0.004560034797520793,0.0,0.02060142306022031,0.0
75,24,0.04434332037973947,0.011022429064616833,0.0,0.02047590941193226,0.0
75,25,0.045803259141169485,0.001770733852983665,0.0,0.02040755759442067,0.0
75,26,0.052219643090161465,9.773650380126644e-06,0.0,0.01887552476941744,0.0
75,27,0.07009503759750957,0.0004175511878189587,0.0,0.017436751284980102,0.0
75,28,0.055014237553381654,5.7363094525305615e-06,0.0,0.024317622624387934,0.0
75,29,0.049418688967080814,0.005946019250917289,0.0,0.01800900846343015,0.0
75,30,0.04465797041001347,0.0019715388007713864,0.0,0.02281699933930922,0.0
75,31,0.05837175975867379,0.0038558872249806544,0.0,0.015737928910018375,0.0
75,32,0.04247329384744354,2.8939567424584768e-05,0.0,0.025767744407837512,0.0
75,33,0.04136280150534814,6.473637230972957e-05,3.718561512036486e-08,0.06272897202420429,0.0
75,34,0.043339523467681065,8.411115438175846e-05,6.866906736295929e-08,0.024318481229047218,0.0
75,35,0.04503816685024227,8.843631030618677e-06,0.0,0.055958597027632596,0.0
75,36,0.06081201479770119,0.00043757460966392143,0.0,0.01757443456294469,0.0
75,37,0.047890415814359565,0.0007171364873428466,0.0,0.019536089454594886,0.0
75,38,0.04777137987575162,3.7101172321759128e-06,0.0,0.028763102899127802,0.0
75,39,0.03883720961996999,0.0001133442343557698,0.0,0.03148899954484961,0.0
75,40,0.060706748247157806,0.00025815114798734945,0.0,0.018868982548398975,0.0
75,41,0.045304789045248935,2.676341182646955e-06,0.0,0.03762520609241004,0.0
75,42,0.0453315176482182,3.287870524891963e-05,1.899997901311735e-08,0.025738330236998806,0.0
75,43,0.050784341075049894,9.189436140107247e-08,0.0,0.027017553965631873,0.0
75,44,0.04365218269404735,0.019792289555054646,0.0,0.020696802022842003,0.0
75,45,0.053001470116482124,0.0015662571855230595,0.0,0.018131137255508408,0.0
75,46,0.04328512329849362,0.006713866646822118,0.0,0.02483737517164408,0.0
75,47,0.0474077439879759,3.472539923936e-05,7.909224760729887e-08,0.02540776911785885,0.0
75,48,0.04290776361814113,0.01729712583645157,0.0,0.021066208984353164,0.0
76,0,0.04091088497501105,0.004787519882842115,0.0,0.025746106589970858,0.0
76,1,0.041696840476277176,0.0016339876591201904,0.0,0.028924010755379155,0.0
76,2,0.049554786877966224,0.0012918068177687802,0.0,0.019114269384229256,0.0
76,3,0.055871499583465815,0.005685465441481109,0.0,0.017301523848342944,0.0
76,4,0.057013701708503256,0.001797506264783894,0.0,0.017950591137125424,0.0
76,5,0.07837963633284133,0.0004425569089864308,0.0,0.017029114241847602,0.0
76,6,0.0596293826594918,0.0018436320030131132,0.0,0.017896679992061862,0.0
76,7,0.056671571343497575,1.88102205747397e-11,0.0,0.021668376012027462,0.0
76,8,0.04552447176855006,8.331224292018293e-05,0.0,0.021662363748491297,0.0
76,9,0.04778679691318433,0.00014261443399100126,0.0,0.02108602027279171,0.0
76,10,0.04955002135850932,5.094183041427429e-06,0.0,0.02630199276693802,0.0
76,11,0.04628167534284465,0.011950418743956881,0.0,0.015516105612312378,0.0
76,12,0.05673364056763464,0.0008583007381224935,0.0,0.01796723737455514,0.0
76,13,0.044144979594710726,0.0036063713908461403,0.0,0.02087590244293864,0.0
76,14,0.04911110827094808,2.4309154362878827e-05,0.0,0.023689437077415776,0.0
76,15,0.04446737811484164,0.0005896108890894713,6.80410605750497e-08,0.018811635537359903,0.0
76,16,0.04525795204968321,0.006728533104181578,0.0,0.01597363310312245,0.0
76,17,0.05125557886247423,9.066023491150454e-06,8.004776715640607e-08,0.022239583645060186,0.0
76,18,0.04752386134724937,4.5814812018468025e-07,0.0,0.03027880997008512,0.0
76,19,0.05602347291254514,1.7276656961191276e-06,0.0,0.026648421800677603,0.0
76,20,0.04073821425995484,0.005000575253144849,0.0,0.0249569764418539,0.0
76,21,0.05563928234462644,3.2253426860244525e-06,0.0,0.02316866596694763,0.0
76,22,0.03918322895336786,0.00828258878487868,0.0,0.030337769207126174,0.0
76,23,0.04523660729979171,0.004560034797520793,0.0,0.02060142306022031,0.0
76,24,0.04434332037973947,0.011022429064616833,0.0,0.02047590941193226,0.0
76,25,0.045803259141169485,0.001770733852983665,0.0,0.02040755759442067,0.0
76,26,0.052219643090161465,9.773650380126644e-06,0.0,0.01887552476941744,0.0
76,27,0.07009503759750957,0.0004175511878189587,0.0,0.017436751284980102,0.0
76,28,0.055014237553381654,5.7363094525305615e-06,0.0,0.024317622624387934,0.0
76,29,0.049418688967080814,0.005946019250917289,0.0,0.01800900846343015,0.0
76,30,0.04465797041001347,0.0019715388007713864,0.0,0.02281699933930922,0.0
76,31,0.05837175975867379,0.0038558872249806544,0.0,0.015737928910018375,0.0
76,32,0.04247329384744354,2.8939567424584768e-05,0.0,0.025767744407837512,0.0
76,33,0.04136280150534814,6.473637230972957e-05,3.718561512036486e-08,0.06272897202420429,0.0
76,34,0.043339523467681065,8.411115438175846e-05,6.866906736295929e-08,0.024318481229047218,0.0
76,35,0.04503816685024227,8.843631030618677e-06,0.0,0.055958597027632596,0.0
76,36,0.06081201479770119,0.00043757460966392143,0.0,0.01757443456294469,0.0
76,37,0.047890415814359565,0.0007171364873428466,0.0,0.019536089454594886,0.0
76,38,0.04777137987575162,3.7101172321759128e-06,0.0,0.028763102899127802,0.0
76,39,0.03883720961996999,0.0001133442343557698,0.0,0.03148899954484961,0.0
76,40,0.060706748247157806,0.00025815114798734945,0.0,0.018868982548398975,0.0
76,41,0.045304789045248935,2.676341182646955e-06,0.0,0.03762520609241004,0.0
76,42,0.0453315176482182,3.287870524891963e-05,1.899997901311735e-08,0.025738330236998806,0.0
76,43,0.050784341075049894,9.189436140107247e-08,0.0,0.027017553965631873,0.0
76,44,0.04365218269404735,0.019792289555054646,0.0,0.020696802022842003,0.0
76,45,0.053001470116482124,0.0015662571855230595,0.0,0.018131137255508408,0.0
76,46,0.04328512329849362,0.006713866646822118,0.0,0.02483737517164408,0.0
76,47,0.0474077439879759,3.472539923936e-05,7.909224760729887e-08,0.02540776911785885,0.0
76,48,0.04290776361814113,0.01729712583645157,0.0,0.021066208984353164,0.0
76,49,0.05031605605280277,7.546774320180086e-05,0.0,0.020545277256297463,0.0
77,0,0.04091088497501105,0.004787519882842115,0.0,0.025746106589970858,0.0
77,1,0.041696840476277176,0.0016339876591201904,0.0,0.028924010755379155,0.0
77,2,0.049554786877966224,0.0012918068177687802,0.0,0.019114269384229256,0.0
77,3,0.055871499583465815,0.005685465441481109,0.0,0.017301523848342944,0.0
77,4,0.057013701708503256,0.001797506264783894,0.0,0.017950591137125424,0.0
77,5,0.07837963633284133,0.0004425569089864308,0.0,0.017029114241847602,0.0
77,6,0.0596293826594918,0.0018436320030131132,0.0,0.017896679992061862,0.0
77,7,0.056671571343497575,1.88102205747397e-11,0.0,0.021668376012027462,0.0
77,8,0.04552447176855006,8.331224292018293e-05,0.0,0.021662363748491297,0.0
77,9,0.04778679691318433,0.00014261443399100126,0.0,0.02108602027279171,0.0
77,10,0.04955002135850932,5.094183041427429e-06,0.0,0.02630199276693802,0.0
77,11,0.04628167534284465,0.011950418743956881,0.0,0.015516105612312378,0.0
77,12,0.05673364056763464,0.0008583007381224935,0.0,0.01796723737455514,0.0
77,13,0.044144979594710726,0.0036063713908461403,0.0,0.02087590244293864,0.0
77,14,0.04911110827094808,2.4309154362878827e-05,0.0,0.023689437077415776,0.0
77,15,0.04446737811484164,0.0005896108890894713,6.80410605750497e-08,0.018811635537359903,0.0
77,16,0.04525795204968321,0.006728533104181578,0.0,0.01597363310312245,0.0
77,17,0.05125557886247423,9.066023491150454e-06,8.004776715640607e-08,0.022239583645060186,0.0
77,18,0.04752386134724937,4.5814812018468025e-07,0.0,0.03027880997008512,0.0
77,19,0.05602347291254514,1.7276656961191276e-06,0.0,0.026648421800677603,0.0
77,20,0.04073821425995484,0.005000575253144849,0.0,0.0249569764418539,0.0
77,21,0.05563928234462644,3.2253426860244525e-06,0.0,0.02316866596694763,0.0
77,22,0.03918322895336786,0.00828258878487868,0.0,0.030337769207126174,0.0
77,23,0.04523660729979171,0.004560034797520793,0.0,0.02060142306022031,0.0
77,24,0.04434332037973947,0.011022429064616833,0.0,0.02047590941193226,0.0
77,25,0.045803259141169485,0.001770733852983665,0.0,0.02040755759442067,0.0
77,26,0.052219643090161465,9.773650380126644e-06,0.0,0.01887552476941744,0.0
77,27,0.07009503759750957,0.0004175511878189587,0.0,0.017436751284980102,0.0
77,28,0.055014237553381654,5.7363094525305615e-06,0.0,0.024317622624387934,0.0
77,29,0.049418688967080814,0.005946019250917289,0.0,0.01800900846343015,0.0
77,30,0.04465797041001347,0.0019715388007713864,0.0,0.02281699933930922,0.0
77,31,0.05837175975867379,0.0038558872249806544,0.0,0.015737928910018375,0.0
77,32,0.04247329384744354,2.8939567424584768e-05,0.0,0.025767744407837512,0.0
77,33,0.04136280150534814,6.473637230972957e-05,3.718561512036486e-08,0.06272897202420429,0.0
77,34,0.043339523467681065,8.411115438175846e-05,6.866906736295929e-08,0.024318481229047218,0.0
77,35,0.04503816685024227,8.843631030618677e-06,0.0,0.055958597027632596,0.0
77,36,0.06081201479770119,0.00043757460966392143,0.0,0.01757443456294469,0.0
77,37,0.047890415814359565,0.0007171364873428466,0.0,0.019536089454594886,0.0
77,38,0.04777137987575162,3.7101172321759128e-06,0.0,0.028763102899127802,0.0
77,39,0.03883720961996999,0.0001133442343557698,0.0,0.03148899954484961,0.0
77,40,0.060706748247157806,0.00025815114798734945,0.0,0.018868982548398975,0.0
77,41,0.045304789045248935,2.676341182646955e-06,0.0,0.03762520609241004,0.0
77,42,0.0453315176482182,3.287870524891963e-05,1.899997901311735e-08,0.025738330236998806,0.0
77,43,0.050784341075049894,9.189436140107247e-08,0.0,0.027017553965631873,0.0
77,44,0.04365218269404735,0.019792289555054646,0.0,0.020696802022842003,0.0
77,45,0.053001470116482124,0.0015662571855230595,0.0,0.018131137255508408,0.0
77,46,0.04328512329849362,0.006713866646822118,0.0,0.02483737517164408,0.0
77,47,0.0474077439879759,3.472539923936e-05,7.909224760729887e-08,0.02540776911785885,0.0
77,48,0.04290776361814113,0.01729712583645157,0.0,0.021066208984353164,0.0
77,49,0.05031605605280277,7.546774320180086e-05,0.0,0.020545277256297463,0.0
78,0,0.04091088497501105,0.004787519882842115,0.0,0.025746106589970858,0.0
78,1,0.041696840476277176,0.0016339876591201904,0.0,0.028924010755379155,0.0
78,2,0.049554786877966224,0.0012918068177687802,0.0,0.019114269384229256,0.0
78,3,0.055871499583465815,0.005685465441481109,0.0,0.017301523848342944,0.0
78,4,0.057013701708503256,0.001797506264783894,0.0,0.017950591137125424,0.0
78,5,0.07837963633284133,0.0004425569089864308,0.0,0.017029114241847602,0.0
78,6,0.0596293826594918,0.0018436320030131132,0.0,0.017896679992061862,0.0
78,7,0.056671571343497575,1.88102205747397e-11,0.0,0.021668376012027462,0.0
78,8,0.04552447176855006,8.331224292018293e-05,0.0,0.021662363748491297,0.0
78,9,0.04778679691318433,0.00014261443399100126,0.0,0.02108602027279171,0.0
78,10,0.04955002135850932,5.094183041427429e-06,0.0,0.02630199276693802,0.0
78,11,0.04628167534284465,0.011950418743956881,0.0,0.015516105612312378,0.0
78,12,0.05673364056763464,0.0008583007381224935,0.0,0.01796723737455514,0.0
78,13,0.044144979594710726,0.0036063713908461403,0.0,0.02087590244293864,0.0
78,14,0.04911110827094808,2.4309154362878827e-05,0.0,0.023689437077415776,0.0
78,15,0.04446737811484164,0.0005896108890894713,6.80410605750497e-08,0.018811635537359903,0.0
78,16,0.04525795204968321,0.006728533104181578,0.0,0.01597363310312245,0.0
78,17,0.05125557886247423,9.066023491150454e-06,8.004776715640607e-08,0.022239583645060186,0.0
78,18,0.04752386134724937,4.5814812018468025e-07,0.0,0.03027880997008512,0.0
78,19,0.05602347291254514,1.7276656961191276e-06,0.0,0.026648421800677603,0.0
78,20,0.04073821425995484,0.005000575253144849,0.0,0.0249569764418539,0.0
78,21,0.05563928234462644,3.2253426860244525e-06,0.0,0.02316866596694763,0.0
78,22,0.03918322895336786,0.00828258878487868,0.0,0.030337769207126174,0.0
78,23,0.04523660729979171,0.004560034797520793,0.0,0.02060142306022031,0.0
78,24,0.04434332037973947,0.011022429064616833,0.0,0.02047590941193226,0.0
78,25,0.045803259141169485,0.001770733852983665,0.0,0.02040755759442067,0.0
78,26,0.052219643090161465,9.773650380126644e-06,0.0,0.01887552476941744,0.0
78,27,0.07009503759750957,0.0004175511878189587,0.0,0.017436751284980102,0.0
78,28,0.055014237553381654,5.7363094525305615e-06,0.0,0.024317622624387934,0.0
78,29,0.049418688967080814,0.005946019250917289,0.0,0.01800900846343015,0.0
78,30,0.04465797041001347,0.0019715388007713864,0.0,0.02281699933930922,0.0
78,31,0.05837175975867379,0.0038558872249806544,0.0,0.015737928910018375,0.0
78,32,0.04247329384744354,2.8939567424584768e-05,0.0,0.025767744407837512,0.0
78,33,0.04136280150534814,6.473637230972957e-05,3.718561512036486e-08,0.06272897202420429,0.0
78,34,0.043339523467681065,8.411115438175846e-05,6.866906736295929e-08,0.024318481229047218,0.0
78,35,0.04503816685024227,8.843631030618677e-06,0.0,0.055958597027632596,0.0
78,36,0.06081201479770119,0.00043757460966392143,0.0,0.01757443456294469,0.0
78,37,0.047890415814359565,0.0007171364873428466,0.0,0.019536089454594886,0.0
78,38,0.04777137987575162,3.7101172321759128e-06,0.0,0.028763102899127802,0.0
78,39,0.03883720961996999,0.0001133442343557698,0.0,0.03148899954484961,0.0
78,40,0.060706748247157806,0.00025815114798734945,0.0,0.018868982548398975,0.0
78,41,0.045304789045248935,2.676341182646955e-06,0.0,0.03762520609241004,0.0
78,42,0.0453315176482182,3.287870524891963e-05,1.899997901311735e-08,0.025738330236998806,0.0
78,43,0.050784341075049894,9.189436140107247e-08,0.0,0.027017553965631873,0.0
78,44,0.04365218269404735,0.019792289555054646,0.0,0.020696802022842003,0.0
78,45,0.053001470116482124,0.0015662571855230595,0.0,0.018131137255508408,0.0
78,46,0.04328512329849362,0.006713866646822118,0.0,0.02483737517164408,0.0
78,47,0.0474077439879759,3.472539923936e-05,7.909224760729887e-08,0.02540776911785885,0.0
78,48,0.04290776361814113,0.01729712583645157,0.0,0.021066208984353164,0.0
78,49,0.05031605605280277,7.546774320180086e-05,0.0,0.020545277256297463,0.0
79,0,0.04091088497501105,0.004787519882842115,0.0,0.025746106589970858,0.0
79,1,0.041696840476277176,0.0016339876591201904,0.0,0.028924010755379155,0.0
79,2,0.049554786877966224,0.0012918068177687802,0.0,0.019114269384229256,0.0
79,3,0.055871499583465815,0.005685465441481109,0.0,0.017301523848342944,0.0
79,4,0.057013701708503256,0.001797506264783894,0.0,0.017950591137125424,0.0
79,5,0.07837963633284133,0.0004425569089864308,0.0,0.017029114241847602,0.0
79,6,0.0596293826594918,0.0018436320030131132,0.0,0.017896679992061862,0.0
79,7,0.056671571343497575,1.88102205747397e-11,0.0,0.021668376012027462,0.0
79,8,0.04552447176855006,8.331224292018293e-05,0.0,0.021662363748491297,0.0
79,9,0.04778679691318433,0.00014261443399100126,0.0,0.02108602027279171,0.0
79,10,0.04955002135850932,5.094183041427429e-06,0.0,0.02630199276693802,0.0
79,11,0.04628167534284465,0.011950418743956881,0.0,0.015516105612312378,0.0
79,12,0.05673364056763464,0.0008583007381224935,0.0,0.01796723737455514,0.0
79,13,0.044144979594710726,0.0036063713908461403,0.0,0.02087590244293864,0.0
79,14,0.04911110827094808,2.4309154362878827e-05,0.0,0.023689437077415776,0.0
79,15,0.04446737811484164,0.0005896108890894713,6.80410605750497e-08,0.018811635537359903,0.0
79,16,0.04525795204968321,0.006728533104181578,0.0,0.01597363310312245,0.0
79,17,0.05125557886247423,9.066023491150454e-06,8.004776715640607e-08,0.022239583645060186,0.0
79,18,0.04752386134724937,4.5814812018468025e-07,0.0,0.03027880997008512,0.0
79,19,0.05602347291254514,1.7276656961191276e-06,0.0,0.026648421800677603,0.0
79,20,0.04073821425995484,0.005000575253144849,0.0,0.0249569764418539,0.0
79,21,0.05563928234462644,3.2253426860244525e-06,0.0,0.02316866596694763,0.0
79,22,0.03918322895336786,0.00828258878487868,0.0,0.030337769207126174,0.0
79,23,0.04523660729979171,0.004560034797520793,0.0,0.02060142306022031,0.0
79,24,0.04434332037973947,0.011022429064616833,0.0,0.02047590941193226,0.0
79,25,0.045803259141169485,0.001770733852983665,0.0,0.02040755759442067,0.0
79,26,0.052219643090161465,9.773650380126644e-06,0.0,0.01887552476941744,0.0
79,27,0.07009503759750957,0.0004175511878189587,0.0,0.017436751284980102,0.0
79,28,0.055014237553381654,5.7363094525305615e-06,0.0,0.024317622624387934,0.0
79,29,0.049418688967080814,0.005946019250917289,0.0,0.01800900846343015,0.0
79,30,0.04465797041001347,0.0019715388007713864,0.0,0.02281699933930922,0.0
79,31,0.05837175975867379,0.0038558872249806544,0.0,0.015737928910018375,0.0
79,32,0.04247329384744354,2.8939567424584768e-05,0.0,0.025767744407837512,0.0
79,33,0.04136280150534814,6.473637230972957e-05,3.718561512036486e-08,0.06272897202420429,0.0
79,34,0.043339523467681065,8.411115438175846e-05,6.866906736295929e-08,0.024318481229047218,0.0
79,35,0.04503816685024227,8.843631030618677e-06,0.0,0.055958597027632596,0.0
79,36,0.06081201479770119,0.00043757460966392143,0.0,0.01757443456294469,0.0
79,37,0.047890415814359565,0.0007171364873428466,0.0,0.019536089454594886,0.0
79,38,0.04777137987575162,3.7101172321759128e-06,0.0,0.028763102899127802,0.0
79,39,0.03883720961996999,0.0001133442343557698,0.0,0.03148899954484961,0.0
79,40,0.060706748247157806,0.00025815114798734945,0.0,0.018868982548398975,0.0
79,41,0.045304789045248935,2.676341182646955e-06,0.0,0.03762520609241004,0.0
79,42,0.0453315176482182,3.287870524891963e-05,1.899997901311735e-08,0.025738330236998806,0.0
79,43,0.050784341075049894,9.189436140107247e-08,0.0,0.027017553965631873,0.0
79,44,0.04365218269404735,0.019792289555054646,0.0,0.020696802022842003,0.0
79,45,0.053001470116482124,0.0015662571855230595,0.0,0.018131137255508408,0.0
79,46,0.04328512329849362,0.006713866646822118,0.0,0.02483737517164408,0.0
79,47,0.0474077439879759,3.472539923936e-05,7.909224760729887e-08,0.02540776911785885,0.0
79,48,0.04290776361814113,0.01729712583645157,0.0,0.021066208984353164,0.0
79,49,0.05031605605280277,7.546774320180086e-05,0.0,0.020545277256297463,0.0
79,50,0.039679668565310855,0.010573166882218469,0.0,0.02348239834501996,0.0
80,0,0.04091088497501105,0.004787519882842115,0.0,0.025746106589970858,0.0
80,1,0.041696840476277176,0.0016339876591201904,0.0,0.028924010755379155,0.0
80,2,0.049554786877966224,0.0012918068177687802,0.0,0.019114269384229256,0.0
80,3,0.055871499583465815,0.005685465441481109,0.0,0.017301523848342944,0.0
80,4,0.057013701708503256,0.001797506264783894,0.0,0.017950591137125424,0.0
80,5,0.07837963633284133,0.0004425569089864308,0.0,0.017029114241847602,0.0
80,6,0.0596293826594918,0.0018436320030131132,0.0,0.017896679992061862,0.0
80,7,0.056671571343497575,1.88102205747397e-11,0.0,0.021668376012027462,0.0
80,8,0.04552447176855006,8.331224292018293e-05,0.0,0.021662363748491297,0.0
80,9,0.04778679691318433,0.00014261443399100126,0.0,0.02108602027279171,0.0
80,10,0.04955002135850932,5.094183041427429e-06,0.0,0.02630199276693802,0.0
80,11,0.04628167534284465,0.011950418743956881,0.0,0.015516105612312378,0.0
80,12,0.05673364056763464,0.0008583007381224935,0.0,0.01796723737455514,0.0
80,13,0.044144979594710726,0.0036063713908461403,0.0,0.02087590244293864,0.0
80,14,0.04911110827094808,2.4309154362878827e-05,0.0,0.023689437077415776,0.0
80,15,0.04446737811484164,0.0005896108890894713,6.80410605750497e-08,0.018811635537359903,0.0
80,16,0.04525795204968321,0.006728533104181578,0.0,0.01597363310312245,0.0
80,17,0.05125557886247423,9.066023491150454e-06,8.004776715640607e-08,0.022239583645060186,0.0
80,18,0.04752386134724937,4.5814812018468025e-07,0.0,0.03027880997008512,0.0
80,19,0.05602347291254514,1.7276656961191276e-06,0.0,0.026648421800677603,0.0
80,20,0.04073821425995484,0.005000575253144849,0.0,0.0249569764418539,0.0
80,21,0.05563928234462644,3.2253426860244525e-06,0.0,0.02316866596694763,0.0
80,22,0.03918322895336786,0.00828258878487868,0.0,0.030337769207126174,0.0
80,23,0.04523660729979171,0.004560034797520793,0.0,0.02060142306022031,0.0
80,24,0.04434332037973947,0.011022429064616833,0.0,0.02047590941193226,0.0
80,25,0.045803259141169485,0.001770733852983665,0.0,0.02040755759442067,0.0
80,26,0.052219643090161465,9.773650380126644e-06,0.0,0.01887552476941744,0.0
80,27,0.07009503759750957,0.0004175511878189587,0.0,0.017436751284980102,0.0
80,28,0.055014237553381654,5.7363094525305615e-06,0.0,0.024317622624387934,0.0
80,29,0.049418688967080814,0.005946019250917289,0.0,0.01800900846343015,0.0
80,30,0.04465797041001347,0.0019715388007713864,0.0,0.02281699933930922,0.0
80,31,0.05837175975867379,0.0038558872249806544,0.0,0.015737928910018375,0.0
80,32,0.04247329384744354,2.8939567424584768e-05,0.0,0.025767744407837512,0.0
80,33,0.04136280150534814,6.473637230972957e-05,3.718561512036486e-08,0.06272897202420429,0.0
80,34,0.043339523467681065,8.411115438175846e-05,6.866906736295929e-08,0.024318481229047218,0.0
80,35,0.04503816685024227,8.843631030618677e-06,0.0,0.055958597027632596,0.0
80,36,0.06081201479770119,0.00043757460966392143,0.0,0.01757443456294469,0.0
80,37,0.047890415814359565,0.0007171364873428466,0.0,0.019536089454594886,0.0
80,38,0.04777137987575162,3.7101172321759128e-06,0.0,0.028763102899127802,0.0
80,39,0.03883720961996999,0.0001133442343557698,0.0,0.03148899954484961,0.0
80,40,0.060706748247157806,0.00025815114798734945,0.0,0.018868982548398975,0.0
80,41,0.045304789045248935,2.676341182646955e-06,0.0,0.03762520609241004,0.0
80,42,0.0453315176482182,3.287870524891963e-05,1.899997901311735e-08,0.025738330236998806,0.0
80,43,0.050784341075049894,9.189436140107247e-08,0.0,0.027017553965631873,0.0
80,44,0.04365218269404735,0.019792289555054646,0.0,0.020696802022842003,0.0
80,45,0.053001470116482124,0.0015662571855230595,0.0,0.018131137255508408,0.0
80,46,0.04328512329849362,0.006713866646822118,0.0,0.02483737517164408,0.0
80,47,0.0474077439879759,3.472539923936e-05,7.909224760729887e-08,0.02540776911785885,0.0
80,48,0.04290776361814113,0.01729712583645157,0.0,0.021066208984353164,0.0
80,49,0.05031605605280277,7.546774320180086e-05,0.0,0.020545277256297463,0.0
80,50,0.039679668565310855,0.010573166882218469,0.0,0.02348239834501996,0.0
80,51,0.04329710582544687,0.0006077563557944281,0.0,0.02431912960273682,0.0
81,0,0.04091088497501105,0.004787519882842115,0.0,0.025746106589970858,0.0
81,1,0.041696840476277176,0.0016339876591201904,0.0,0.028924010755379155,0.0
81,2,0.049554786877966224,0.0012918068177687802,0.0,0.019114269384229256,0.0
81,3,0.055871499583465815,0.005685465441481109,0.0,0.017301523848342944,0.0
81,4,0.057013701708503256,0.001797506264783894,0.0,0.017950591137125424,0.0
81,5,0.07837963633284133,0.0004425569089864308,0.0,0.017029114241847602,0.0
81,6,0.0596293826594918,0.0018436320030131132,0.0,0.017896679992061862,0.0
81,7,0.056671571343497575,1.88102205747397e-11,0.0,0.021668376012027462,0.0
81,8,0.04552447176855006,8.331224292018293e-05,0.0,0.021662363748491297,0.0
81,9,0.04778679691318433,0.00014261443399100126,0.0,0.02108602027279171,0.0
81,10,0.04955002135850932,5.094183041427429e-06,0.0,0.02630199276693802,0.0
81,11,0.04628167534284465,0.011950418743956881,0.0,0.015516105612312378,0.0
81,12,0.05673364056763464,0.0008583007381224935,0.0,0.01796723737455514,0.0
81,13,0.044144979594710726,0.0036063713908461403,0.0,0.02087590244293864,0.0
81,14,0.04911110827094808,2.4309154362878827e-05,0.0,0.023689437077415776,0.0
81,15,0.04446737811484164,0.0005896108890894713,6.80410605750497e-08,0.018811635537359903,0.0
81,16,0.04525795204968321,0.006728533104181578,0.0,0.01597363310312245,0.0
81,17,0.05125557886247423,9.066023491150454e-06,8.004776715640607e-08,0.022239583645060186,0.0
81,18,0.04752386134724937,4.5814812018468025e-07,0.0,0.03027880997008512,0.0
81,19,0.05602347291254514,1.7276656961191276e-06,0.0,0.026648421800677603,0.0
81,20,0.04073821425995484,0.005000575253144849,0.0,0.0249569764418539,0.0
81,21,0.05563928234462644,3.2253426860244525e-06,0.0,0.02316866596694763,0.0
81,22,0.03918322895336786,0.00828258878487868,0.0,0.030337769207126174,0.0
81,23,0.04523660729979171,0.004560034797520793,0.0,0.02060142306022031,0.0
81,24,0.04434332037973947,0.011022429064616833,0.0,0.02047590941193226,0.0
81,25,0.045803259141169485,0.001770733852983665,0.0,0.02040755759442067,0.0
81,26,0.052219643090161465,9.773650380126644e-06,0.0,0.01887552476941744,0.0
81,27,0.07009503759750957,0.0004175511878189587,0.0,0.017436751284980102,0.0
81,28,0.055014237553381654,5.7363094525305615e-06,0.0,0.024317622624387934,0.0
81,29,0.049418688967080814,0.005946019250917289,0.0,0.01800900846343015,0.0
81,30,0.04465797041001347,0.0019715388007713864,0.0,0.02281699933930922,0.0
81,31,0.05837175975867379,0.0038558872249806544,0.0,0.015737928910018375,0.0
81,32,0.04247329384744354,2.8939567424584768e-05,0.0,0.025767744407837512,0.0
81,33,0.04136280150534814,6.473637230972957e-05,3.718561512036486e-08,0.06272897202420429,0.0
81,34,0.043339523467681065,8.411115438175846e-05,6.866906736295929e-08,0.024318481229047218,0.0
81,35,0.04503816685024227,8.843631030618677e-06,0.0,0.055958597027632596,0.0
81,36,0.06081201479770119,0.00043757460966392143,0.0,0.01757443456294469,0.0
81,37,0.047890415814359565,0.0007171364873428466,0.0,0.019536089454594886,0.0
81,38,0.04777137987575162,3.7101172321759128e-06,0.0,0.028763102899127802,0.0
81,39,0.03883720961996999,0.0001133442343557698,0.0,0.03148899954484961,0.0
81,40,0.060706748247157806,0.00025815114798734945,0.0,0.018868982548398975,0.0
81,41,0.045304789045248935,2.676341182646955e-06,0.0,0.03762520609241004,0.0
81,42,0.0453315176482182,3.287870524891963e-05,1.899997901311735e-08,0.025738330236998806,0.0
81,43,0.050784341075049894,9.189436140107247e-08,0.0,0.027017553965631873,0.0
81,44,0.04365218269404735,0.019792289555054646,0.0,0.020696802022842003,0.0
81,45,0.053001470116482124,0.0015662571855230595,0.0,0.018131137255508408,0.0
81,46,0.04328512329849362,0.006713866646822118,0.0,0.02483737517164408,0.0
81,47,0.0474077439879759,3.472539923936e-05,7.909224760729887e-08,0.02540776911785885,0.0
81,48,0.04290776361814113,0.01729712583645157,0.0,0.021066208984353164,0.0
81,49,0.05031605605280277,7.546774320180086e-05,0.0,0.020545277256297463,0.0
81,50,0.039679668565310855,0.010573166882218469,0.0,0.02348239834501996,0.0
81,51,0.04329710582544687,0.0006077563557944281,0.0,0.02431912960273682,0.0
82,0,0.04091088497501105,0.004787519882842115,0.0,0.025746106589970858,0.0
82,1,0.041696840476277176,0.0016339876591201904,0.0,0.028924010755379155,0.0
82,2,0.049554786877966224,0.0012918068177687802,0.0,0.019114269384229256,0.0
82,3,0.055871499583465815,0.005685465441481109,0.0,0.017301523848342944,0.0
82,4,0.057013701708503256,0.001797506264783894,0.0,0.017950591137125424,0.0
82,5,0.07837963633284133,0.0004425569089864308,0.0,0.017029114241847602,0.0
82,6,0.0596293826594918,0.0018436320030131132,0.0,0.017896679992061862,0.0
82,7,0.056671571343497575,1.88102205747397e-11,0.0,0.021668376012027462,0.0
82,8,0.04552447176855006,8.331224292018293e-05,0.0,0.021662363748491297,0.0
82,9,0.04778679691318433,0.00014261443399100126,0.0,0.02108602027279171,0.0
82,10,0.04955002135850932,5.094183041427429e-06,0.0,0.02630199276693802,0.0
82,11,0.04628167534284465,0.011950418743956881,0.0,0.015516105612312378,0.0
82,12,0.05673364056763464,0.0008583007381224935,0.0,0.01796723737455514,0.0
82,13,0.044144979594710726,0.0036063713908461403,0.0,0.02087590244293864,0.0
82,14,0.04911110827094808,2.4309154362878827e-05,0.0,0.023689437077415776,0.0
82,15,0.04446737811484164,0.0005896108890894713,6.80410605750497e-08,0.018811635537359903,0.0
82,16,0.04525795204968321,0.006728533104181578,0.0,0.01597363310312245,0.0
82,17,0.05125557886247423,9.066023491150454e-06,8.004776715640607e-08,0.022239583645060186,0.0
82,18,0.05602347291254514,1.7276656961191276e-06,0.0,0.026648421800677603,0.0
82,19,0.04073821425995484,0.005000575253144849,0.0,0.0249569764418539,0.0
82,20,0.05563928234462644,3.2253426860244525e-06,0.0,0.02316866596694763,0.0
82,21,0.03918322895336786,0.00828258878487868,0.0,0.030337769207126174,0.0
82,22,0.04523660729979171,0.004560034797520793,0.0,0.02060142306022031,0.0
82,23,0.04434332037973947,0.011022429064616833,0.0,0.02047590941193226,0.0
82,24,0.045803259141169485,0.001770733852983665,0.0,0.02040755759442067,0.0
82,25,0.052219643090161465,9.773650380126644e-06,0.0,0.01887552476941744,0.0
82,26,0.07009503759750957,0.0004175511878189587,0.0,0.017436751284980102,0.0
82,27,0.055014237553381654,5.7363094525305615e-06,0.0,0.024317622624387934,0.0
82,28,0.049418688967080814,0.005946019250917289,0.0,0.01800900846343015,0.0
82,29,0.04465797041001347,0.0019715388007713864,0.0,0.02281699933930922,0.0
82,30,0.05837175975867379,0.0038558872249806544,0.0,0.015737928910018375,0.0
82,31,0.04247329384744354,2.8939567424584768e-05,0.0,0.025767744407837512,0.0
82,32,0.04136280150534814,6.473637230972957e-05,3.718561512036486e-08,0.06272897202420429,0.0
82,33,0.043339523467681065,8.411115438175846e-05,6.866906736295929e-08,0.024318481229047218,0.0
82,34,0.06081201479770119,0.00043757460966392143,0.0,0.01757443456294469,0.0
82,35,0.047890415814359565,0.0007171364873428466,0.0,0.019536089454594886,0.0
82,36,0.04777137987575162,3.7101172321759128e-06,0.0,0.028763102899127802,0.0
82,37,0.03883720961996999,0.0001133442343557698,0.0,0.03148899954484961,0.0
82,38,0.060706748247157806,0.00025815114798734945,0.0,0.018868982548398975,0.0
82,39,0.0453315176482182,3.287870524891963e-05,1.899997901311735e-08,0.025738330236998806,0.0
82,40,0.050784341075049894,9.189436140107247e-08,0.0,0.027017553965631873,0.0
82,41,0.04365218269404735,0.019792289555054646,0.0,0.020696802022842003,0.0
82,42,0.053001470116482124,0.0015662571855230595,0.0,0.018131137255508408,0.0
82,43,0.04328512329849362,0.006713866646822118,0.0,0.02483737517164408,0.0
82,44,0.0474077439879759,3.472539923936e-05,7.909224760729887e-08,0.02540776911785885,0.0
82,45,0.04290776361814113,0.01729712583645157,0.0,0.021066208984353164,0.0
82,46,0.05031605605280277,7.546774320180086e-05,0.0,0.020545277256297463,0.0
82,47,0.039679668565310855,0.010573166882218469,0.0,0.02348239834501996,0.0
82,48,0.04329710582544687,0.0006077563557944281,0.0,0.02431912960273682,0.0
82,49,0.06191920406699697,0.00632811412197152,0.0,0.013965345830551054,0.0
82,50,0.054361625492468056,6.4050898406806895e-06,0.0,0.023503935344901975,0.0
82,51,0.04444378186566214,2.6643407699756785e-07,0.0,0.03016957703293562,0.0
83,0,0.04091088497501105,0.004787519882842115,0.0,0.025746106589970858,0.0
83,1,0.041696840476277176,0.0016339876591201904,0.0,0.028924010755379155,0.0
83,2,0.049554786877966224,0.0012918068177687802,0.0,0.019114269384229256,0.0
83,3,0.055871499583465815,0.005685465441481109,0.0,0.017301523848342944,0.0
83,4,0.057013701708503256,0.001797506264783894,0.0,0.017950591137125424,0.0
83,5,0.07837963633284133,0.0004425569089864308,0.0,0.017029114241847602,0.0
83,6,0.0596293826594918,0.0018436320030131132,0.0,0.017896679992061862,0.0
83,7,0.056671571343497575,1.88102205747397e-11,0.0,0.021668376012027462,0.0
83,8,0.04552447176855006,8.331224292018293e-05,0.0,0.021662363748491297,0.0
83,9,0.04778679691318433,0.00014261443399100126,0.0,0.02108602027279171,0.0
83,10,0.04955002135850932,5.094183041427429e-06,0.0,0.02630199276693802,0.0
83,11,0.04628167534284465,0.011950418743956881,0.0,0.015516105612312378,0.0
83,12,0.05673364056763464,0.0008583007381224935,0.0,0.01796723737455514,0.0
83,13,0.044144979594710726,0.0036063713908461403,0.0,0.02087590244293864,0.0
83,14,0.04911110827094808,2.4309154362878827e-05,0.0,0.023689437077415776,0.0
83,15,0.04446737811484164,0.0005896108890894713,6.80410605750497e-08,0.018811635537359903,0.0
83,16,0.04525795204968321,0.006728533104181578,0.0,0.01597363310312245,0.0
83,17,0.05125557886247423,9.066023491150454e-06,8.004776715640607e-08,0.022239583645060186,0.0
83,18,0.05602347291254514,1.7276656961191276e-06,0.0,0.026648421800677603,0.0
83,19,0.04073821425995484,0.005000575253144849,0.0,0.0249569764418539,0.0
83,20,0.05563928234462644,3.2253426860244525e-06,0.0,0.02316866596694763,0.0
83,21,0.03918322895336786,0.00828258878487868,0.0,0.030337769207126174,0.0
83,22,0.04523660729979171,0.004560034797520793,0.0,0.02060142306022031,0.0
83,23,0.04434332037973947,0.011022429064616833,0.0,0.02047590941193226,0.0
83,24,0.045803259141169485,0.001770733852983665,0.0,0.02040755759442067,0.0
83,25,0.052219643090161465,9.773650380126644e-06,0.0,0.01887552476941744,0.0
83,26,0.07009503759750957,0.0004175511878189587,0.0,0.017436751284980102,0.0
83,27,0.055014237553381654,5.7363094525305615e-06,0.0,0.024317622624387934,0.0
83,28,0.049418688967080814,0.005946019250917289,0.0,0.01800900846343015,0.0
83,29,0.04465797041001347,0.0019715388007713864,0.0,0.02281699933930922,0.0
83,30,0.05837175975867379,0.0038558872249806544,0.0,0.015737928910018375,0.0
83,31,0.04247329384744354,2.8939567424584768e-05,0.0,0.025767744407837512,0.0
83,32,0.04136280150534814,6.473637230972957e-05,3.718561512036486e-08,0.06272897202420429,0.0
83,33,0.043339523467681065,8.411115438175846e-05,6.866906736295929e-08,0.024318481229047218,0.0
83,34,0.06081201479770119,0.00043757460966392143,0.0,0.01757443456294469,0.0
83,35,0.047890415814359565,0.0007171364873428466,0.0,0.019536089454594886,0.0
83,36,0.04777137987575162,3.7101172321759128e-06,0.0,0.028763102899127802,0.0
83,37,0.03883720961996999,0.0001133442343557698,0.0,0.03148899954484961,0.0
83,38,0.060706748247157806,0.00025815114798734945,0.0,0.018868982548398975,0.0
83,39,0.0453315176482182,3.287870524891963e-05,1.899997901311735e-08,0.025738330236998806,0.0
83,40,0.050784341075049894,9.189436140107247e-08,0.0,0.027017553965631873,0.0
83,41,0.04365218269404735,0.019792289555054646,0.0,0.020696802022842003,0.0
83,42,0.053001470116482124,0.0015662571855230595,0.0,0.018131137255508408,0.0
83,43,0.04328512329849362,0.006713866646822118,0.0,0.02483737517164408,0.0
83,44,0.0474077439879759,3.472539923936e-05,7.909224760729887e-08,0.02540776911785885,0.0
83,45,0.04290776361814113,0.01729712583645157,0.0,0.021066208984353164,0.0
83,46,0.05031605605280277,7.546774320180086e-05,0.0,0.020545277256297463,0.0
83,47,0.039679668565310855,0.010573166882218469,0.0,0.02348239834501996,0.0
83,48,0.04329710582544687,0.0006077563557944281,0.0,0.02431912960273682,0.0
83,49,0.06191920406699697,0.00632811412197152,0.0,0.013965345830551054,0.0
83,50,0.054361625492468056,6.4050898406806895e-06,0.0,0.023503935344901975,0.0
83,51,0.04444378186566214,2.6643407699756785e-07,0.0,0.03016957703293562,0.0
83,52,0.0418950166414881,0.00685531375688721,1.437833645924098e-08,0.022025145203199228,0.0
84,0,0.04091088497501105,0.004787519882842115,0.0,0.025746106589970858,0.0
84,1,0.041696840476277176,0.0016339876591201904,0.0,0.028924010755379155,0.0
84,2,0.049554786877966224,0.0012918068177687802,0.0,0.019114269384229256,0.0
84,3,0.055871499583465815,0.005685465441481109,0.0,0.017301523848342944,0.0
84,4,0.057013701708503256,0.001797506264783894,0.0,0.017950591137125424,0.0
84,5,0.07837963633284133,0.0004425569089864308,0.0,0.017029114241847602,0.0
84,6,0.0596293826594918,0.0018436320030131132,0.0,0.017896679992061862,0.0
84,7,0.056671571343497575,1.88102205747397e-11,0.0,0.021668376012027462,0.0
84,8,0.04552447176855006,8.331224292018293e-05,0.0,0.021662363748491297,0.0
84,9,0.04778679691318433,0.00014261443399100126,0.0,0.02108602027279171,0.0
84,10,0.04955002135850932,5.094183041427429e-06,0.0,0.02630199276693802,0.0
84,11,0.04628167534284465,0.011950418743956881,0.0,0.015516105612312378,0.0
84,12,0.05673364056763464,0.0008583007381224935,0.0,0.01796723737455514,0.0
84,13,0.044144979594710726,0.0036063713908461403,0.0,0.02087590244293864,0.0
84,14,0.04911110827094808,2.4309154362878827e-05,0.0,0.023689437077415776,0.0
84,15,0.04446737811484164,0.0005896108890894713,6.80410605750497e-08,0.018811635537359903,0.0
84,16,0.04525795204968321,0.006728533104181578,0.0,0.01597363310312245,0.0
84,17,0.05125557886247423,9.066023491150454e-06,8.004776715640607e-08,0.022239583645060186,0.0
84,18,0.05602347291254514,1.7276656961191276e-06,0.0,0.026648421800677603,0.0
84,19,0.04073821425995484,0.005000575253144849,0.0,0.0249569764418539,0.0
84,20,0.05563928234462644,3.2253426860244525e-06,0.0,0.02316866596694763,0.0
84,21,0.03918322895336786,0.00828258878487868,0.0,0.030337769207126174,0.0
84,22,0.04523660729979171,0.004560034797520793,0.0,0.02060142306022031,0.0
84,23,0.04434332037973947,0.011022429064616833,0.0,0.02047590941193226,0.0
84,24,0.045803259141169485,0.001770733852983665,0.0,0.02040755759442067,0.0
84,25,0.052219643090161465,9.773650380126644e-06,0.0,0.01887552476941744,0.0
84,26,0.07009503759750957,0.0004175511878189587,0.0,0.017436751284980102,0.0
84,27,0.055014237553381654,5.7363094525305615e-06,0.0,0.024317622624387934,0.0
84,28,0.049418688967080814,0.005946019250917289,0.0,0.01800900846343015,0.0
84,29,0.04465797041001347,0.0019715388007713864,0.0,0.02281699933930922,0.0
84,30,0.05837175975867379,0.0038558872249806544,0.0,0.015737928910018375,0.0
84,31,0.04247329384744354,2.8939567424584768e-05,0.0,0.025767744407837512,0.0
84,32,0.04136280150534814,6.473637230972957e-05,3.718561512036486e-08,0.06272897202420429,0.0
84,33,0.043339523467681065,8.411115438175846e-05,6.866906736295929e-08,0.024318481229047218,0.0
84,34,0.06081201479770119,0.00043757460966392143,0.0,0.01757443456294469,0.0
84,35,0.047890415814359565,0.0007171364873428466,0.0,0.019536089454594886,0.0
84,36,0.04777137987575162,3.7101172321759128e-06,0.0,0.028763102899127802,0.0
84,37,0.03883720961996999,0.0001133442343557698,0.0,0.03148899954484961,0.0
84,38,0.060706748247157806,0.00025815114798734945,0.0,0.018868982548398975,0.0
84,39,0.0453315176482182,3.287870524891963e-05,1.899997901311735e-08,0.025738330236998806,0.0
84,40,0.050784341075049894,9.189436140107247e-08,0.0,0.027017553965631873,0.0
84,41,0.04365218269404735,0.019792289555054646,0.0,0.020696802022842003,0.0
84,42,0.053001470116482124,0.0015662571855230595,0.0,0.018131137255508408,0.0
84,43,0.04328512329849362,0.006713866646822118,0.0,0.02483737517164408,0.0
84,44,0.0474077439879759,3.472539923936e-05,7.909224760729887e-08,0.02540776911785885,0.0
84,45,0.04290776361814113,0.01729712583645157,0.0,0.021066208984353164,0.0
84,46,0.05031605605280277,7.546774320180086e-05,0.0,0.020545277256297463,0.0
84,47,0.039679668565310855,0.010573166882218469,0.0,0.02348239834501996,0.0
84,48,0.04329710582544687,0.0006077563557944281,0.0,0.02431912960273682,0.0
84,49,0.06191920406699697,0.00632811412197152,0.0,0.013965345830551054,0.0
84,50,0.054361625492468056,6.4050898406806895e-06,0.0,0.023503935344901975,0.0
84,51,0.04444378186566214,2.6643407699756785e-07,0.0,0.03016957703293562,0.0
84,52,0.0418950166414881,0.00685531375688721,1.437833645924098e-08,0.022025145203199228,0.0
85,0,0.04091088497501105,0.004787519882842115,0.0,0.025746106589970858,0.0
85,1,0.041696840476277176,0.0016339876591201904,0.0,0.028924010755379155,0.0
85,2,0.049554786877966224,0.0012918068177687802,0.0,0.019114269384229256,0.0
85,3,0.055871499583465815,0.005685465441481109,0.0,0.017301523848342944,0.0
85,4,0.057013701708503256,0.001797506264783894,0.0,0.017950591137125424,0.0
85,5,0.07837963633284133,0.0004425569089864308,0.0,0.017029114241847602,0.0
85,6,0.0596293826594918,0.0018436320030131132,0.0,0.017896679992061862,0.0
85,7,0.056671571343497575,1.88102205747397e-11,0.0,0.021668376012027462,0.0
85,8,0.04552447176855006,8.331224292018293e-05,0.0,0.021662363748491297,0.0
85,9,0.04778679691318433,0.00014261443399100126,0.0,0.02108602027279171,0.0
85,10,0.04955002135850932,5.094183041427429e-06,0.0,0.02630199276693802,0.0
85,11,0.04628167534284465,0.011950418743956881,0.0,0.015516105612312378,0.0
85,12,0.05673364056763464,0.0008583007381224935,0.0,0.01796723737455514,0.0
85,13,0.044144979594710726,0.0036063713908461403,0.0,0.02087590244293864,0.0
85,14,0.04911110827094808,2.4309154362878827e-05,0.0,0.023689437077415776,0.0
85,15,0.04446737811484164,0.0005896108890894713,6.80410605750497e-08,0.018811635537359903,0.0
85,16,0.04525795204968321,0.006728533104181578,0.0,0.01597363310312245,0.0
85,17,0.05125557886247423,9.066023491150454e-06,8.004776715640607e-08,0.022239583645060186,0.0
85,18,0.05602347291254514,1.7276656961191276e-06,0.0,0.026648421800677603,0.0
85,19,0.04073821425995484,0.005000575253144849,0.0,0.0249569764418539,0.0
85,20,0.05563928234462644,3.2253426860244525e-06,0.0,0.02316866596694763,0.0
85,21,0.03918322895336786,0.00828258878487868,0.0,0.030337769207126174,0.0
85,22,0.04523660729979171,0.004560034797520793,0.0,0.02060142306022031,0.0
85,23,0.04434332037973947,0.011022429064616833,0.0,0.02047590941193226,0.0
85,24,0.045803259141169485,0.001770733852983665,0.0,0.02040755759442067,0.0
85,25,0.052219643090161465,9.773650380126644e-06,0.0,0.01887552476941744,0.0
85,26,0.07009503759750957,0.0004175511878189587,0.0,0.017436751284980102,0.0
85,27,0.055014237553381654,5.7363094525305615e-06,0.0,0.024317622624387934,0.0
85,28,0.049418688967080814,0.005946019250917289,0.0,0.01800900846343015,0.0
85,29,0.04465797041001347,0.0019715388007713864,0.0,0.02281699933930922,0.0
85,30,0.05837175975867379,0.0038558872249806544,0.0,0.015737928910018375,0.0
85,31,0.04247329384744354,2.8939567424584768e-05,0.0,0.025767744407837512,0.0
85,32,0.04136280150534814,6.473637230972957e-05,3.718561512036486e-08,0.06272897202420429,0.0
85,33,0.043339523467681065,8.411115438175846e-05,6.866906736295929e-08,0.024318481229047218,0.0
85,34,0.06081201479770119,0.00043757460966392143,0.0,0.01757443456294469,0.0
85,35,0.047890415814359565,0.0007171364873428466,0.0,0.019536089454594886,0.0
85,36,0.04777137987575162,3.7101172321759128e-06,0.0,0.028763102899127802,0.0
85,37,0.03883720961996999,0.0001133442343557698,0.0,0.03148899954484961,0.0
85,38,0.060706748247157806,0.00025815114798734945,0.0,0.018868982548398975,0.0
85,39,0.0453315176482182,3.287870524891963e-05,1.899997901311735e-08,0.025738330236998806,0.0
85,40,0.050784341075049894,9.189436140107247e-08,0.0,0.027017553965631873,0.0
85,41,0.04365218269404735,0.019792289555054646,0.0,0.020696802022842003,0.0
85,42,0.053001470116482124,0.0015662571855230595,0.0,0.018131137255508408,0.0
85,43,0.04328512329849362,0.006713866646822118,0.0,0.02483737517164408,0.0
85,44,0.0474077439879759,3.472539923936e-05,7.909224760729887e-08,0.02540776911785885,0.0
85,45,0.04290776361814113,0.01729712583645157,0.0,0.021066208984353164,0.0
85,46,0.05031605605280277,7.546774320180086e-05,0.0,0.020545277256297463,0.0
85,47,0.039679668565310855,0.010573166882218469,0.0,0.02348239834501996,0.0
85,48,0.04329710582544687,0.0006077563557944281,0.0,0.02431912960273682,0.0
85,49,0.06191920406699697,0.00632811412197152,0.0,0.013965345830551054,0.0
85,50,0.054361625492468056,6.4050898406806895e-06,0.0,0.023503935344901975,0.0
85,51,0.04444378186566214,2.6643407699756785e-07,0.0,0.03016957703293562,0.0
85,52,0.0418950166414881,0.00685531375688721,1.437833645924098e-08,0.022025145203199228,0.0
86,0,0.04091088497501105,0.004787519882842115,0.0,0.025746106589970858,0.0
86,1,0.041696840476277176,0.0016339876591201904,0.0,0.028924010755379155,0.0
86,2,0.049554786877966224,0.0012918068177687802,0.0,0.019114269384229256,0.0
86,3,0.055871499583465815,0.005685465441481109,0.0,0.017301523848342944,0.0
86,4,0.057013701708503256,0.001797506264783894,0.0,0.017950591137125424,0.0
86,5,0.07837963633284133,0.0004425569089864308,0.0,0.017029114241847602,0.0
86,6,0.0596293826594918,0.0018436320030131132,0.0,0.017896679992061862,0.0
86,7,0.056671571343497575,1.88102205747397e-11,0.0,0.021668376012027462,0.0
86,8,0.04552447176855006,8.331224292018293e-05,0.0,0.021662363748491297,0.0
86,9,0.04778679691318433,0.00014261443399100126,0.0,0.02108602027279171,0.0
86,10,0.04955002135850932,5.094183041427429e-06,0.0,0.02630199276693802,0.0
86,11,0.04628167534284465,0.011950418743956881,0.0,0.015516105612312378,0.0
86,12,0.05673364056763464,0.0008583007381224935,0.0,0.01796723737455514,0.0
86,13,0.044144979594710726,0.0036063713908461403,0.0,0.02087590244293864,0.0
86,14,0.04911110827094808,2.4309154362878827e-05,0.0,0.023689437077415776,0.0
86,15,0.04446737811484164,0.0005896108890894713,6.80410605750497e-08,0.018811635537359903,0.0
86,16,0.04525795204968321,0.006728533104181578,0.0,0.01597363310312245,0.0
86,17,0.05125557886247423,9.066023491150454e-06,8.004776715640607e-08,0.022239583645060186,0.0
86,18,0.05602347291254514,1.7276656961191276e-06,0.0,0.026648421800677603,0.0
86,19,0.04073821425995484,0.005000575253144849,0.0,0.0249569764418539,0.0
86,20,0.05563928234462644,3.2253426860244525e-06,0.0,0.02316866596694763,0.0
86,21,0.03918322895336786,0.00828258878487868,0.0,0.030337769207126174,0.0
86,22,0.04523660729979171,0.004560034797520793,0.0,0.02060142306022031,0.0
86,23,0.04434332037973947,0.011022429064616833,0.0,0.02047590941193226,0.0
86,24,0.045803259141169485,0.001770733852983665,0.0,0.02040755759442067,0.0
86,25,0.052219643090161465,9.773650380126644e-06,0.0,0.01887552476941744,0.0
86,26,0.07009503759750957,0.0004175511878189587,0.0,0.017436751284980102,0.0
86,27,0.055014237553381654,5.7363094525305615e-06,0.0,0.024317622624387934,0.0
86,28,0.049418688967080814,0.005946019250917289,0.0,0.01800900846343015,0.0
86,29,0.04465797041001347,0.0019715388007713864,0.0,0.02281699933930922,0.0
86,30,0.05837175975867379,0.0038558872249806544,0.0,0.015737928910018375,0.0
86,31,0.04247329384744354,2.8939567424584768e-05,0.0,0.025767744407837512,0.0
86,32,0.04136280150534814,6.473637230972957e-05,3.718561512036486e-08,0.06272897202420429,0.0
86,33,0.043339523467681065,8.411115438175846e-05,6.866906736295929e-08,0.024318481229047218,0.0
86,34,0.06081201479770119,0.00043757460966392143,0.0,0.01757443456294469,0.0
86,35,0.047890415814359565,0.0007171364873428466,0.0,0.019536089454594886,0.0
86,36,0.04777137987575162,3.7101172321759128e-06,0.0,0.028763102899127802,0.0
86,37,0.03883720961996999,0.0001133442343557698,0.0,0.03148899954484961,0.0
86,38,0.060706748247157806,0.00025815114798734945,0.0,0.018868982548398975,0.0
86,39,0.0453315176482182,3.287870524891963e-05,1.899997901311735e-08,0.025738330236998806,0.0
86,40,0.050784341075049894,9.189436140107247e-08,0.0,0.027017553965631873,0.0
86,41,0.04365218269404735,0.019792289555054646,0.0,0.020696802022842003,0.0
86,42,0.053001470116482124,0.0015662571855230595,0.0,0.018131137255508408,0.0
86,43,0.04328512329849362,0.006713866646822118,0.0,0.02483737517164408,0.0
86,44,0.0474077439879759,3.472539923936e-05,7.909224760729887e-08,0.02540776911785885,0.0
86,45,0.04290776361814113,0.01729712583645157,0.0,0.021066208984353164,0.0
86,46,0.05031605605280277,7.546774320180086e-05,0.0,0.020545277256297463,0.0
86,47,0.039679668565310855,0.010573166882218469,0.0,0.02348239834501996,0.0
86,48,0.04329710582544687,0.0006077563557944281,0.0,0.02431912960273682,0.0
86,49,0.06191920406699697,0.00632811412197152,0.0,0.013965345830551054,0.0
86,50,0.054361625492468056,6.4050898406806895e-06,0.0,0.023503935344901975,0.0
86,51,0.04444378186566214,2.6643407699756785e-07,0.0,0.03016957703293562,0.0
86,52,0.0418950166414881,0.00685531375688721,1.437833645924098e-08,0.022025145203199228,0.0
86,53,0.04361095494473679,0.007525575279923638,0.0,0.022870116719628256,0.0
87,0,0.04091088497501105,0.004787519882842115,0.0,0.025746106589970858,0.0
87,1,0.041696840476277176,0.0016339876591201904,0.0,0.028924010755379155,0.0
87,2,0.049554786877966224,0.0012918068177687802,0.0,0.019114269384229256,0.0
87,3,0.055871499583465815,0.005685465441481109,0.0,0.017301523848342944,0.0
87,4,0.057013701708503256,0.001797506264783894,0.0,0.017950591137125424,0.0
87,5,0.07837963633284133,0.0004425569089864308,0.0,0.017029114241847602,0.0
87,6,0.0596293826594918,0.0018436320030131132,0.0,0.017896679992061862,0.0
87,7,0.056671571343497575,1.88102205747397e-11,0.0,0.021668376012027462,0.0
87,8,0.04628167534284465,0.011950418743956881,0.0,0.015516105612312378,0.0
87,9,0.05673364056763464,0.0008583007381224935,0.0,0.01796723737455514,0.0
87,10,0.04446737811484164,0.0005896108890894713,6.80410605750497e-08,0.018811635537359903,0.0
87,11,0.04525795204968321,0.006728533104181578,0.0,0.01597363310312245,0.0
87,12,0.04073821425995484,0.005000575253144849,0.0,0.0249569764418539,0.0
87,13,0.03918322895336786,0.00828258878487868,0.0,0.030337769207126174,0.0
87,14,0.052219643090161465,9.773650380126644e-06,0.0,0.01887552476941744,0.0
87,15,0.07009503759750957,0.0004175511878189587,0.0,0.017436751284980102,0.0
87,16,0.049418688967080814,0.005946019250917289,0.0,0.01800900846343015,0.0
87,17,0.05837175975867379,0.0038558872249806544,0.0,0.015737928910018375,0.0
87,18,0.04247329384744354,2.8939567424584768e-05,0.0,0.025767744407837512,0.0
87,19,0.04136280150534814,6.473637230972957e-05,3.718561512036486e-08,0.06272897202420429,0.0
87,20,0.06081201479770119,0.00043757460966392143,0.0,0.01757443456294469,0.0
87,21,0.047890415814359565,0.0007171364873428466,0.0,0.019536089454594886,0.0
87,22,0.03883720961996999,0.0001133442343557698,0.0,0.03148899954484961,0.0
87,23,0.060706748247157806,0.00025815114798734945,0.0,0.018868982548398975,0.0
87,24,0.050784341075049894,9.189436140107247e-08,0.0,0.027017553965631873,0.0
87,25,0.053001470116482124,0.0015662571855230595,0.0,0.018131137255508408,0.0
87,26,0.04290776361814113,0.01729712583645157,0.0,0.021066208984353164,0.0
87,27,0.039679668565310855,0.010573166882218469,0.0,0.02348239834501996,0.0
87,28,0.06191920406699697,0.00632811412197152,0.0,0.013965345830551054,0.0
87,29,0.04444378186566214,2.6643407699756785e-07,0.0,0.03016957703293562,0.0
87,30,0.0418950166414881,0.00685531375688721,1.437833645924098e-08,0.022025145203199228,0.0
87,31,0.043176280938263874,7.071567829404432e-07,0.0,0.020341281639961538,0.0
87,32,0.06386998040015358,0.0002512503124969264,0.0,0.018692477809963425,0.0
88,0,0.04091088497501105,0.004787519882842115,0.0,0.025746106589970858,0.0
88,1,0.041696840476277176,0.0016339876591201904,0.0,0.028924010755379155,0.0
88,2,0.049554786877966224,0.0012918068177687802,0.0,0.019114269384229256,0.0
88,3,0.055871499583465815,0.005685465441481109,0.0,0.017301523848342944,0.0
88,4,0.057013701708503256,0.001797506264783894,0.0,0.017950591137125424,0.0
88,5,0.07837963633284133,0.0004425569089864308,0.0,0.017029114241847602,0.0
88,6,0.0596293826594918,0.0018436320030131132,0.0,0.017896679992061862,0.0
88,7,0.056671571343497575,1.88102205747397e-11,0.0,0.021668376012027462,0.0
88,8,0.04628167534284465,0.011950418743956881,0.0,0.015516105612312378,0.0
88,9,0.05673364056763464,0.0008583007381224935,0.0,0.01796723737455514,0.0
88,10,0.04446737811484164,0.0005896108890894713,6.80410605750497e-08,0.018811635537359903,0.0
88,11,0.04525795204968321,0.006728533104181578,0.0,0.01597363310312245,0.0
88,12,0.04073821425995484,0.005000575253144849,0.0,0.0249569764418539,0.0
88,13,0.03918322895336786,0.00828258878487868,0.0,0.030337769207126174,0.0
88,14,0.052219643090161465,9.773650380126644e-06,0.0,0.01887552476941744,0.0
88,15,0.07009503759750957,0.0004175511878189587,0.0,0.017436751284980102,0.0
88,16,0.049418688967080814,0.005946019250917289,0.0,0.01800900846343015,0.0
88,17,0.05837175975867379,0.0038558872249806544,0.0,0.015737928910018375,0.0
88,18,0.04247329384744354,2.8939567424584768e-05,0.0,0.025767744407837512,0.0
88,19,0.04136280150534814,6.473637230972957e-05,3.718561512036486e-08,0.06272897202420429,0.0
88,20,0.06081201479770119,0.00043757460966392143,0.0,0.01757443456294469,0.0
88,21,0.047890415814359565,0.0007171364873428466,0.0,0.019536089454594886,0.0
88,22,0.03883720961996999,0.0001133442343557698,0.0,0.03148899954484961,0.0
88,23,0.060706748247157806,0.00025815114798734945,0.0,0.018868982548398975,0.0
88,24,0.050784341075049894,9.189436140107247e-08,0.0,0.027017553965631873,0.0
88,25,0.053001470116482124,0.0015662571855230595,0.0,0.018131137255508408,0.0
88,26,0.04290776361814113,0.01729712583645157,0.0,0.021066208984353164,0.0
88,27,0.039679668565310855,0.010573166882218469,0.0,0.02348239834501996,0.0
88,28,0.06191920406699697,0.00632811412197152,0.0,0.013965345830551054,0.0
88,29,0.04444378186566214,2.6643407699756785e-07,0.0,0.03016957703293562,0.0
88,30,0.0418950166414881,0.00685531375688721,1.437833645924098e-08,0.022025145203199228,0.0
88,31,0.043176280938263874,7.071567829404432e-07,0.0,0.020341281639961538,0.0
88,32,0.06386998040015358,0.0002512503124969264,0.0,0.018692477809963425,0.0
89,0,0.04091088497501105,0.004787519882842115,0.0,0.025746106589970858,0.0
89,1,0.041696840476277176,0.0016339876591201904,0.0,0.028924010755379155,0.0
89,2,0.049554786877966224,0.0012918068177687802,0.0,0.019114269384229256,0.0
89,3,0.055871499583465815,0.005685465441481109,0.0,0.017301523848342944,0.0
89,4,0.057013701708503256,0.001797506264783894,0.0,0.017950591137125424,0.0
89,5,0.0596293826594918,0.0018436320030131132,0.0,0.017896679992061862,0.0
89,6,0.056671571343497575,1.88102205747397e-11,0.0,0.021668376012027462,0.0
89,7,0.04628167534284465,0.011950418743956881,0.0,0.015516105612312378,0.0
89,8,0.05673364056763464,0.0008583007381224935,0.0,0.01796723737455514,0.0
89,9,0.04446737811484164,0.0005896108890894713,6.80410605750497e-08,0.018811635537359903,0.0
89,10,0.04525795204968321,0.006728533104181578,0.0,0.01597363310312245,0.0
89,11,0.04073821425995484,0.005000575253144849,0.0,0.0249569764418539,0.0
89,12,0.03918322895336786,0.00828258878487868,0.0,0.030337769207126174,0.0
89,13,0.052219643090161465,9.773650380126644e-06,0.0,0.01887552476941744,0.0
89,14,0.049418688967080814,0.005946019250917289,0.0,0.01800900846343015,0.0
89,15,0.05837175975867379,0.0038558872249806544,0.0,0.015737928910018375,0.0
89,16,0.04247329384744354,2.8939567424584768e-05,0.0,0.025767744407837512,0.0
89,17,0.04136280150534814,6.473637230972957e-05,3.718561512036486e-08,0.06272897202420429,0.0
89,18,0.06081201479770119,0.00043757460966392143,0.0,0.01757443456294469,0.0
89,19,0.047890415814359565,0.0007171364873428466,0.0,0.019536089454594886,0.0
89,20,0.03883720961996999,0.0001133442343557698,0.0,0.03148899954484961,0.0
89,21,0.060706748247157806,0.00025815114798734945,0.0,0.018868982548398975,0.0
89,22,0.050784341075049894,9.189436140107247e-08,0.0,0.027017553965631873,0.0
89,23,0.053001470116482124,0.0015662571855230595,0.0,0.018131137255508408,0.0
89,24,0.04290776361814113,0.01729712583645157,0.0,0.021066208984353164,0.0
89,25,0.039679668565310855,0.010573166882218469,0.0,0.02348239834501996,0.0
89,26,0.06191920406699697,0.00632811412197152,0.0,0.013965345830551054,0.0
89,27,0.04444378186566214,2.6643407699756785e-07,0.0,0.03016957703293562,0.0
89,28,0.0418950166414881,0.00685531375688721,1.437833645924098e-08,0.022025145203199228,0.0
89,29,0.043176280938263874,7.071567829404432e-07,0.0,0.020341281639961538,0.0
89,30,0.06386998040015358,0.0002512503124969264,0.0,0.018692477809963425,0.0
89,31,0.042838767386636674,0.002951091614165031,0.0,0.025564099470832304,0.0
89,32,0.048648318590546975,7.348877339327803e-09,0.0,0.03610126589543505,0.0
89,33,0.06959791892885271,0.00024776174114627926,0.0,0.015346480180468535,0.0
90,0,0.04091088497501105,0.004787519882842115,0.0,0.025746106589970858,0.0
90,1,0.041696840476277176,0.0016339876591201904,0.0,0.028924010755379155,0.0
90,2,0.049554786877966224,0.0012918068177687802,0.0,0.019114269384229256,0.0
90,3,0.055871499583465815,0.005685465441481109,0.0,0.017301523848342944,0.0
90,4,0.057013701708503256,0.001797506264783894,0.0,0.017950591137125424,0.0
90,5,0.0596293826594918,0.0018436320030131132,0.0,0.017896679992061862,0.0
90,6,0.056671571343497575,1.88102205747397e-11,0.0,0.021668376012027462,0.0
90,7,0.04628167534284465,0.011950418743956881,0.0,0.015516105612312378,0.0
90,8,0.05673364056763464,0.0008583007381224935,0.0,0.01796723737455514,0.0
90,9,0.04446737811484164,0.0005896108890894713,6.80410605750497e-08,0.018811635537359903,0.0
90,10,0.04525795204968321,0.006728533104181578,0.0,0.01597363310312245,0.0
90,11,0.04073821425995484,0.005000575253144849,0.0,0.0249569764418539,0.0
90,12,0.03918322895336786,0.00828258878487868,0.0,0.030337769207126174,0.0
90,13,0.052219643090161465,9.773650380126644e-06,0.0,0.01887552476941744,0.0
90,14,0.049418688967080814,0.005946019250917289,0.0,0.01800900846343015,0.0
90,15,0.05837175975867379,0.0038558872249806544,0.0,0.015737928910018375,0.0
90,16,0.04247329384744354,2.8939567424584768e-05,0.0,0.025767744407837512,0.0
90,17,0.04136280150534814,6.473637230972957e-05,3.718561512036486e-08,0.06272897202420429,0.0
90,18,0.06081201479770119,0.00043757460966392143,0.0,0.01757443456294469,0.0
90,19,0.047890415814359565,0.0007171364873428466,0.0,0.019536089454594886,0.0
90,20,0.03883720961996999,0.0001133442343557698,0.0,0.03148899954484961,0.0
90,21,0.060706748247157806,0.00025815114798734945,0.0,0.018868982548398975,0.0
90,22,0.050784341075049894,9.189436140107247e-08,0.0,0.027017553965631873,0.0
90,23,0.053001470116482124,0.0015662571855230595,0.0,0.018131137255508408,0.0
90,24,0.04290776361814113,0.01729712583645157,0.0,0.021066208984353164,0.0
90,25,0.039679668565310855,0.010573166882218469,0.0,0.02348239834501996,0.0
90,26,0.06191920406699697,0.00632811412197152,0.0,0.013965345830551054,0.0
90,27,0.04444378186566214,2.6643407699756785e-07,0.0,0.03016957703293562,0.0
90,28,0.0418950166414881,0.00685531375688721,1.437833645924098e-08,0.022025145203199228,0.0
90,29,0.043176280938263874,7.071567829404432e-07,0.0,0.020341281639961538,0.0
90,30,0.06386998040015358,0.0002512503124969264,0.0,0.018692477809963425,0.0
90,31,0.042838767386636674,0.002951091614165031,0.0,0.025564099470832304,0.0
90,32,0.048648318590546975,7.348877339327803e-09,0.0,0.03610126589543505,0.0
90,33,0.06959791892885271,0.00024776174114627926,0.0,0.015346480180468535,0.0
91,0,0.04091088497501105,0.004787519882842115,0.0,0.025746106589970858,0.0
91,1,0.041696840476277176,0.0016339876591201904,0.0,0.028924010755379155,0.0
91,2,0.049554786877966224,0.0012918068177687802,0.0,0.019114269384229256,0.0
91,3,0.055871499583465815,0.005685465441481109,0.0,0.017301523848342944,0.0
91,4,0.057013701708503256,0.001797506264783894,0.0,0.017950591137125424,0.0
91,5,0.0596293826594918,0.0018436320030131132,0.0,0.017896679992061862,0.0
91,6,0.056671571343497575,1.88102205747397e-11,0.0,0.021668376012027462,0.0
91,7,0.04628167534284465,0.011950418743956881,0.0,0.015516105612312378,0.0
91,8,0.05673364056763464,0.0008583007381224935,0.0,0.01796723737455514,0.0
91,9,0.04446737811484164,0.0005896108890894713,6.80410605750497e-08,0.018811635537359903,0.0
91,10,0.04525795204968321,0.006728533104181578,0.0,0.01597363310312245,0.0
91,11,0.04073821425995484,0.005000575253144849,0.0,0.0249569764418539,0.0
91,12,0.03918322895336786,0.00828258878487868,0.0,0.030337769207126174,0.0
91,13,0.052219643090161465,9.773650380126644e-06,0.0,0.01887552476941744,0.0
91,14,0.049418688967080814,0.005946019250917289,0.0,0.01800900846343015,0.0
91,15,0.05837175975867379,0.0038558872249806544,0.0,0.015737928910018375,0.0
91,16,0.04247329384744354,2.8939567424584768e-05,0.0,0.025767744407837512,0.0
91,17,0.04136280150534814,6.473637230972957e-05,3.718561512036486e-08,0.06272897202420429,0.0
91,18,0.06081201479770119,0.00043757460966392143,0.0,0.01757443456294469,0.0
91,19,0.047890415814359565,0.0007171364873428466,0.0,0.019536089454594886,0.0
91,20,0.03883720961996999,0.0001133442343557698,0.0,0.03148899954484961,0.0
91,21,0.060706748247157806,0.00025815114798734945,0.0,0.018868982548398975,0.0
91,22,0.050784341075049894,9.189436140107247e-08,0.0,0.027017553965631873,0.0
91,23,0.053001470116482124,0.0015662571855230595,0.0,0.018131137255508408,0.0
91,24,0.04290776361814113,0.01729712583645157,0.0,0.021066208984353164,0.0
91,25,0.039679668565310855,0.010573166882218469,0.0,0.02348239834501996,0.0
91,26,0.06191920406699697,0.00632811412197152,0.0,0.013965345830551054,0.0
91,27,0.04444378186566214,2.6643407699756785e-07,0.0,0.03016957703293562,0.0
91,28,0.0418950166414881,0.00685531375688721,1.437833645924098e-08,0.022025145203199228,0.0
91,29,0.043176280938263874,7.071567829404432e-07,0.0,0.020341281639961538,0.0
91,30,0.06386998040015358,0.0002512503124969264,0.0,0.018692477809963425,0.0
91,31,0.042838767386636674,0.002951091614165031,0.0,0.025564099470832304,0.0
91,32,0.048648318590546975,7.348877339327803e-09,0.0,0.03610126589543505,0.0
91,33,0.06959791892885271,0.00024776174114627926,0.0,0.015346480180468535,0.0
92,0,0.04091088497501105,0.004787519882842115,0.0,0.025746106589970858,0.0
92,1,0.041696840476277176,0.0016339876591201904,0.0,0.028924010755379155,0.0
92,2,0.049554786877966224,0.0012918068177687802,0.0,0.019114269384229256,0.0
92,3,0.055871499583465815,0.005685465441481109,0.0,0.017301523848342944,0.0
92,4,0.057013701708503256,0.001797506264783894,0.0,0.017950591137125424,0.0
92,5,0.0596293826594918,0.0018436320030131132,0.0,0.017896679992061862,0.0
92,6,0.056671571343497575,1.88102205747397e-11,0.0,0.021668376012027462,0.0
92,7,0.04628167534284465,0.011950418743956881,0.0,0.015516105612312378,0.0
92,8,0.05673364056763464,0.0008583007381224935,0.0,0.01796723737455514,0.0
92,9,0.04446737811484164,0.0005896108890894713,6.80410605750497e-08,0.018811635537359903,0.0
92,10,0.04525795204968321,0.006728533104181578,0.0,0.01597363310312245,0.0
92,11,0.04073821425995484,0.005000575253144849,0.0,0.0249569764418539,0.0
92,12,0.03918322895336786,0.00828258878487868,0.0,0.030337769207126174,0.0
92,13,0.052219643090161465,9.773650380126644e-06,0.0,0.01887552476941744,0.0
92,14,0.049418688967080814,0.005946019250917289,0.0,0.01800900846343015,0.0
92,15,0.05837175975867379,0.0038558872249806544,0.0,0.015737928910018375,0.0
92,16,0.04247329384744354,2.8939567424584768e-05,0.0,0.025767744407837512,0.0
92,17,0.04136280150534814,6.473637230972957e-05,3.718561512036486e-08,0.06272897202420429,0.0
92,18,0.06081201479770119,0.00043757460966392143,0.0,0.01757443456294469,0.0
92,19,0.047890415814359565,0.0007171364873428466,0.0,0.019536089454594886,0.0
92,20,0.03883720961996999,0.0001133442343557698,0.0,0.03148899954484961,0.0
92,21,0.060706748247157806,0.00025815114798734945,0.0,0.018868982548398975,0.0
92,22,0.050784341075049894,9.189436140107247e-08,0.0,0.027017553965631873,0.0
92,23,0.053001470116482124,0.0015662571855230595,0.0,0.018131137255508408,0.0
92,24,0.04290776361814113,0.01729712583645157,0.0,0.021066208984353164,0.0
92,25,0.039679668565310855,0.010573166882218469,0.0,0.02348239834501996,0.0
92,26,0.06191920406699697,0.00632811412197152,0.0,0.013965345830551054,0.0
92,27,0.04444378186566214,2.6643407699756785e-07,0.0,0.03016957703293562,0.0
92,28,0.0418950166414881,0.00685531375688721,1.437833645924098e-08,0.022025145203199228,0.0
92,29,0.043176280938263874,7.071567829404432e-07,0.0,0.020341281639961538,0.0
92,30,0.06386998040015358,0.0002512503124969264,0.0,0.018692477809963425,0.0
92,31,0.042838767386636674,0.002951091614165031,0.0,0.025564099470832304,0.0
92,32,0.048648318590546975,7.348877339327803e-09,0.0,0.03610126589543505,0.0
92,33,0.06959791892885271,0.00024776174114627926,0.0,0.015346480180468535,0.0
93,0,0.04091088497501105,0.004787519882842115,0.0,0.025746106589970858,0.0
93,1,0.041696840476277176,0.0016339876591201904,0.0,0.028924010755379155,0.0
93,2,0.049554786877966224,0.0012918068177687802,0.0,0.019114269384229256,0.0
93,3,0.055871499583465815,0.005685465441481109,0.0,0.017301523848342944,0.0
93,4,0.057013701708503256,0.001797506264783894,0.0,0.017950591137125424,0.0
93,5,0.0596293826594918,0.0018436320030131132,0.0,0.017896679992061862,0.0
93,6,0.056671571343497575,1.88102205747397e-11,0.0,0.021668376012027462,0.0
93,7,0.04628167534284465,0.011950418743956881,0.0,0.015516105612312378,0.0
93,8,0.05673364056763464,0.0008583007381224935,0.0,0.01796723737455514,0.0
93,9,0.04446737811484164,0.0005896108890894713,6.80410605750497e-08,0.018811635537359903,0.0
93,10,0.04525795204968321,0.006728533104181578,0.0,0.01597363310312245,0.0
93,11,0.04073821425995484,0.005000575253144849,0.0,0.0249569764418539,0.0
93,12,0.03918322895336786,0.00828258878487868,0.0,0.030337769207126174,0.0
93,13,0.052219643090161465,9.773650380126644e-06,0.0,0.01887552476941744,0.0
93,14,0.049418688967080814,0.005946019250917289,0.0,0.01800900846343015,0.0
93,15,0.05837175975867379,0.0038558872249806544,0.0,0.015737928910018375,0.0
93,16,0.04247329384744354,2.8939567424584768e-05,0.0,0.025767744407837512,0.0
93,17,0.04136280150534814,6.473637230972957e-05,3.718561512036486e-08,0.06272897202420429,0.0
93,18,0.06081201479770119,0.00043757460966392143,0.0,0.01757443456294469,0.0
93,19,0.047890415814359565,0.0007171364873428466,0.0,0.019536089454594886,0.0
93,20,0.03883720961996999,0.0001133442343557698,0.0,0.03148899954484961,0.0
93,21,0.060706748247157806,0.00025815114798734945,0.0,0.018868982548398975,0.0
93,22,0.050784341075049894,9.189436140107247e-08,0.0,0.027017553965631873,0.0
93,23,0.053001470116482124,0.0015662571855230595,0.0,0.018131137255508408,0.0
93,24,0.04290776361814113,0.01729712583645157,0.0,0.021066208984353164,0.0
93,25,0.039679668565310855,0.010573166882218469,0.0,0.02348239834501996,0.0
93,26,0.06191920406699697,0.00632811412197152,0.0,0.013965345830551054,0.0
93,27,0.04444378186566214,2.6643407699756785e-07,0.0,0.03016957703293562,0.0
93,28,0.0418950166414881,0.00685531375688721,1.437833645924098e-08,0.022025145203199228,0.0
93,29,0.043176280938263874,7.071567829404432e-07,0.0,0.020341281639961538,0.0
93,30,0.06386998040015358,0.0002512503124969264,0.0,0.018692477809963425,0.0
93,31,0.042838767386636674,0.002951091614165031,0.0,0.025564099470832304,0.0
93,32,0.048648318590546975,7.348877339327803e-09,0.0,0.03610126589543505,0.0
93,33,0.06959791892885271,0.00024776174114627926,0.0,0.015346480180468535,0.0
93,34,0.05837199793171113,0.0029927187718020334,0.0,0.017294237908797826,0.0
94,0,0.04091088497501105,0.004787519882842115,0.0,0.025746106589970858,0.0
94,1,0.041696840476277176,0.0016339876591201904,0.0,0.028924010755379155,0.0
94,2,0.049554786877966224,0.0012918068177687802,0.0,0.019114269384229256,0.0
94,3,0.055871499583465815,0.005685465441481109,0.0,0.017301523848342944,0.0
94,4,0.057013701708503256,0.001797506264783894,0.0,0.017950591137125424,0.0
94,5,0.0596293826594918,0.0018436320030131132,0.0,0.017896679992061862,0.0
94,6,0.056671571343497575,1.88102205747397e-11,0.0,0.021668376012027462,0.0
94,7,0.04628167534284465,0.011950418743956881,0.0,0.015516105612312378,0.0
94,8,0.05673364056763464,0.0008583007381224935,0.0,0.01796723737455514,0.0
94,9,0.04446737811484164,0.0005896108890894713,6.80410605750497e-08,0.018811635537359903,0.0
94,10,0.04525795204968321,0.006728533104181578,0.0,0.01597363310312245,0.0
94,11,0.04073821425995484,0.005000575253144849,0.0,0.0249569764418539,0.0
94,12,0.03918322895336786,0.00828258878487868,0.0,0.030337769207126174,0.0
94,13,0.052219643090161465,9.773650380126644e-06,0.0,0.01887552476941744,0.0
94,14,0.049418688967080814,0.005946019250917289,0.0,0.01800900846343015,0.0
94,15,0.05837175975867379,0.0038558872249806544,0.0,0.015737928910018375,0.0
94,16,0.04247329384744354,2.8939567424584768e-05,0.0,0.025767744407837512,0.0
94,17,0.04136280150534814,6.473637230972957e-05,3.718561512036486e-08,0.06272897202420429,0.0
94,18,0.06081201479770119,0.00043757460966392143,0.0,0.01757443456294469,0.0
94,19,0.047890415814359565,0.0007171364873428466,0.0,0.019536089454594886,0.0
94,20,0.03883720961996999,0.0001133442343557698,0.0,0.03148899954484961,0.0
94,21,0.060706748247157806,0.00025815114798734945,0.0,0.018868982548398975,0.0
94,22,0.050784341075049894,9.189436140107247e-08,0.0,0.027017553965631873,0.0
94,23,0.053001470116482124,0.0015662571855230595,0.0,0.018131137255508408,0.0
94,24,0.04290776361814113,0.01729712583645157,0.0,0.021066208984353164,0.0
94,25,0.039679668565310855,0.010573166882218469,0.0,0.02348239834501996,0.0
94,26,0.06191920406699697,0.00632811412197152,0.0,0.013965345830551054,0.0
94,27,0.04444378186566214,2.6643407699756785e-07,0.0,0.03016957703293562,0.0
94,28,0.0418950166414881,0.00685531375688721,1.437833645924098e-08,0.022025145203199228,0.0
94,29,0.043176280938263874,7.071567829404432e-07,0.0,0.020341281639961538,0.0
94,30,0.06386998040015358,0.0002512503124969264,0.0,0.018692477809963425,0.0
94,31,0.042838767386636674,0.002951091614165031,0.0,0.025564099470832304,0.0
94,32,0.048648318590546975,7.348877339327803e-09,0.0,0.03610126589543505,0.0
94,33,0.06959791892885271,0.00024776174114627926,0.0,0.015346480180468535,0.0
94,34,0.05837199793171113,0.0029927187718020334,0.0,0.017294237908797826,0.0
95,0,0.04091088497501105,0.004787519882842115,0.0,0.025746106589970858,0.0
95,1,0.041696840476277176,0.0016339876591201904,0.0,0.028924010755379155,0.0
95,2,0.049554786877966224,0.0012918068177687802,0.0,0.019114269384229256,0.0
95,3,0.055871499583465815,0.005685465441481109,0.0,0.017301523848342944,0.0
95,4,0.056671571343497575,1.88102205747397e-11,0.0,0.021668376012027462,0.0
95,5,0.04628167534284465,0.011950418743956881,0.0,0.015516105612312378,0.0
95,6,0.04446737811484164,0.0005896108890894713,6.80410605750497e-08,0.018811635537359903,0.0
95,7,0.04525795204968321,0.006728533104181578,0.0,0.01597363310312245,0.0
95,8,0.04073821425995484,0.005000575253144849,0.0,0.0249569764418539,0.0
95,9,0.03918322895336786,0.00828258878487868,0.0,0.030337769207126174,0.0
95,10,0.052219643090161465,9.773650380126644e-06,0.0,0.01887552476941744,0.0
95,11,0.049418688967080814,0.005946019250917289,0.0,0.01800900846343015,0.0
95,12,0.05837175975867379,0.0038558872249806544,0.0,0.015737928910018375,0.0
95,13,0.04247329384744354,2.8939567424584768e-05,0.0,0.025767744407837512,0.0
95,14,0.04136280150534814,6.473637230972957e-05,3.718561512036486e-08,0.06272897202420429,0.0
95,15,0.06081201479770119,0.00043757460966392143,0.0,0.01757443456294469,0.0
95,16,0.047890415814359565,0.0007171364873428466,0.0,0.019536089454594886,0.0
95,17,0.03883720961996999,0.0001133442343557698,0.0,0.03148899954484961,0.0
95,18,0.060706748247157806,0.00025815114798734945,0.0,0.018868982548398975,0.0
95,19,0.050784341075049894,9.189436140107247e-08,0.0,0.027017553965631873,0.0
95,20,0.053001470116482124,0.0015662571855230595,0.0,0.018131137255508408,0.0
95,21,0.04290776361814113,0.01729712583645157,0.0,0.021066208984353164,0.0
95,22,0.039679668565310855,0.010573166882218469,0.0,0.02348239834501996,0.0
95,23,0.06191920406699697,0.00632811412197152,0.0,0.013965345830551054,0.0
95,24,0.04444378186566214,2.6643407699756785e-07,0.0,0.03016957703293562,0.0
95,25,0.0418950166414881,0.00685531375688721,1.437833645924098e-08,0.022025145203199228,0.0
95,26,0.043176280938263874,7.071567829404432e-07,0.0,0.020341281639961538,0.0
95,27,0.06386998040015358,0.0002512503124969264,0.0,0.018692477809963425,0.0
95,28,0.042838767386636674,0.002951091614165031,0.0,0.025564099470832304,0.0
95,29,0.048648318590546975,7.348877339327803e-09,0.0,0.03610126589543505,0.0
95,30,0.06959791892885271,0.00024776174114627926,0.0,0.015346480180468535,0.0
95,31,0.056038504739795096,0.00047907083392031014,0.0,0.017232614568558575,0.0
96,0,0.04091088497501105,0.004787519882842115,0.0,0.025746106589970858,0.0
96,1,0.041696840476277176,0.0016339876591201904,0.0,0.028924010755379155,0.0
96,2,0.049554786877966224,0.0012918068177687802,0.0,0.019114269384229256,0.0
96,3,0.055871499583465815,0.005685465441481109,0.0,0.017301523848342944,0.0
96,4,0.056671571343497575,1.88102205747397e-11,0.0,0.021668376012027462,0.0
96,5,0.04628167534284465,0.011950418743956881,0.0,0.015516105612312378,0.0
96,6,0.04446737811484164,0.0005896108890894713,6.80410605750497e-08,0.018811635537359903,0.0
96,7,0.04525795204968321,0.006728533104181578,0.0,0.01597363310312245,0.0
96,8,0.04073821425995484,0.005000575253144849,0.0,0.0249569764418539,0.0
96,9,0.03918322895336786,0.00828258878487868,0.0,0.030337769207126174,0.0
96,10,0.052219643090161465,9.773650380126644e-06,0.0,0.01887552476941744,0.0
96,11,0.049418688967080814,0.005946019250917289,0.0,0.01800900846343015,0.0
96,12,0.05837175975867379,0.0038558872249806544,0.0,0.015737928910018375,0.0
96,13,0.04247329384744354,2.8939567424584768e-05,0.0,0.025767744407837512,0.0
96,14,0.04136280150534814,6.473637230972957e-05,3.718561512036486e-08,0.06272897202420429,0.0
96,15,0.06081201479770119,0.00043757460966392143,0.0,0.01757443456294469,0.0
96,16,0.047890415814359565,0.0007171364873428466,0.0,0.019536089454594886,0.0
96,17,0.03883720961996999,0.0001133442343557698,0.0,0.03148899954484961,0.0
96,18,0.060706748247157806,0.00025815114798734945,0.0,0.018868982548398975,0.0
96,19,0.050784341075049894,9.189436140107247e-08,0.0,0.027017553965631873,0.0
96,20,0.053001470116482124,0.0015662571855230595,0.0,0.018131137255508408,0.0
96,21,0.04290776361814113,0.01729712583645157,0.0,0.021066208984353164,0.0
96,22,0.039679668565310855,0.010573166882218469,0.0,0.02348239834501996,0.0
96,23,0.06191920406699697,0.00632811412197152,0.0,0.013965345830551054,0.0
96,24,0.04444378186566214,2.6643407699756785e-07,0.0,0.03016957703293562,0.0
96,25,0.0418950166414881,0.00685531375688721,1.437833645924098e-08,0.022025145203199228,0.0
96,26,0.043176280938263874,7.071567829404432e-07,0.0,0.020341281639961538,0.0
96,27,0.06386998040015358,0.0002512503124969264,0.0,0.018692477809963425,0.0
96,28,0.042838767386636674,0.002951091614165031,0.0,0.025564099470832304,0.0
96,29,0.048648318590546975,7.348877339327803e-09,0.0,0.03610126589543505,0.0
96,30,0.06959791892885271,0.00024776174114627926,0.0,0.015346480180468535,0.0
96,31,0.056038504739795096,0.00047907083392031014,0.0,0.017232614568558575,0.0
97,0,0.04091088497501105,0.004787519882842115,0.0,0.025746106589970858,0.0
97,1,0.041696840476277176,0.0016339876591201904,0.0,0.028924010755379155,0.0
97,2,0.049554786877966224,0.0012918068177687802,0.0,0.019114269384229256,0.0
97,3,0.056671571343497575,1.88102205747397e-11,0.0,0.021668376012027462,0.0
97,4,0.04628167534284465,0.011950418743956881,0.0,0.015516105612312378,0.0
97,5,0.04446737811484164,0.0005896108890894713,6.80410605750497e-08,0.018811635537359903,0.0
97,6,0.04525795204968321,0.006728533104181578,0.0,0.01597363310312245,0.0
97,7,0.04073821425995484,0.005000575253144849,0.0,0.0249569764418539,0.0
97,8,0.03918322895336786,0.00828258878487868,0.0,0.030337769207126174,0.0
97,9,0.052219643090161465,9.773650380126644e-06,0.0,0.01887552476941744,0.0
97,10,0.049418688967080814,0.005946019250917289,0.0,0.01800900846343015,0.0
97,11,0.04247329384744354,2.8939567424584768e-05,0.0,0.025767744407837512,0.0
97,12,0.04136280150534814,6.473637230972957e-05,3.718561512036486e-08,0.06272897202420429,0.0
97,13,0.06081201479770119,0.00043757460966392143,0.0,0.01757443456294469,0.0
97,14,0.047890415814359565,0.0007171364873428466,0.0,0.019536089454594886,0.0
97,15,0.03883720961996999,0.0001133442343557698,0.0,0.03148899954484961,0.0
97,16,0.060706748247157806,0.00025815114798734945,0.0,0.018868982548398975,0.0
97,17,0.050784341075049894,9.189436140107247e-08,0.0,0.027017553965631873,0.0
97,18,0.053001470116482124,0.0015662571855230595,0.0,0.018131137255508408,0.0
97,19,0.04290776361814113,0.01729712583645157,0.0,0.021066208984353164,0.0
97,20,0.039679668565310855,0.010573166882218469,0.0,0.02348239834501996,0.0
97,21,0.06191920406699697,0.00632811412197152,0.0,0.013965345830551054,0.0
97,22,0.04444378186566214,2.6643407699756785e-07,0.0,0.03016957703293562,0.0
97,23,0.0418950166414881,0.00685531375688721,1.437833645924098e-08,0.022025145203199228,0.0
97,24,0.043176280938263874,7.071567829404432e-07,0.0,0.020341281639961538,0.0
97,25,0.06386998040015358,0.0002512503124969264,0.0,0.018692477809963425,0.0
97,26,0.042838767386636674,0.002951091614165031,0.0,0.025564099470832304,0.0
97,27,0.048648318590546975,7.348877339327803e-09,0.0,0.03610126589543505,0.0
97,28,0.06959791892885271,0.00024776174114627926,0.0,0.015346480180468535,0.0
97,29,0.056038504739795096,0.00047907083392031014,0.0,0.017232614568558575,0.0
97,30,0.04185146918866888,0.0010145865533492413,0.0,0.0278069498622704,0.0
97,31,0.06311587581441949,0.0005590537487610782,0.0,0.01526666983737113,0.0
97,32,0.05535647360756605,0.001992566968351519,0.0,0.015175610778882334,0.0
98,0,0.04091088497501105,0.004787519882842115,0.0,0.025746106589970858,0.0
98,1,0.041696840476277176,0.0016339876591201904,0.0,0.028924010755379155,0.0
98,2,0.049554786877966224,0.0012918068177687802,0.0,0.019114269384229256,0.0
98,3,0.056671571343497575,1.88102205747397e-11,0.0,0.021668376012027462,0.0
98,4,0.04628167534284465,0.011950418743956881,0.0,0.015516105612312378,0.0
98,5,0.04446737811484164,0.0005896108890894713,6.80410605750497e-08,0.018811635537359903,0.0
98,6,0.04525795204968321,0.006728533104181578,0.0,0.01597363310312245,0.0
98,7,0.04073821425995484,0.005000575253144849,0.0,0.0249569764418539,0.0
98,8,0.03918322895336786,0.00828258878487868,0.0,0.030337769207126174,0.0
98,9,0.052219643090161465,9.773650380126644e-06,0.0,0.01887552476941744,0.0
98,10,0.049418688967080814,0.005946019250917289,0.0,0.01800900846343015,0.0
98,11,0.04247329384744354,2.8939567424584768e-05,0.0,0.025767744407837512,0.0
98,12,0.04136280150534814,6.473637230972957e-05,3.718561512036486e-08,0.06272897202420429,0.0
98,13,0.06081201479770119,0.00043757460966392143,0.0,0.01757443456294469,0.0
98,14,0.047890415814359565,0.0007171364873428466,0.0,0.019536089454594886,0.0
98,15,0.03883720961996999,0.0001133442343557698,0.0,0.03148899954484961,0.0
98,16,0.060706748247157806,0.00025815114798734945,0.0,0.018868982548398975,0.0
98,17,0.050784341075049894,9.189436140107247e-08,0.0,0.027017553965631873,0.0
98,18,0.053001470116482124,0.0015662571855230595,0.0,0.018131137255508408,0.0
98,19,0.04290776361814113,0.01729712583645157,0.0,0.021066208984353164,0.0
98,20,0.039679668565310855,0.010573166882218469,0.0,0.02348239834501996,0.0
98,21,0.06191920406699697,0.00632811412197152,0.0,0.013965345830551054,0.0
98,22,0.04444378186566214,2.6643407699756785e-07,0.0,0.03016957703293562,0.0
98,23,0.0418950166414881,0.00685531375688721,1.437833645924098e-08,0.022025145203199228,0.0
98,24,0.043176280938263874,7.071567829404432e-07,0.0,0.020341281639961538,0.0
98,25,0.06386998040015358,0.0002512503124969264,0.0,0.018692477809963425,0.0
98,26,0.042838767386636674,0.002951091614165031,0.0,0.025564099470832304,0.0
98,27,0.048648318590546975,7.348877339327803e-09,0.0,0.03610126589543505,0.0
98,28,0.06959791892885271,0.00024776174114627926,0.0,0.015346480180468535,0.0
98,29,0.056038504739795096,0.00047907083392031014,0.0,0.017232614568558575,0.0
98,30,0.04185146918866888,0.0010145865533492413,0.0,0.0278069498622704,0.0
98,31,0.06311587581441949,0.0005590537487610782,0.0,0.01526666983737113,0.0
98,32,0.05535647360756605,0.001992566968351519,0.0,0.015175610778882334,0.0
98,33,0.050064869302797306,0.0006203078774083394,0.0,0.01882261016266993,0.0
99,0,0.04091088497501105,0.004787519882842115,0.0,0.025746106589970858,0.0
99,1,0.041696840476277176,0.0016339876591201904,0.0,0.028924010755379155,0.0
99,2,0.049554786877966224,0.0012918068177687802,0.0,0.019114269384229256,0.0
99,3,0.056671571343497575,1.88102205747397e-11,0.0,0.021668376012027462,0.0
99,4,0.04628167534284465,0.011950418743956881,0.0,0.015516105612312378,0.0
99,5,0.04446737811484164,0.0005896108890894713,6.80410605750497e-08,0.018811635537359903,0.0
99,6,0.04525795204968321,0.006728533104181578,0.0,0.01597363310312245,0.0
99,7,0.04073821425995484,0.005000575253144849,0.0,0.0249569764418539,0.0
99,8,0.03918322895336786,0.00828258878487868,0.0,0.030337769207126174,0.0
99,9,0.052219643090161465,9.773650380126644e-06,0.0,0.01887552476941744,0.0
99,10,0.049418688967080814,0.005946019250917289,0.0,0.01800900846343015,0.0
99,11,0.04247329384744354,2.8939567424584768e-05,0.0,0.025767744407837512,0.0
99,12,0.04136280150534814,6.473637230972957e-05,3.718561512036486e-08,0.06272897202420429,0.0
99,13,0.06081201479770119,0.00043757460966392143,0.0,0.01757443456294469,0.0
99,14,0.047890415814359565,0.0007171364873428466,0.0,0.019536089454594886,0.0
99,15,0.03883720961996999,0.0001133442343557698,0.0,0.03148899954484961,0.0
99,16,0.060706748247157806,0.00025815114798734945,0.0,0.018868982548398975,0.0
99,17,0.050784341075049894,9.189436140107247e-08,0.0,0.027017553965631873,0.0
99,18,0.053001470116482124,0.0015662571855230595,0.0,0.018131137255508408,0.0
99,19,0.04290776361814113,0.01729712583645157,0.0,0.021066208984353164,0.0
99,20,0.039679668565310855,0.010573166882218469,0.0,0.02348239834501996,0.0
99,21,0.06191920406699697,0.00632811412197152,0.0,0.013965345830551054,0.0
99,22,0.04444378186566214,2.6643407699756785e-07,0.0,0.03016957703293562,0.0
99,23,0.0418950166414881,0.00685531375688721,1.437833645924098e-08,0.022025145203199228,0.0
99,24,0.043176280938263874,7.071567829404432e-07,0.0,0.020341281639961538,0.0
99,25,0.06386998040015358,0.0002512503124969264,0.0,0.018692477809963425,0.0
99,26,0.042838767386636674,0.002951091614165031,0.0,0.025564099470832304,0.0
99,27,0.048648318590546975,7.348877339327803e-09,0.0,0.03610126589543505,0.0
99,28,0.06959791892885271,0.00024776174114627926,0.0,0.015346480180468535,0.0
99,29,0.056038504739795096,0.00047907083392031014,0.0,0.017232614568558575,0.0
99,30,0.04185146918866888,0.0010145865533492413,0.0,0.0278069498622704,0.0
99,31,0.06311587581441949,0.0005590537487610782,0.0,0.01526666983737113,0.0
99,32,0.05535647360756605,0.001992566968351519,0.0,0.015175610778882334,0.0
99,33,0.050064869302797306,0.0006203078774083394,0.0,0.01882261016266993,0.0
