Epoch,Loss_initial,Weight_initial,Loss_peak,Weight_peak,Loss_boundary,Weight_boundary,Loss_pde,Weight_pde,Loss_nonneg,Weight_nonneg,Learning_Rate
1,0.0022062284406274557,1.0,0.001562936813570559,1.0,2.295088847859006e-07,0.0,15.752020835876465,1.0,0.0007585249841213226,0.1,0.0009999901402976406
2,0.001978917047381401,1.0,0.0008242654148489237,1.0,2.294485170750704e-07,0.0,12.098106384277344,1.0,0.0007887640967965126,0.1,0.0009999605615798061
3,0.002022136701270938,1.0,0.004464904777705669,1.0,2.2948941591494076e-07,0.0,16.630863189697266,1.0,0.000807155214715749,0.1,0.0009999112650142142
4,0.002169276587665081,1.0,0.0022705779410898685,1.0,2.3009386040939717e-07,0.0,13.767518997192383,1.0,0.000986009370535612,0.1,0.0009998422525470084
5,0.0019907187670469284,1.0,0.0006755611975677311,1.0,2.2957971168580116e-07,0.0,17.490039825439453,1.0,0.0009223319939337671,0.1,0.0009997535269026829
6,0.0020527453161776066,1.0,0.001676967483945191,1.0,2.2957739531648258e-07,0.0,21.315488815307617,1.0,0.0008691007387824357,0.1,0.0009996450915839743
7,0.0019045865628868341,1.0,0.0031818647403270006,1.0,2.2935563492865185e-07,0.0,17.874788284301758,1.0,0.0009233673918060958,0.1,0.0009995169508717234
8,0.0017758265603333712,1.0,0.0019405731000006199,1.0,2.2941193833503348e-07,0.0,25.60884666442871,1.0,0.0006630735006183386,0.1,0.0009993691098247057
9,0.0019423295743763447,1.0,0.0008417348144575953,1.0,2.2916523789717758e-07,0.0,14.025217056274414,1.0,0.0005076500819995999,0.1,0.0009992015742794332
10,0.0018866999307647347,1.0,0.001788701512850821,1.0,2.289380915954098e-07,0.0,15.564386367797852,1.0,0.00038457446498796344,0.1,0.0009990143508499217
11,0.0015869075432419777,1.0,0.0038147626910358667,1.0,2.2981723191151104e-07,0.0,15.43419075012207,1.0,0.00037837954005226493,0.1,0.000998807446927432
12,0.0013704613083973527,1.0,0.001530225737951696,1.0,2.292111673796171e-07,0.0,7.674910068511963,1.0,0.0004979570512659848,0.1,0.0009985808706801766
13,0.0017918667290359735,1.0,0.0037579466588795185,1.0,2.3011386929283617e-07,0.0,10.150135040283203,1.0,0.0006024397443979979,0.1,0.0009983346310529979
14,0.0014672098914161325,1.0,0.0024072076193988323,1.0,2.2963597245961864e-07,0.0,9.311610221862793,1.0,0.0005543926963582635,0.1,0.0009980687377670148
15,0.001128579955548048,1.0,0.0006438353448174894,1.0,2.2951203959564737e-07,0.0,5.631751537322998,1.0,0.0002830356534104794,0.1,0.0009977832013192385
16,0.0014508944004774094,1.0,0.005571144167333841,1.0,2.2998632687176723e-07,0.0,6.7647552490234375,1.0,0.00019485826487652957,0.1,0.0009974780329821595
17,0.0012260247021913528,1.0,0.002620767569169402,1.0,2.2966281676417566e-07,0.0,6.718050479888916,1.0,0.00018071147496812046,0.1,0.000997153244803301
18,0.0010237607639282942,1.0,0.0006532315164804459,1.0,2.291780702989854e-07,0.0,5.660919666290283,1.0,0.00033601117320358753,0.1,0.0009968088496047443
19,0.0015276490012183785,1.0,0.002758384682238102,1.0,2.2930957754851988e-07,0.0,5.108791828155518,1.0,0.00045051416964270175,0.1,0.000996444860982622
20,0.0014167040353640914,1.0,0.0032628539483994246,1.0,2.2913388875167584e-07,0.0,4.636292457580566,1.0,0.00043347940663807094,0.1,0.0009960612933065818
21,0.0008563973242416978,1.0,0.0008584415772929788,1.0,2.2947835986997234e-07,0.0,4.404776573181152,1.0,0.0002255911531392485,0.1,0.0009956581617192185
22,0.0009386122110299766,1.0,0.0006193412700667977,1.0,2.3006306548722932e-07,0.0,3.706265687942505,1.0,0.00016024254728108644,0.1,0.0009952354821354773
23,0.0009169155964627862,1.0,0.0015497655840590596,1.0,2.2874905880598817e-07,0.0,3.8500046730041504,1.0,0.00010930113785434514,0.1,0.0009947932712420242
24,0.0008374203462153673,1.0,0.0009835606906563044,1.0,2.3019225636744522e-07,0.0,3.0711944103240967,1.0,0.00012021039583487436,0.1,0.000994331546496588
25,0.0007272784132510424,1.0,0.0012659091735258698,1.0,2.2959623890983494e-07,0.0,4.458740711212158,1.0,0.00014778088370803744,0.1,0.0009938503261272714
26,0.0010863605421036482,1.0,0.0005472498014569283,1.0,2.2923804010588356e-07,0.0,2.8950982093811035,1.0,0.00026472011813893914,0.1,0.00099334962913183
27,0.0012467424385249615,1.0,0.002709966152906418,1.0,2.3033950924400415e-07,0.0,3.695439100265503,1.0,0.00029491918394342065,0.1,0.0009928294752769246
28,0.0008086725138127804,1.0,0.0004977707285434008,1.0,2.2936583832233737e-07,0.0,2.9956679344177246,1.0,0.00016682334535289556,0.1,0.0009922898850973382
29,0.0006575563456863165,1.0,0.0007285177707672119,1.0,2.290313005914868e-07,0.0,2.804798126220703,1.0,7.454339356627315e-05,0.1,0.0009917308798951673
30,0.000825463910587132,1.0,0.0005402116803452373,1.0,2.2993876314103545e-07,0.0,2.356790542602539,1.0,3.73018738173414e-05,0.1,0.00099115248173898
31,0.0009469256037846208,1.0,0.0008030558819882572,1.0,2.3004520244285231e-07,0.0,2.6661441326141357,1.0,2.5679197278805077e-05,0.1,0.0009905547134629452
32,0.0007639845134690404,1.0,0.0016503322403877974,1.0,2.289015412770823e-07,0.0,2.228978157043457,1.0,2.8331738576525822e-05,0.1,0.0009899375986659313
33,0.0005461440305225551,1.0,0.0011669108644127846,1.0,2.2920148978755606e-07,0.0,2.0197501182556152,1.0,6.01289575570263e-05,0.1,0.0009893011617105733
34,0.0005963792791590095,1.0,0.0007330724620260298,1.0,2.2961380352626293e-07,0.0,2.0071091651916504,1.0,0.00010062757064588368,0.1,0.0009886454277223127
35,0.000691033317707479,1.0,0.00245191459544003,1.0,2.2957233625220397e-07,0.0,2.2262675762176514,1.0,0.00012017177505185828,0.1,0.0009879704225884043
36,0.0005365912802517414,1.0,0.0011349398409947753,1.0,2.2916972852726758e-07,0.0,1.878754734992981,1.0,7.503604865632951e-05,0.1,0.0009872761729568954
37,0.00046424384345300496,1.0,0.000547353585716337,1.0,2.2945687305764295e-07,0.0,2.2003068923950195,1.0,3.2234209356829524e-05,0.1,0.0009865627062355723
38,0.0006063005421310663,1.0,0.0009359949035570025,1.0,2.2942759869692964e-07,0.0,1.9157053232192993,1.0,2.351011789869517e-05,0.1,0.0009858300505908796
39,0.0007832748233340681,1.0,0.0007382973562926054,1.0,2.2971676116867457e-07,0.0,2.4144678115844727,1.0,2.2056361558497883e-05,0.1,0.0009850782349468078
40,0.0006320640095509589,1.0,0.0009170349803753197,1.0,2.2957098622100602e-07,0.0,1.9256300926208496,1.0,1.9282208086224273e-05,0.1,0.0009843072889837512
41,0.00044317281572148204,1.0,0.0009452064405195415,1.0,2.2934139565222722e-07,0.0,1.6914007663726807,1.0,3.4856995625887066e-05,0.1,0.0009835172431373364
42,0.00044761208118870854,1.0,0.002305495785549283,1.0,2.2915202180229244e-07,0.0,1.4107884168624878,1.0,7.657266542082652e-05,0.1,0.0009827081285972202
43,0.0004701124271377921,1.0,0.0006872054073028266,1.0,2.2924446341221483e-07,0.0,2.1616086959838867,1.0,8.379413338843733e-05,0.1,0.00098187997730586
44,0.0003859024145640433,1.0,0.0007122977403923869,1.0,2.29951808705664e-07,0.0,1.6300455331802368,1.0,6.004426904837601e-05,0.1,0.0009810328219572498
45,0.00036829523742198944,1.0,0.00084600446280092,1.0,2.297450123478484e-07,0.0,2.4062793254852295,1.0,3.74609517166391e-05,0.1,0.000980166695995633
46,0.0004897168837487698,1.0,0.0014743320643901825,1.0,2.2933420495974133e-07,0.0,1.8817765712738037,1.0,3.260270750615746e-05,0.1,0.0009792816336141792
47,0.0005574363749474287,1.0,0.0005356661276891828,1.0,2.2992463755144854e-07,0.0,1.5305006504058838,1.0,2.0867057173745707e-05,0.1,0.000978377669753636
48,0.0005028793821111321,1.0,0.001283440855331719,1.0,2.2925840426069044e-07,0.0,1.8543131351470947,1.0,2.87119546555914e-05,0.1,0.0009774548401009482
49,0.00033861331758089364,1.0,0.0004679385747294873,1.0,2.295318779488298e-07,0.0,1.7797077894210815,1.0,5.458773375721648e-05,0.1,0.000976513181087851
50,0.0005083266878500581,1.0,0.0021305924747139215,1.0,2.2987133263541182e-07,0.0,1.941948652267456,1.0,0.00012209037959109992,0.1,0.0009755527298894294
51,0.0005584596656262875,1.0,0.00198661582544446,1.0,2.2951755340727686e-07,0.0,1.6256388425827026,1.0,0.00012840637646149844,0.1,0.0009745735244226523
52,0.0003858210111502558,1.0,0.0004635330697055906,1.0,2.2924690767922584e-07,0.0,1.8324127197265625,1.0,7.867621025070548e-05,0.1,0.0009735756033448748
53,0.00030978221911937,1.0,0.0008320201304741204,1.0,2.2934636945137754e-07,0.0,1.3396469354629517,1.0,4.072173032909632e-05,0.1,0.0009725590060523126
54,0.00034413672983646393,1.0,0.0009042345336638391,1.0,2.2963870094372396e-07,0.0,1.5832290649414062,1.0,4.746472404804081e-05,0.1,0.0009715237726784859
55,0.00029951069154776633,1.0,0.0004105305124539882,1.0,2.2914605324331205e-07,0.0,1.6779139041900635,1.0,4.8189824155997485e-05,0.1,0.0009704699440926358
56,0.00029631637153215706,1.0,0.0008501817937940359,1.0,2.294179353157233e-07,0.0,1.5345120429992676,1.0,6.216290057636797e-05,0.1,0.0009693975618981103
57,0.0003435326216276735,1.0,0.0005522610736079514,1.0,2.2988530190559686e-07,0.0,1.4797660112380981,1.0,9.541562030790374e-05,0.1,0.0009683066684307223
58,0.0003540532197803259,1.0,0.0005140602006576955,1.0,2.2891907747180085e-07,0.0,1.3808557987213135,1.0,8.219582377932966e-05,0.1,0.0009671973067570779
59,0.0002843551919795573,1.0,0.0002223959018010646,1.0,2.300614596606465e-07,0.0,1.4008557796478271,1.0,5.370602957555093e-05,0.1,0.0009660695206728764
60,0.00031048088567331433,1.0,0.0003285463317297399,1.0,2.2906250762844138e-07,0.0,1.5064626932144165,1.0,3.0445242373389192e-05,0.1,0.0009649233547011816
61,0.00041635867091827095,1.0,0.000886067864485085,1.0,2.296264938195236e-07,0.0,1.4793787002563477,1.0,1.7120564734796062e-05,0.1,0.0009637588540906634
62,0.00035934962215833366,1.0,0.0009445138275623322,1.0,2.2956240286475804e-07,0.0,1.2494655847549438,1.0,2.229240635642782e-05,0.1,0.0009625760648138119
63,0.00023757576127536595,1.0,0.00031419110018759966,1.0,2.297497871950327e-07,0.0,1.0998964309692383,1.0,4.408925451571122e-05,0.1,0.0009613750335651225
64,0.0003482424363028258,1.0,0.0006632168660871685,1.0,2.2893817686053808e-07,0.0,1.4879934787750244,1.0,8.715094008948654e-05,0.1,0.0009601558077592524
65,0.00038494745967909694,1.0,0.0006276894710026681,1.0,2.2943180510992534e-07,0.0,1.0892093181610107,1.0,9.516208956483752e-05,0.1,0.0009589184355291487
66,0.0002626167261041701,1.0,0.0006689052097499371,1.0,2.2964337631492526e-07,0.0,1.5413192510604858,1.0,6.672547169728205e-05,0.1,0.0009576629657241484
67,0.000247100368142128,1.0,0.000337799487169832,1.0,2.2884302097736509e-07,0.0,1.3565950393676758,1.0,3.201449726475403e-05,0.1,0.0009563894479080498
68,0.0003050471132155508,1.0,0.0010186099680140615,1.0,2.297244634519302e-07,0.0,1.2962980270385742,1.0,1.9487288227537647e-05,0.1,0.0009550979323571555
69,0.00022857103613205254,1.0,0.00044416714808903635,1.0,2.3013788563730486e-07,0.0,1.33426034450531,1.0,2.200128437834792e-05,0.1,0.000953788470058288
70,0.00023904326371848583,1.0,0.00025999348144978285,1.0,2.2927663678729004e-07,0.0,1.227242350578308,1.0,5.918605893384665e-05,0.1,0.0009524611127067769
71,0.0003202283405698836,1.0,0.0006080453167669475,1.0,2.296660284173413e-07,0.0,1.226266622543335,1.0,7.313727110158652e-05,0.1,0.0009511159127044174
72,0.00028449794626794755,1.0,0.00022603348770644516,1.0,2.28243351330093e-07,0.0,1.3444631099700928,1.0,6.237418710952625e-05,0.1,0.0009497529231574025
73,0.00018660075147636235,1.0,0.0001249803462997079,1.0,2.2975538627179048e-07,0.0,1.3069086074829102,1.0,3.77267824660521e-05,0.1,0.0009483721978742255
74,0.0002382968959864229,1.0,0.00045625411439687014,1.0,2.291430973855313e-07,0.0,1.034298062324524,1.0,1.9308847186039202e-05,0.1,0.0009469737913635564
75,0.00022675396758131683,1.0,0.000424471334554255,1.0,2.2928159637558565e-07,0.0,1.0742149353027344,1.0,1.8551054381532595e-05,0.1,0.0009455577588320898
76,0.0001866049278760329,1.0,0.00015747126599308103,1.0,2.2886392514465115e-07,0.0,1.5710792541503906,1.0,2.995317117893137e-05,0.1,0.0009441241561823656
77,0.0002428598963888362,1.0,0.00025981388171203434,1.0,2.3069614485393686e-07,0.0,1.198542594909668,1.0,5.412530299508944e-05,0.1,0.0009426730400105615
78,0.0003052075335290283,1.0,0.0004692123329732567,1.0,2.2917392072940856e-07,0.0,1.3033024072647095,1.0,7.486932736355811e-05,0.1,0.0009412044676042593
79,0.0002241377078462392,1.0,0.0004510061990004033,1.0,2.2904470142748323e-07,0.0,1.4719449281692505,1.0,6.109846435720101e-05,0.1,0.0009397184969401829
80,0.00017849447613116354,1.0,0.0001992526522371918,1.0,2.2900283624949225e-07,0.0,1.3971680402755737,1.0,2.9654043828486465e-05,0.1,0.0009382151866819099
81,0.00017743476200848818,1.0,0.00035636438406072557,1.0,2.2926165854642022e-07,0.0,1.3073625564575195,1.0,1.8436898244544864e-05,0.1,0.0009366945961775552
82,0.00019494214211590588,1.0,0.0002568132767919451,1.0,2.2878518279867421e-07,0.0,1.2621026039123535,1.0,1.599479583092034e-05,0.1,0.0009351567854574282
83,0.00015749494195915759,1.0,0.00045729000703431666,1.0,2.2928178111669695e-07,0.0,1.4933644533157349,1.0,2.1485038814716972e-05,0.1,0.0009336018152316629
84,0.00014973321231082082,1.0,0.0002063714637188241,1.0,2.2920829678696464e-07,0.0,1.2894634008407593,1.0,2.75599340966437e-05,0.1,0.0009320297468878212
85,0.00016178496298380196,1.0,0.0002621411986183375,1.0,2.292975409545761e-07,0.0,1.496229648590088,1.0,3.1568517442792654e-05,0.1,0.00093044064248847
86,0.00016483364743180573,1.0,0.00016815055278129876,1.0,2.3012319161352934e-07,0.0,1.4459507465362549,1.0,3.350505357957445e-05,0.1,0.0009288345647687294
87,0.00015328108565881848,1.0,0.00018276144692208618,1.0,2.293561465194216e-07,0.0,1.377187967300415,1.0,2.4566577849327587e-05,0.1,0.000927211577133798
88,0.00015058919962029904,1.0,0.00032801381894387305,1.0,2.2916471209555311e-07,0.0,1.2005842924118042,1.0,2.351183138671331e-05,0.1,0.0009255717436564487
89,0.0001566932478453964,1.0,0.0002340922801522538,1.0,2.2886196404670045e-07,0.0,1.0503003597259521,1.0,1.8347771401749924e-05,0.1,0.0009239151290744992
90,0.00016463702195324004,1.0,0.0002232532569905743,1.0,2.2978882441293536e-07,0.0,1.233288288116455,1.0,1.639963738853112e-05,0.1,0.0009222417987882566
91,0.00014505766739603132,1.0,6.592395948246121e-05,1.0,2.2919394382370228e-07,0.0,1.1472828388214111,1.0,1.7046198991010897e-05,0.1,0.0009205518188579356
92,0.00014014929183758795,1.0,0.0004896933678537607,1.0,2.3005517846286239e-07,0.0,1.1716121435165405,1.0,2.071652670565527e-05,0.1,0.00091884525600105
93,0.00013985738041810691,1.0,0.00012131440598750487,1.0,2.2950368361307483e-07,0.0,1.366250991821289,1.0,2.065463013423141e-05,0.1,0.0009171221775897792
94,0.00013416373985819519,1.0,0.0003840037388727069,1.0,2.2890282025400666e-07,0.0,1.3197845220565796,1.0,2.8281076083658263e-05,0.1,0.0009153826516483085
95,0.00013260329433251172,1.0,0.0002401862875558436,1.0,2.293593155400231e-07,0.0,1.1258195638656616,1.0,2.4276112526422366e-05,0.1,0.0009136267468501438
96,0.00015060714213177562,1.0,0.0005704904324375093,1.0,2.2906073127160198e-07,0.0,1.275509238243103,1.0,2.8171290978207253e-05,0.1,0.0009118545325153995
97,0.00013142943498678505,1.0,0.00024916924303397536,1.0,2.2924740505914087e-07,0.0,0.931132972240448,1.0,2.671158654266037e-05,0.1,0.0009100660786080636
98,0.00016694913210812956,1.0,0.00019331459770910442,1.0,2.2925168252641015e-07,0.0,1.0970388650894165,1.0,1.582124241394922e-05,0.1,0.0009082614557332335
99,0.00015947603969834745,1.0,0.0006819961708970368,1.0,2.2927711995635036e-07,0.0,1.0736088752746582,1.0,1.3354645489016548e-05,0.1,0.0009064407351343305
100,0.00012940779561176896,1.0,0.0001255236129509285,1.0,2.3021172523840505e-07,0.0,0.95924973487854,1.0,2.5382134481333196e-05,0.1,0.0009046039886902864
101,0.00020543232676573098,1.0,0.0004675971867982298,1.0,2.2872687566177774e-07,0.0,1.2266978025436401,1.0,4.806559445569292e-05,0.1,0.0009027512889127054
102,0.00018986518261954188,1.0,0.0003039667790289968,1.0,2.292056535679876e-07,0.0,1.1067728996276855,1.0,4.051793075632304e-05,0.1,0.000900882708943003
103,0.00014558699331246316,1.0,0.0002907778543885797,1.0,2.2905089736013906e-07,0.0,1.0237996578216553,1.0,3.4021406463580206e-05,0.1,0.0008989983225495163
104,0.00012926054478157312,1.0,0.00030110610532574356,1.0,2.290869360876968e-07,0.0,0.8111063838005066,1.0,1.581113610882312e-05,0.1,0.0008970982041245938
105,0.00022011544206179678,1.0,9.972594125429168e-05,1.0,2.2975915214829001e-07,0.0,0.9800755381584167,1.0,9.7318334155716e-06,0.1,0.0008951824286816573
106,0.00023581208370160311,1.0,0.0005601454176940024,1.0,2.2953065581532428e-07,0.0,0.829021692276001,1.0,1.0290134014212526e-05,0.1,0.0008932510718522412
107,0.00012680102372542024,1.0,0.00023854017490521073,1.0,2.2941679844734608e-07,0.0,0.8991327881813049,1.0,1.579612580826506e-05,0.1,0.0008913042098830058
108,0.00012266234261915088,1.0,0.00015844200970605016,1.0,2.2984431780059822e-07,0.0,0.843704104423523,1.0,2.9668997740373015e-05,0.1,0.0008893419196327283
109,0.0001273392408620566,1.0,0.0002224172931164503,1.0,2.2971060786858288e-07,0.0,0.7798091173171997,1.0,3.641466173576191e-05,0.1,0.0008873642785692677
110,0.00012362335110083222,1.0,0.0002634903648868203,1.0,2.2914906594451168e-07,0.0,0.9304273724555969,1.0,2.894583303714171e-05,0.1,0.0008853713647665067
111,0.00011536082456586882,1.0,0.0001941136724781245,1.0,2.2944743705011206e-07,0.0,0.838386058807373,1.0,2.0845822291448712e-05,0.1,0.0008833632569012704
112,0.00011982597061432898,1.0,7.195701618911698e-05,1.0,2.2948199784877943e-07,0.0,0.891315221786499,1.0,1.5254421668942086e-05,0.1,0.0008813400342502183
113,0.0001517894270364195,1.0,0.00012256937043275684,1.0,2.290365443968767e-07,0.0,0.8274659514427185,1.0,1.0563348041614518e-05,0.1,0.0008793017766867168
114,0.00011784853995777667,1.0,0.00031568118720315397,1.0,2.2997065229901636e-07,0.0,0.9067566990852356,1.0,2.0221703380229883e-05,0.1,0.000877248564677684
115,0.00010969195136567578,1.0,0.00011826187983388081,1.0,2.2960412593420187e-07,0.0,0.96246337890625,1.0,2.79607847915031e-05,0.1,0.0008751804792804147
116,0.0001582619734108448,1.0,0.00022399671433959156,1.0,2.2961870627113967e-07,0.0,0.7490458488464355,1.0,4.061627259943634e-05,0.1,0.0008730976021393791
117,0.00015357969095930457,1.0,0.0004427308449521661,1.0,2.2897104656749434e-07,0.0,0.8846209645271301,1.0,4.137443829677068e-05,0.1,0.0008710000154830003
118,0.00010181665129493922,1.0,0.0002532635990064591,1.0,2.2892815820796386e-07,0.0,0.7954445481300354,1.0,2.519986082916148e-05,0.1,0.000868887802120408
119,0.0001245560124516487,1.0,8.626018097857013e-05,1.0,2.293589460578005e-07,0.0,0.6549281477928162,1.0,1.3642423255078029e-05,0.1,0.0008667610454381689
120,0.00021833297796547413,1.0,0.0004243145522195846,1.0,2.2991363834989897e-07,0.0,0.8272294998168945,1.0,5.971050086372998e-06,0.1,0.0008646198293969952
121,0.0001732959208311513,1.0,0.0003871034423355013,1.0,2.29654617101005e-07,0.0,0.9272085428237915,1.0,8.780512871453539e-06,0.1,0.0008624642385284299
122,9.146746015176177e-05,1.0,0.00034202972892671824,1.0,2.2914639430382522e-07,0.0,0.7059148550033569,1.0,1.8582797565613873e-05,0.1,0.0008602943579315095
123,0.00020686889183707535,1.0,0.0006144593353383243,1.0,2.2986080239206785e-07,0.0,0.8440498113632202,1.0,5.3845607908442616e-05,0.1,0.0008581102732694048
124,0.00018742686370387673,1.0,0.000340603815857321,1.0,2.2968654889155005e-07,0.0,0.8164658546447754,1.0,5.188639261177741e-05,0.1,0.0008559120707660382
125,9.764971036929637e-05,1.0,0.00021778153313789517,1.0,2.298781396348204e-07,0.0,0.9163144826889038,1.0,2.4937715352280065e-05,0.1,0.0008536998372026805
126,0.0001349794038105756,1.0,0.0004892717697657645,1.0,2.2988788828115503e-07,0.0,0.9334729313850403,1.0,1.0103451131726615e-05,0.1,0.0008514736599145253
127,0.00016818128642626107,1.0,0.00019366361084394157,1.0,2.2948896116758988e-07,0.0,0.7356742024421692,1.0,1.1073527275584638e-05,0.1,0.0008492336267872398
128,0.00011835322948172688,1.0,0.00023729722306597978,1.0,2.2970074553541053e-07,0.0,0.8057219982147217,1.0,1.8498523786547594e-05,0.1,0.0008469798262534962
129,8.48771451273933e-05,1.0,0.00014851217565592378,1.0,2.2961755519190774e-07,0.0,0.852092981338501,1.0,2.3014003090793267e-05,0.1,0.0008447123472894807
130,0.00010240491246804595,1.0,0.00019377548596821725,1.0,2.289366989316477e-07,0.0,0.9116599559783936,1.0,3.109754834440537e-05,0.1,0.0008424312794113801
131,0.0001148670562542975,1.0,9.874296665657312e-05,1.0,2.2898592533238116e-07,0.0,0.717921793460846,1.0,3.222277882741764e-05,0.1,0.0008401367126718484
132,9.470236545894295e-05,1.0,0.00015391163469757885,1.0,2.2929711462893465e-07,0.0,0.7459679245948792,1.0,2.8952323191333562e-05,0.1,0.0008378287376564518
133,9.008304186863825e-05,1.0,0.0004226264718454331,1.0,2.2941621580230276e-07,0.0,0.9243180155754089,1.0,1.9197119399905205e-05,0.1,0.0008355074454800918
134,0.00011730787082342431,1.0,0.00033252002322115004,1.0,2.2947287448005227e-07,0.0,0.9169629812240601,1.0,1.0730967005656566e-05,0.1,0.0008331729277834088
135,0.00012932723620906472,1.0,0.00020160719577688724,1.0,2.3026417750315886e-07,0.0,0.8537654280662537,1.0,1.1974150766036473e-05,0.1,0.0008308252767291642
136,8.350390999112278e-05,1.0,0.00014983875735197216,1.0,2.2966997903495212e-07,0.0,0.9435445070266724,1.0,2.0948878955096006e-05,0.1,0.0008284645849986019
137,0.00012417035759426653,1.0,0.0002179061557399109,1.0,2.2979244818088773e-07,0.0,0.9074897766113281,1.0,3.793871292145923e-05,0.1,0.000826090945787789
138,0.00011304127110633999,1.0,0.00028458956512622535,1.0,2.293660514851581e-07,0.0,0.6474233269691467,1.0,3.4113963920390233e-05,0.1,0.0008237044528039377
139,8.119265839923173e-05,1.0,6.786642188671976e-05,1.0,2.2927474674361292e-07,0.0,0.855776846408844,1.0,2.3617500119144097e-05,0.1,0.0008213052002617041
140,9.820173727348447e-05,1.0,0.0001614477951079607,1.0,2.2956388079364842e-07,0.0,0.8138164281845093,1.0,1.2720737686322536e-05,0.1,0.0008188932828794706
141,0.00011421312228776515,1.0,0.00022894593712408096,1.0,2.2923306630673324e-07,0.0,0.9366272687911987,1.0,7.867643944337033e-06,0.1,0.0008164687958756059
142,9.577105811331421e-05,1.0,0.0004072245501447469,1.0,2.2901704710420745e-07,0.0,0.8715136647224426,1.0,1.2274369510123506e-05,0.1,0.000814031834964705
143,0.00010034848673967645,1.0,0.00019310295465402305,1.0,2.3012542271771963e-07,0.0,0.8495548963546753,1.0,2.7241765565122478e-05,0.1,0.0008115824963538124
144,0.00012972427066415548,1.0,0.00012076015264028683,1.0,2.2942408861581498e-07,0.0,0.6555160284042358,1.0,3.246330743422732e-05,0.1,0.000809120876738622
145,0.00010414246207801625,1.0,0.00017285540525335819,1.0,2.296352761277376e-07,0.0,0.7361875176429749,1.0,2.6632120352587663e-05,0.1,0.0008066470732996619
146,7.542691309936345e-05,1.0,0.000140787786222063,1.0,2.2941557631384057e-07,0.0,0.8317813873291016,1.0,1.8191785784438252e-05,0.1,0.0008041611836984556
147,0.00010349642252549529,1.0,0.0001727381895761937,1.0,2.2948958644519735e-07,0.0,0.7305238842964172,1.0,9.68070344242733e-06,0.1,0.000801663306073668
148,0.0001198613754240796,1.0,0.0004380354657769203,1.0,2.2944216482301272e-07,0.0,0.8313230276107788,1.0,7.892329449532554e-06,0.1,0.0007991535390372308
149,7.48487509554252e-05,1.0,0.0001281660661334172,1.0,2.2956493239689735e-07,0.0,0.8040532469749451,1.0,1.1984135198872536e-05,0.1,0.0007966319816704493
150,9.382421558257192e-05,1.0,0.0001958137290785089,1.0,2.2998951010322344e-07,0.0,0.8851016759872437,1.0,2.5399222067790106e-05,0.1,0.0007940987335200904
151,0.00013269421469885856,1.0,0.00039686556556262076,1.0,2.2907137520178367e-07,0.0,0.6679131984710693,1.0,3.2602547435089946e-05,0.1,0.0007915538945944539
152,7.442841888405383e-05,1.0,0.0001626137673156336,1.0,2.2971205737576383e-07,0.0,0.8205232620239258,1.0,1.755304037942551e-05,0.1,0.0007889975653594227
153,9.581999620422721e-05,1.0,0.00029670674121007323,1.0,2.2940248811664787e-07,0.0,0.7418287992477417,1.0,8.52217181090964e-06,0.1,0.0007864298467344982
154,0.00012731680180877447,1.0,0.00020908776787109673,1.0,2.2993606307863956e-07,0.0,0.6807541251182556,1.0,7.458186701114755e-06,0.1,0.000783850840088815
155,9.141262853518128e-05,1.0,0.00023847466218285263,1.0,2.2919823550182628e-07,0.0,0.7326432466506958,1.0,6.711845344398171e-06,0.1,0.0007812606472371393
156,6.909351941430941e-05,1.0,0.00020799269259441644,1.0,2.297382906135681e-07,0.0,0.7944801449775696,1.0,1.535320916445926e-05,0.1,0.0007786593704358501
157,0.00013950065476819873,1.0,0.0004270226345397532,1.0,2.2876426442053344e-07,0.0,0.5583305358886719,1.0,3.32479175995104e-05,0.1,0.0007760471123789011
158,0.00012227868137415498,1.0,0.00035624500014819205,1.0,2.299089771895524e-07,0.0,0.8121817708015442,1.0,2.774180393316783e-05,0.1,0.0007734239761937675
159,7.243078289320692e-05,1.0,0.00022364586766343564,1.0,2.3007255833817908e-07,0.0,0.7181254029273987,1.0,1.3819719242746942e-05,0.1,0.0007707900654373745
160,0.00014492106856778264,1.0,0.00026164029259234667,1.0,2.29761297987352e-07,0.0,0.6342295408248901,1.0,4.7006474233057816e-06,0.1,0.0007681454840920089
161,0.00021165180078241974,1.0,0.00044192851055413485,1.0,2.2950766265239508e-07,0.0,0.8370761275291443,1.0,3.7388974760688143e-06,0.1,0.0007654903365612138
162,0.00010616934741847217,1.0,0.0002207291399827227,1.0,2.302488724126306e-07,0.0,0.7219675183296204,1.0,5.7164807003573515e-06,0.1,0.0007628247276656674
163,7.671214552829042e-05,1.0,0.00015991993132047355,1.0,2.296154661962646e-07,0.0,0.8371679186820984,1.0,1.841936682467349e-05,0.1,0.0007601487626390445
164,0.00016625906573608518,1.0,0.00042045849841088057,1.0,2.2937626908969833e-07,0.0,0.8054232597351074,1.0,4.2773146560648456e-05,0.1,0.0007574625471238627
165,0.00013116969785187393,1.0,0.000124697748105973,1.0,2.294996477303357e-07,0.0,0.7544308304786682,1.0,3.7031451938673854e-05,0.1,0.0007547661871673105
166,6.716308416798711e-05,1.0,0.00013844606291968375,1.0,2.297491477065705e-07,0.0,0.6645395159721375,1.0,1.61237421707483e-05,0.1,0.0007520597892170626
167,7.648276368854567e-05,1.0,6.41187943983823e-05,1.0,2.2911558517080266e-07,0.0,0.7370754480361938,1.0,1.0162402759306133e-05,0.1,0.0007493434601170757
168,9.027041960507631e-05,1.0,0.00012094095291104168,1.0,2.293794238994451e-07,0.0,0.8915131092071533,1.0,6.657760877715191e-06,0.1,0.0007466173071033717
169,8.310867269756272e-05,1.0,0.0002777038898784667,1.0,2.2933500076760538e-07,0.0,0.748358428478241,1.0,7.003200607869076e-06,0.1,0.0007438814377998036
170,6.337265949696302e-05,1.0,7.873181311879307e-05,1.0,2.290527163495426e-07,0.0,0.654420793056488,1.0,1.1479992281238083e-05,0.1,0.0007411359602138069
171,7.74134969105944e-05,1.0,0.0001609855971764773,1.0,2.2936367827242066e-07,0.0,0.6440633535385132,1.0,1.8376831576460972e-05,0.1,0.0007383809827321356
172,9.418486297363415e-05,1.0,0.0001494774769525975,1.0,2.2961165768720093e-07,0.0,0.7165819406509399,1.0,2.6477973733562976e-05,0.1,0.0007356166141165837
173,8.603360038250685e-05,1.0,9.815305384108797e-05,1.0,2.299160968277647e-07,0.0,0.7874740362167358,1.0,2.455415960866958e-05,0.1,0.0007328429634996906
174,6.856034451629966e-05,1.0,0.00014981193817220628,1.0,2.291044154389965e-07,0.0,0.5544247627258301,1.0,1.7071341062546708e-05,0.1,0.0007300601403804333
175,6.10890710959211e-05,1.0,6.551310798386112e-05,1.0,2.285384681499636e-07,0.0,0.6539402604103088,1.0,1.026519930746872e-05,0.1,0.0007272682546199037
176,7.868379179853946e-05,1.0,8.916616934584454e-05,1.0,2.295497552040615e-07,0.0,0.6673783659934998,1.0,8.551804967282806e-06,0.1,0.0007244674164369713
177,8.267557132057846e-05,1.0,9.730301098898053e-05,1.0,2.29129540230133e-07,0.0,0.7318809628486633,1.0,5.644707016472239e-06,0.1,0.0007216577364039314
178,6.346275768009946e-05,1.0,0.00010121186642209068,1.0,2.2966898427512206e-07,0.0,0.7137588262557983,1.0,8.486544174957089e-06,0.1,0.0007188393254421411
179,5.7264660426881164e-05,1.0,0.0002574619429651648,1.0,2.2943621047488705e-07,0.0,0.6934234499931335,1.0,1.1262293810432311e-05,0.1,0.0007160122948176392
180,6.418304110411555e-05,1.0,0.00016269975458271801,1.0,2.293491263571923e-07,0.0,0.6790668368339539,1.0,1.399116990796756e-05,0.1,0.0007131767561367538
181,6.128493987489492e-05,1.0,0.00011206128692720085,1.0,2.292747183219035e-07,0.0,0.8000720739364624,1.0,1.557729410706088e-05,0.1,0.0007103328213416973
182,6.034737452864647e-05,1.0,5.401213638833724e-05,1.0,2.2940808719340566e-07,0.0,0.7112365961074829,1.0,9.947353646566626e-06,0.1,0.0007074806027061456
183,6.37308694422245e-05,1.0,0.00011980533599853516,1.0,2.2917609499018e-07,0.0,0.6043968796730042,1.0,8.346504728251603e-06,0.1,0.0007046202128308065
184,5.848446016898379e-05,1.0,9.454941027797759e-05,1.0,2.2944772126720636e-07,0.0,0.7264502048492432,1.0,8.267652447102591e-06,0.1,0.0007017517646389747
185,5.2519502787617967e-05,1.0,9.139499888988212e-05,1.0,2.2900115936863585e-07,0.0,0.6868906617164612,1.0,1.0823683624039404e-05,0.1,0.000698875371372073
186,5.4941861890256405e-05,1.0,0.00022753201483283192,1.0,2.298089611940668e-07,0.0,0.6308397650718689,1.0,1.3337385098566301e-05,0.1,0.0006959911465851828
187,5.4803051170893013e-05,1.0,0.00011902147525688633,1.0,2.2943676469822094e-07,0.0,0.7132172584533691,1.0,1.0280939022777602e-05,0.1,0.0006930992041425596
188,5.9572244936134666e-05,1.0,0.000131662716739811,1.0,2.2971354951550893e-07,0.0,0.6062039732933044,1.0,8.418813195021357e-06,0.1,0.0006901996582131398
189,6.594014848815277e-05,1.0,8.563062874600291e-05,1.0,2.2922239395484212e-07,0.0,0.6211508512496948,1.0,7.60010289013735e-06,0.1,0.0006872926232660314
190,5.465194408316165e-05,1.0,9.605030936654657e-05,1.0,2.2891765638632933e-07,0.0,0.648997962474823,1.0,9.175411832984537e-06,0.1,0.0006843782140659967
191,5.355176836019382e-05,1.0,4.294122845749371e-05,1.0,2.289749261308316e-07,0.0,0.5596635341644287,1.0,8.76798640092602e-06,0.1,0.0006814565456689207
192,6.177166505949572e-05,1.0,0.00011245628411415964,1.0,2.2911962105354178e-07,0.0,0.6501716375350952,1.0,1.4230901797418483e-05,0.1,0.0006785277334172688
193,6.714514165651053e-05,1.0,8.066187729127705e-05,1.0,2.2962198897857888e-07,0.0,0.6889843940734863,1.0,1.708635318209417e-05,0.1,0.0006755918929355339
194,5.625093763228506e-05,1.0,7.325509068323299e-05,1.0,2.2984045244811568e-07,0.0,0.7146989703178406,1.0,9.91826891549863e-06,0.1,0.0006726491401256715
195,5.3415376896737143e-05,1.0,0.0001175430224975571,1.0,2.2881754091486073e-07,0.0,0.6557677984237671,1.0,8.280509973701555e-06,0.1,0.0006696995911625233
196,6.177775503601879e-05,1.0,0.0001518209755886346,1.0,2.2979841673986812e-07,0.0,0.5666607022285461,1.0,5.479214451042935e-06,0.1,0.0006667433624892319
197,6.472444511018693e-05,1.0,9.053949179360643e-05,1.0,2.2897449980519013e-07,0.0,0.564459502696991,1.0,5.9984149629599415e-06,0.1,0.000663780570812644
198,5.291735942591913e-05,1.0,0.0001047106779878959,1.0,2.295354306625086e-07,0.0,0.676572322845459,1.0,7.136608473956585e-06,0.1,0.0006608113330987012
199,4.9763431889005005e-05,1.0,3.7118552427273244e-05,1.0,2.2939208577099635e-07,0.0,0.7044329643249512,1.0,8.10303299658699e-06,0.1,0.0006578357665678248
200,5.173313547857106e-05,1.0,6.383481377270073e-05,1.0,2.289111762365792e-07,0.0,0.7127636671066284,1.0,8.100356353679672e-06,0.1,0.0006548539886902864
201,5.1749826525337994e-05,1.0,6.786475569242612e-05,1.0,2.2939380528441689e-07,0.0,0.6117457151412964,1.0,1.000288739305688e-05,0.1,0.0006518661171815707
202,5.4832958994666114e-05,1.0,9.188141120830551e-05,1.0,2.2953486222831998e-07,0.0,0.6989482641220093,1.0,9.828058864513878e-06,0.1,0.000648872269997729
203,5.087735189590603e-05,1.0,0.00021413498325273395,1.0,2.2906894514562737e-07,0.0,0.6084660291671753,1.0,9.772702469490469e-06,0.1,0.0006458725653307219
204,5.396216147346422e-05,1.0,8.68125498527661e-05,1.0,2.295026320098259e-07,0.0,0.7045214176177979,1.0,5.963037438050378e-06,0.1,0.0006428671216037532
205,6.287934957072139e-05,1.0,8.441199315711856e-05,1.0,2.2941259203435038e-07,0.0,0.695388913154602,1.0,5.2573068387573585e-06,0.1,0.0006398560574665951
206,6.169116386445239e-05,1.0,0.0001267822226509452,1.0,2.29120956873885e-07,0.0,0.5622631311416626,1.0,4.54816017736448e-06,0.1,0.000636839491790904
207,4.768200233229436e-05,1.0,3.804629159276374e-05,1.0,2.2921852860235958e-07,0.0,0.7239270210266113,1.0,8.493625500705093e-06,0.1,0.0006338175436655277
208,5.955597953288816e-05,1.0,2.602812492114026e-05,1.0,2.2942441546547343e-07,0.0,0.5474079251289368,1.0,1.301095835515298e-05,0.1,0.0006307903323918035
209,6.888926873216406e-05,1.0,6.482160097220913e-05,1.0,2.2932331944502948e-07,0.0,0.6139939427375793,1.0,1.5074272596393712e-05,0.1,0.0006277579774788495
210,6.428465712815523e-05,1.0,0.00014021289825905114,1.0,2.2944135480429395e-07,0.0,0.5824425220489502,1.0,1.2123651686124504e-05,0.1,0.0006247205986388449
211,5.205348497838713e-05,1.0,4.5402768591884524e-05,1.0,2.301766102164038e-07,0.0,0.6524698734283447,1.0,1.0158930308534764e-05,0.1,0.0006216783157823061
212,4.7388097300427034e-05,1.0,4.450081178219989e-05,1.0,2.2936617938285053e-07,0.0,0.5890968441963196,1.0,5.413637154561002e-06,0.1,0.0006186312490133506
213,5.465664798975922e-05,1.0,7.477651524823159e-05,1.0,2.298848755799554e-07,0.0,0.7350677251815796,1.0,4.348890797700733e-06,0.1,0.0006155795186249571
214,4.8115856770891696e-05,1.0,7.327651110244915e-05,1.0,2.290675809035747e-07,0.0,0.6880747675895691,1.0,6.339399988064542e-06,0.1,0.000612523245094216
215,4.935799370286986e-05,1.0,5.870596942258999e-05,1.0,2.2935424226488976e-07,0.0,0.6016877293586731,1.0,8.729879482416436e-06,0.1,0.0006094625490775732
216,4.4784697820432484e-05,1.0,0.00010163375554839149,1.0,2.2996799486918462e-07,0.0,0.6382201313972473,1.0,8.803430318948813e-06,0.1,0.0006063975514060665
217,4.320374864619225e-05,1.0,0.00012480790610425174,1.0,2.2959814316436677e-07,0.0,0.6601262092590332,1.0,6.6550228439155035e-06,0.1,0.0006033283730805558
218,5.2274765039328486e-05,1.0,0.00011473800987005234,1.0,2.2875704530633811e-07,0.0,0.636243462562561,1.0,4.950386937707663e-06,0.1,0.0006002551352669465
219,4.506199911702424e-05,1.0,0.0001144560010288842,1.0,2.292061935804668e-07,0.0,0.6540482044219971,1.0,6.126000698714051e-06,0.1,0.0005971779592914048
220,4.6160661440808326e-05,1.0,0.0001279910939047113,1.0,2.2926730025574216e-07,0.0,0.5954321622848511,1.0,8.796028851065785e-06,0.1,0.0005940969666355696
221,4.5205575588624924e-05,1.0,8.374889875994995e-05,1.0,2.303247015333909e-07,0.0,0.5658183097839355,1.0,5.8698960856418125e-06,0.1,0.0005910122789317552
222,5.1589333452284336e-05,1.0,5.438042353489436e-05,1.0,2.296005021662495e-07,0.0,0.6515621542930603,1.0,4.137516498303739e-06,0.1,0.0005879240179581506
223,6.406131433323026e-05,1.0,0.0001635596272535622,1.0,2.290903751145379e-07,0.0,0.7277886867523193,1.0,3.104155211985926e-06,0.1,0.0005848323056340106
224,5.878501178813167e-05,1.0,0.00011526764865266159,1.0,2.2926317910787475e-07,0.0,0.6940093040466309,1.0,3.5501730053510983e-06,0.1,0.0005817372640148445
225,4.237545363139361e-05,1.0,5.848113869433291e-05,1.0,2.2950217726247502e-07,0.0,0.6467941403388977,1.0,4.830683792533819e-06,0.1,0.0005786390152875954
226,5.6295873946510255e-05,1.0,4.9176247557625175e-05,1.0,2.2957354417485476e-07,0.0,0.5944698452949524,1.0,1.1390416148060467e-05,0.1,0.0005755376817658183
227,0.00010055360326077789,1.0,0.00040820485446602106,1.0,2.2984062297837227e-07,0.0,0.5947664380073547,1.0,2.038497586909216e-05,0.1,0.0005724333858848501
228,6.791384657844901e-05,1.0,0.00011208433716092259,1.0,2.2896459483945364e-07,0.0,0.5579962134361267,1.0,1.4744189684279263e-05,0.1,0.0005693262501969768
229,4.317539787734859e-05,1.0,0.00020503935229498893,1.0,2.295024330578599e-07,0.0,0.6595404148101807,1.0,7.447024472639896e-06,0.1,0.0005662163973665953
230,6.589054828509688e-05,1.0,0.00017155613750219345,1.0,2.290809533178617e-07,0.0,0.5876506567001343,1.0,3.2313728297594935e-06,0.1,0.00056310395016537
231,7.687623292440549e-05,1.0,0.00011284662468824536,1.0,2.2954043288336834e-07,0.0,0.6438786387443542,1.0,1.992706074815942e-06,0.1,0.0005599890314673875
232,4.710743814939633e-05,1.0,0.00010740186553448439,1.0,2.2938911570236087e-07,0.0,0.5399982333183289,1.0,4.0938098209153395e-06,0.1,0.0005568717642443041
233,5.207497815717943e-05,1.0,0.00018482674204278737,1.0,2.2855101633467712e-07,0.0,0.7039963006973267,1.0,1.0326302799512632e-05,0.1,0.0005537522715604924
234,5.759295163443312e-05,1.0,9.163711365545169e-05,1.0,2.2923815379272128e-07,0.0,0.5637871026992798,1.0,1.3545582078222651e-05,0.1,0.0005506306765681819
235,4.4205866288393736e-05,1.0,0.00012988907110411674,1.0,2.289516629616628e-07,0.0,0.503050684928894,1.0,8.967530447989702e-06,0.1,0.000547507102502598
236,4.260082641849294e-05,1.0,5.872248948435299e-05,1.0,2.2907735797161877e-07,0.0,0.599117636680603,1.0,7.5528228080656845e-06,0.1,0.0005443816726770963
237,3.678249049698934e-05,1.0,0.00010505138925509527,1.0,2.294896432886162e-07,0.0,0.6041222214698792,1.0,5.323152436176315e-06,0.1,0.0005412545104782949
238,4.5480821427190676e-05,1.0,3.590254345908761e-05,1.0,2.2935242327548622e-07,0.0,0.6283456087112427,1.0,4.890576747129671e-06,0.1,0.0005381257393612026
239,4.45987461716868e-05,1.0,4.9860314902616665e-05,1.0,2.2920464459730283e-07,0.0,0.5288354158401489,1.0,4.559437456919113e-06,0.1,0.0005349954828443459
240,4.2630308598745614e-05,1.0,0.00013729142665397376,1.0,2.2951219591504923e-07,0.0,0.4821634888648987,1.0,4.6889040277164895e-06,0.1,0.0005318638645048922
241,4.5956803660374135e-05,1.0,8.23433801997453e-05,1.0,2.2871736859997327e-07,0.0,0.6988335847854614,1.0,9.582530765328556e-06,0.1,0.0005287310079737713
242,4.66617384518031e-05,1.0,0.00012646055256482214,1.0,2.2925831899556215e-07,0.0,0.5289573073387146,1.0,9.098381269723177e-06,0.1,0.0005255970369307949
243,4.046823232783936e-05,1.0,6.895323167555034e-05,1.0,2.2967228119341598e-07,0.0,0.5382432341575623,1.0,7.76181786932284e-06,0.1,0.0005224620750997735
244,3.797583485720679e-05,1.0,6.221196235856041e-05,1.0,2.2950951006350806e-07,0.0,0.5240730047225952,1.0,5.584962309512775e-06,0.1,0.0005193262462436323
245,4.526733391685411e-05,1.0,5.763099034084007e-05,1.0,2.2880908545630518e-07,0.0,0.6239136457443237,1.0,3.521096004988067e-06,0.1,0.0005161896741595252
246,5.334892921382561e-05,1.0,9.454845712753013e-05,1.0,2.2942882083043514e-07,0.0,0.4960304796695709,1.0,2.62160028796643e-06,0.1,0.0005130524826739472
247,5.918097303947434e-05,1.0,6.83865582686849e-05,1.0,2.2936902155379357e-07,0.0,0.520050585269928,1.0,3.6804710816795705e-06,0.1,0.0005099147956378465
248,5.224001142778434e-05,1.0,0.00011477808584459126,1.0,2.2987002523677802e-07,0.0,0.41958948969841003,1.0,4.696528321801452e-06,0.1,0.0005067767369217348
249,3.826820829999633e-05,1.0,2.402922291366849e-05,1.0,2.2938591826004995e-07,0.0,0.5620973110198975,1.0,6.343334916891763e-06,0.1,0.0005036384304107968
250,5.053651693742722e-05,1.0,0.00016972240700852126,1.0,2.292889291766187e-07,0.0,0.6912471652030945,1.0,1.0649165233189706e-05,0.1,0.0005005000000000001
251,6.047952047083527e-05,1.0,5.630926898447797e-05,1.0,2.2904337981799472e-07,0.0,0.49007588624954224,1.0,1.1788804840762168e-05,0.1,0.0004973615695892034
252,5.3420379117596895e-05,1.0,5.195515768718906e-05,1.0,2.295181360523202e-07,0.0,0.5885061621665955,1.0,1.0857720553758554e-05,0.1,0.0004942232630782654
253,3.924783959519118e-05,1.0,7.583877595607191e-05,1.0,2.2929123133508256e-07,0.0,0.5176987648010254,1.0,7.281073067133548e-06,0.1,0.0004910852043621537
254,4.172047192696482e-05,1.0,3.238630961277522e-05,1.0,2.3016721684143704e-07,0.0,0.6885762214660645,1.0,6.2740691646467894e-06,0.1,0.000487947517326053
255,5.841667007189244e-05,1.0,0.00011340317723806947,1.0,2.2941304678170127e-07,0.0,0.5069305300712585,1.0,3.219079189875629e-06,0.1,0.000484810325840475
256,5.777724436484277e-05,1.0,0.00012496525596361607,1.0,2.2940443500374386e-07,0.0,0.48350515961647034,1.0,2.7422033781476784e-06,0.1,0.0004816737537563677
257,4.167355291428976e-05,1.0,4.940597136737779e-05,1.0,2.2895301299286075e-07,0.0,0.5571990609169006,1.0,4.324366273067426e-06,0.1,0.0004785379249002266
258,3.822722646873444e-05,1.0,8.616824925411493e-05,1.0,2.2981515712672262e-07,0.0,0.5319511890411377,1.0,4.553326562017901e-06,0.1,0.0004754029630692052
259,3.6389865272212774e-05,1.0,6.898897845530882e-05,1.0,2.300546384503832e-07,0.0,0.5153236985206604,1.0,6.931641109986231e-06,0.1,0.0004722689920262288
260,4.075107426615432e-05,1.0,4.342808824731037e-05,1.0,2.293739100878156e-07,0.0,0.6241334080696106,1.0,6.822087925684173e-06,0.1,0.0004691361354951082
261,4.1939987568184733e-05,1.0,0.00011017514043487608,1.0,2.2969069846112689e-07,0.0,0.544140100479126,1.0,7.03688056091778e-06,0.1,0.00046600451715565446
262,3.482344254734926e-05,1.0,9.173059515887871e-05,1.0,2.2923222786630504e-07,0.0,0.4705972671508789,1.0,7.878239557612687e-06,0.1,0.00046287426063879765
263,3.9457874663639814e-05,1.0,4.566212010104209e-05,1.0,2.2949782874093216e-07,0.0,0.45067739486694336,1.0,4.770453415403608e-06,0.1,0.0004597454895217054
264,4.084668034920469e-05,1.0,4.025876478408463e-05,1.0,2.2957613055041293e-07,0.0,0.5405672788619995,1.0,3.924735210603103e-06,0.1,0.00045661832732290386
265,4.084479223820381e-05,1.0,0.00010321013542125002,1.0,2.294833763016868e-07,0.0,0.47188666462898254,1.0,4.130873094254639e-06,0.1,0.0004534928974974022
266,3.9804584957892075e-05,1.0,9.285687701776624e-05,1.0,2.2974079172399797e-07,0.0,0.5045535564422607,1.0,5.959193913440686e-06,0.1,0.00045036932343181827
267,4.229548358125612e-05,1.0,3.5627002944238484e-05,1.0,2.2976411173658562e-07,0.0,0.5720849633216858,1.0,8.82631866261363e-06,0.1,0.0004472477284395077
268,4.148106381762773e-05,1.0,5.949455589870922e-05,1.0,2.293174361511774e-07,0.0,0.5581546425819397,1.0,8.977140169008635e-06,0.1,0.00044412823575569596
269,3.8253892853390425e-05,1.0,4.466657992452383e-05,1.0,2.2903498120285803e-07,0.0,0.5286393165588379,1.0,6.955548997211736e-06,0.1,0.0004410109685326127
270,3.7140467611607164e-05,1.0,9.358172974316403e-05,1.0,2.294796388468967e-07,0.0,0.6092270612716675,1.0,4.843315309699392e-06,0.1,0.00043789604983463014
271,3.84955492336303e-05,1.0,5.395560947363265e-05,1.0,2.2960297485496994e-07,0.0,0.5637350082397461,1.0,5.311640052241273e-06,0.1,0.000434783602633405
272,3.876825940096751e-05,1.0,7.568616274511442e-05,1.0,2.301117376646289e-07,0.0,0.4544195234775543,1.0,5.6440685511915945e-06,0.1,0.00043167374980302337
273,3.8625272281933576e-05,1.0,5.280637924442999e-05,1.0,2.293662504371241e-07,0.0,0.5005597472190857,1.0,5.142859208717709e-06,0.1,0.0004285666141151501
274,3.6703939258586615e-05,1.0,5.5926659115357324e-05,1.0,2.291574929813578e-07,0.0,0.37513265013694763,1.0,4.200456714897882e-06,0.1,0.0004254623182341819
275,3.6274919693823904e-05,1.0,3.1433162803296e-05,1.0,2.2958678869144933e-07,0.0,0.46370333433151245,1.0,5.0841767915699165e-06,0.1,0.00042236098471240476
276,3.544266292010434e-05,1.0,8.385795081267133e-05,1.0,2.2926445808479912e-07,0.0,0.5005778074264526,1.0,5.400238478614483e-06,0.1,0.00041926273598515574
277,3.7714042264269665e-05,1.0,0.00011445747804827988,1.0,2.291963880907133e-07,0.0,0.5224438905715942,1.0,5.3256017054081894e-06,0.1,0.0004161676943659895
278,3.88653643312864e-05,1.0,4.1012528527062386e-05,1.0,2.2955457268380997e-07,0.0,0.614072859287262,1.0,8.748245818424039e-06,0.1,0.00041307598204184975
279,3.940894384868443e-05,1.0,4.5429696911014616e-05,1.0,2.2919618913874729e-07,0.0,0.4429836571216583,1.0,8.124374289764091e-06,0.1,0.000409987721068245
280,4.010761040262878e-05,1.0,5.968505502096377e-05,1.0,2.2919047637515177e-07,0.0,0.5024784803390503,1.0,8.73993576533394e-06,0.1,0.00040690303336443065
281,3.6229346733307466e-05,1.0,0.00010572907194728032,1.0,2.2932229626349e-07,0.0,0.5010844469070435,1.0,7.21548349247314e-06,0.1,0.0004038220407085955
282,3.7763878935948014e-05,1.0,4.6714150812476873e-05,1.0,2.292705119089078e-07,0.0,0.5587980151176453,1.0,6.587763436982641e-06,0.1,0.0004007448647330538
283,3.498493606457487e-05,1.0,5.556692121899687e-05,1.0,2.289922349518747e-07,0.0,0.48581570386886597,1.0,5.321394382917788e-06,0.1,0.00039767162691944425
284,3.645236574811861e-05,1.0,7.975448534125462e-05,1.0,2.2973468105647044e-07,0.0,0.5282690525054932,1.0,5.781088475487195e-06,0.1,0.0003946024485939338
285,3.629009734140709e-05,1.0,3.093166014878079e-05,1.0,2.2917720343684778e-07,0.0,0.5199553966522217,1.0,5.921861884417012e-06,0.1,0.00039153745092242707
286,3.371091588633135e-05,1.0,3.893540269928053e-05,1.0,2.2971971702645533e-07,0.0,0.4525158703327179,1.0,8.109731425065547e-06,0.1,0.0003884767549057841
287,3.9372847822960466e-05,1.0,5.847767897648737e-05,1.0,2.2927819998130872e-07,0.0,0.4523989260196686,1.0,7.640599505975842e-06,0.1,0.0003854204813750431
288,3.6916731914971024e-05,1.0,6.692930037388578e-05,1.0,2.2985707914813247e-07,0.0,0.5045062303543091,1.0,7.029687367321458e-06,0.1,0.0003823687509866496
289,3.6185829230817035e-05,1.0,0.00011688226368278265,1.0,2.29400086482201e-07,0.0,0.4463558793067932,1.0,6.450618457165547e-06,0.1,0.000379321684217694
290,3.49230867868755e-05,1.0,8.714314026292413e-05,1.0,2.2924669451640511e-07,0.0,0.45688867568969727,1.0,5.391481863625813e-06,0.1,0.0003762794013611552
291,3.8170081097632647e-05,1.0,4.9921094614546746e-05,1.0,2.2901861029822612e-07,0.0,0.43034663796424866,1.0,3.7040117604192346e-06,0.1,0.00037324202252115077
292,4.812992483493872e-05,1.0,0.0001518573990324512,1.0,2.2928608700567565e-07,0.0,0.47207826375961304,1.0,3.1200238481687848e-06,0.1,0.00037020966760819657
293,4.3625212128972635e-05,1.0,0.00017011375166475773,1.0,2.2912304586952814e-07,0.0,0.4310576915740967,1.0,3.7926076856820146e-06,0.1,0.00036718245633447257
294,3.403907612664625e-05,1.0,4.48418031737674e-05,1.0,2.2908464814008767e-07,0.0,0.39621853828430176,1.0,5.181477717997041e-06,0.1,0.00036416050820909605
295,3.728388765011914e-05,1.0,7.927870319690555e-05,1.0,2.2972132285303815e-07,0.0,0.5739728808403015,1.0,9.497547580394894e-06,0.1,0.00036114394253340497
296,4.687350883614272e-05,1.0,0.00012493804388213903,1.0,2.2888232820150733e-07,0.0,0.5155692100524902,1.0,1.0659822692105081e-05,0.1,0.000358132878396247
297,4.095822441740893e-05,1.0,0.00012678046186920255,1.0,2.2944303168515034e-07,0.0,0.49912601709365845,1.0,8.578806955483742e-06,0.1,0.0003551274346692783
298,3.671020385809243e-05,1.0,8.737267489777878e-05,1.0,2.291776013407798e-07,0.0,0.49356526136398315,1.0,6.767534614482429e-06,0.1,0.0003521277300022711
299,3.791788549278863e-05,1.0,9.205305832438171e-05,1.0,2.296507091159583e-07,0.0,0.48685795068740845,1.0,4.194449957140023e-06,0.1,0.00034913388281842953
300,4.883711153524928e-05,1.0,5.094968219054863e-05,1.0,2.2951350331368303e-07,0.0,0.4756890535354614,1.0,3.720819449881674e-06,0.1,0.0003461460113097139
301,5.798010533908382e-05,1.0,0.00011567308683879673,1.0,2.290017562245339e-07,0.0,0.5127902030944824,1.0,2.6742536647361703e-06,0.1,0.0003431642334321753
302,4.262728543835692e-05,1.0,0.00019431284454185516,1.0,2.3004427873729583e-07,0.0,0.5557335019111633,1.0,3.5683769965544343e-06,0.1,0.000340188666901299
303,3.18819256790448e-05,1.0,8.66042755660601e-05,1.0,2.2932795218366664e-07,0.0,0.3948150873184204,1.0,5.475683337863302e-06,0.1,0.0003372194291873564
304,3.659920548670925e-05,1.0,3.4128861443605274e-05,1.0,2.2949848244024906e-07,0.0,0.4488762617111206,1.0,6.955206117709167e-06,0.1,0.00033425663751076825
305,3.751947951968759e-05,1.0,5.6293436500709504e-05,1.0,2.2970382929088373e-07,0.0,0.41794419288635254,1.0,8.376858204428572e-06,0.1,0.00033130040883747703
306,3.7155641621211544e-05,1.0,6.864072202006355e-05,1.0,2.2982936798143783e-07,0.0,0.5134653449058533,1.0,7.96665972302435e-06,0.1,0.0003283508598743288
307,3.711406316142529e-05,1.0,5.5506094213342294e-05,1.0,2.294813157277531e-07,0.0,0.4296439588069916,1.0,8.63316745380871e-06,0.1,0.00032540810706446614
308,3.283431942691095e-05,1.0,6.618074985453859e-05,1.0,2.2957458156724897e-07,0.0,0.37793630361557007,1.0,5.846972726430977e-06,0.1,0.00032247226658273134
309,3.620416100602597e-05,1.0,8.908241579774767e-05,1.0,2.296813761404337e-07,0.0,0.48039448261260986,1.0,5.0201560952700675e-06,0.1,0.0003195434543310795
310,3.315830326755531e-05,1.0,5.602983947028406e-05,1.0,2.2921972231415566e-07,0.0,0.4682523012161255,1.0,4.6633622332592495e-06,0.1,0.00031662178593400343
311,3.538634337019175e-05,1.0,6.97690193192102e-05,1.0,2.2921665276953718e-07,0.0,0.5887758731842041,1.0,6.2648568928125314e-06,0.1,0.0003137073767339688
312,4.0408369386568666e-05,1.0,0.00018637087487149984,1.0,2.2878276695337263e-07,0.0,0.4227081537246704,1.0,8.083065040409565e-06,0.1,0.00031080034178686044
313,3.756961086764932e-05,1.0,4.8140227590920404e-05,1.0,2.2977657465617085e-07,0.0,0.5742592811584473,1.0,6.328454219328705e-06,0.1,0.0003079007958574405
314,3.473598917480558e-05,1.0,5.141742803971283e-05,1.0,2.29329231160591e-07,0.0,0.410016268491745,1.0,6.843254141131183e-06,0.1,0.00030500885341481755
315,3.196526085957885e-05,1.0,4.6502682380378246e-05,1.0,2.2961626200412866e-07,0.0,0.4645082652568817,1.0,4.462684955797158e-06,0.1,0.0003021246286279271
316,3.088040102738887e-05,1.0,2.0677307475125417e-05,1.0,2.2923791220819112e-07,0.0,0.5331789255142212,1.0,6.074425982660614e-06,0.1,0.00029924823536102554
317,3.237120108678937e-05,1.0,4.365239874459803e-05,1.0,2.294856216167318e-07,0.0,0.40016478300094604,1.0,4.635418918041978e-06,0.1,0.00029637978716919375
318,3.0351977329701185e-05,1.0,5.290987974149175e-05,1.0,2.296720253980311e-07,0.0,0.435629278421402,1.0,3.8090684029157273e-06,0.1,0.00029351939729385467
319,3.0865157896187156e-05,1.0,2.0678937289630994e-05,1.0,2.2966909796195978e-07,0.0,0.46424561738967896,1.0,4.350828930910211e-06,0.1,0.0002906671786583028
320,3.176735117449425e-05,1.0,3.9041162381181493e-05,1.0,2.2886109718456282e-07,0.0,0.40293312072753906,1.0,5.0655198720050976e-06,0.1,0.00028782324386324626
321,3.506591747282073e-05,1.0,8.920115942601115e-05,1.0,2.2963263290876057e-07,0.0,0.4389270544052124,1.0,4.391323273011949e-06,0.1,0.00028498770518236124
322,3.303626363049261e-05,1.0,3.107443990302272e-05,1.0,2.2935113008770713e-07,0.0,0.3827076554298401,1.0,3.7081308619235642e-06,0.1,0.00028216067455785916
323,3.6068282497581095e-05,1.0,2.4207143724197522e-05,1.0,2.2923019571408076e-07,0.0,0.42499488592147827,1.0,4.421922767505748e-06,0.1,0.0002793422635960688
324,3.315272988402285e-05,1.0,2.55929244303843e-05,1.0,2.295678882546781e-07,0.0,0.5233234167098999,1.0,4.236465429130476e-06,0.1,0.000276532583563029
325,3.172856304445304e-05,1.0,4.886876558884978e-05,1.0,2.292422891514434e-07,0.0,0.5070907473564148,1.0,5.951069397269748e-06,0.1,0.00027373174538009644
326,3.456331978668459e-05,1.0,9.727048745844513e-05,1.0,2.2916148623153276e-07,0.0,0.5308512449264526,1.0,6.5710191847756505e-06,0.1,0.00027093985961956687
327,3.417707193875685e-05,1.0,7.833823474356905e-05,1.0,2.2978892388891836e-07,0.0,0.3970349431037903,1.0,6.769576430087909e-06,0.1,0.0002681570365003096
328,3.1514413421973586e-05,1.0,6.984757055761293e-05,1.0,2.2975723368290346e-07,0.0,0.4413979947566986,1.0,5.043396868131822e-06,0.1,0.0002653833858834166
329,3.079386442550458e-05,1.0,7.244798325700685e-05,1.0,2.291294549650047e-07,0.0,0.46241459250450134,1.0,5.1828396863129456e-06,0.1,0.0002626190172678644
330,3.16601617669221e-05,1.0,0.00013647667947225273,1.0,2.2851943981549994e-07,0.0,0.5141028165817261,1.0,4.6062741603236645e-06,0.1,0.0002598640397861934
331,3.118591121165082e-05,1.0,3.9582449971931055e-05,1.0,2.291270391197031e-07,0.0,0.5044125318527222,1.0,5.236568540567532e-06,0.1,0.0002571185622001967
332,2.905802284658421e-05,1.0,3.0439734473475255e-05,1.0,2.2920697517747612e-07,0.0,0.5129009485244751,1.0,3.5303439744893694e-06,0.1,0.0002543826928966283
333,3.122413909295574e-05,1.0,3.2275223929900676e-05,1.0,2.2969943813677673e-07,0.0,0.4593448042869568,1.0,4.279694621800445e-06,0.1,0.0002516565398829244
334,3.0441276976489462e-05,1.0,3.142470450256951e-05,1.0,2.2961839363233594e-07,0.0,0.40225449204444885,1.0,4.333877768658567e-06,0.1,0.00024894021078293756
335,3.080662281718105e-05,1.0,5.268388849799521e-05,1.0,2.289579299485922e-07,0.0,0.43941181898117065,1.0,5.152822268428281e-06,0.1,0.00024623381283268956
336,3.044481127290055e-05,1.0,3.074709456996061e-05,1.0,2.291921816777176e-07,0.0,0.36442211270332336,1.0,4.821402399102226e-06,0.1,0.00024353745287613752
337,3.2426345569547266e-05,1.0,8.27437688712962e-05,1.0,2.2977069136231876e-07,0.0,0.3884437680244446,1.0,4.644794898922555e-06,0.1,0.00024085123736095578
338,3.3255604648729786e-05,1.0,5.275163130136207e-05,1.0,2.291951659572078e-07,0.0,0.3624705970287323,1.0,5.1074875955237076e-06,0.1,0.00023817527233433277
339,3.157029641442932e-05,1.0,2.4445409508189186e-05,1.0,2.2947236288928252e-07,0.0,0.3751961886882782,1.0,3.98112661059713e-06,0.1,0.00023550966343878648
340,3.4225668059661984e-05,1.0,7.976635242812335e-05,1.0,2.2947250499782967e-07,0.0,0.4031195342540741,1.0,3.4247459552716464e-06,0.1,0.0002328545159079913
341,3.3667914976831526e-05,1.0,6.87487845425494e-05,1.0,2.2919394382370228e-07,0.0,0.38941842317581177,1.0,5.0038584049616475e-06,0.1,0.00023020993456262557
342,3.152043791487813e-05,1.0,5.961323404335417e-05,1.0,2.293389513852162e-07,0.0,0.5190962553024292,1.0,5.315169801178854e-06,0.1,0.00022757602380623265
343,3.497554280329496e-05,1.0,6.0602200392168015e-05,1.0,2.2920598041764606e-07,0.0,0.38619139790534973,1.0,6.945805580471642e-06,0.1,0.00022495288762109915
344,3.543197817634791e-05,1.0,6.112890696385875e-05,1.0,2.2964047730056336e-07,0.0,0.4361391067504883,1.0,6.3985903580032755e-06,0.1,0.0002223406295641501
345,3.2510193705093116e-05,1.0,3.229418507544324e-05,1.0,2.2994716175617214e-07,0.0,0.43499690294265747,1.0,6.5151371018146165e-06,0.1,0.00021973935276286074
346,3.0320514269988053e-05,1.0,5.511353083420545e-05,1.0,2.2897964413459704e-07,0.0,0.3855326473712921,1.0,4.9545406000106595e-06,0.1,0.00021714915991118526
347,3.177256803610362e-05,1.0,4.6180753997759894e-05,1.0,2.2941426891520678e-07,0.0,0.46184253692626953,1.0,5.041623808210716e-06,0.1,0.00021457015326550183
348,2.9934686608612537e-05,1.0,5.26221701875329e-05,1.0,2.300227492924023e-07,0.0,0.402339369058609,1.0,4.217442437948193e-06,0.1,0.00021200243464057744
349,3.056545392610133e-05,1.0,4.586625800584443e-05,1.0,2.298525316746236e-07,0.0,0.387929230928421,1.0,4.6587601900682785e-06,0.1,0.00020944610540554637
350,3.166265378240496e-05,1.0,3.57145800080616e-05,1.0,2.288264795424766e-07,0.0,0.43967118859291077,1.0,3.5568045859690756e-06,0.1,0.00020690126647990973
351,3.486810237518512e-05,1.0,9.469328506384045e-05,1.0,2.2900570684214472e-07,0.0,0.4666633903980255,1.0,3.8714865695510525e-06,0.1,0.00020436801832955092
352,3.378769179107621e-05,1.0,8.157915726769716e-05,1.0,2.294673890901322e-07,0.0,0.44836005568504333,1.0,3.4538284126028884e-06,0.1,0.00020184646096276952
353,3.114888386335224e-05,1.0,8.231579704442993e-05,1.0,2.2902835894456075e-07,0.0,0.410824179649353,1.0,3.697834017657442e-06,0.1,0.00019933669392633213
354,3.1096653401618823e-05,1.0,2.7135301934322342e-05,1.0,2.2894985818311397e-07,0.0,0.3921608328819275,1.0,4.876767434325302e-06,0.1,0.00019683881630154458
355,3.858151467284188e-05,1.0,7.191473559942096e-05,1.0,2.2976588809342502e-07,0.0,0.3874233365058899,1.0,7.2515831561759114e-06,0.1,0.00019435292670033839
356,4.030454874737188e-05,1.0,9.240405779564753e-05,1.0,2.2941543420529342e-07,0.0,0.4014914035797119,1.0,7.64342985348776e-06,0.1,0.0001918791232613779
357,4.181866825092584e-05,1.0,6.248710997169837e-05,1.0,2.288403209149692e-07,0.0,0.4366771876811981,1.0,7.488860319426749e-06,0.1,0.0001894175036461879
358,3.368808393133804e-05,1.0,6.660133658442646e-05,1.0,2.2929820886474772e-07,0.0,0.3838810622692108,1.0,7.044311132631265e-06,0.1,0.0001869681650352952
359,3.2831965654622763e-05,1.0,8.589734352426603e-05,1.0,2.292910750156807e-07,0.0,0.4417707324028015,1.0,5.539080120797735e-06,0.1,0.00018453120412439437
360,3.26081171806436e-05,1.0,4.468905535759404e-05,1.0,2.2951381595248677e-07,0.0,0.32282450795173645,1.0,3.364670419614413e-06,0.1,0.00018210671712052948
361,3.738328814506531e-05,1.0,8.388415153604001e-05,1.0,2.3040847452193702e-07,0.0,0.4173628091812134,1.0,2.455576577631291e-06,0.1,0.00017969479973829628
362,4.7395162255270407e-05,1.0,0.00011575310054467991,1.0,2.2954043288336834e-07,0.0,0.3930337429046631,1.0,2.271475295856362e-06,0.1,0.00017729554719606253
363,3.650151484180242e-05,1.0,9.000331192510203e-05,1.0,2.2995870097020088e-07,0.0,0.44689130783081055,1.0,2.500740265531931e-06,0.1,0.000174909054212211
364,3.045927223865874e-05,1.0,3.1691542972112074e-05,1.0,2.2942184330076998e-07,0.0,0.44022732973098755,1.0,2.9054506285319803e-06,0.1,0.00017253541500139835
365,3.223322710255161e-05,1.0,2.552949263190385e-05,1.0,2.29528723139083e-07,0.0,0.37426552176475525,1.0,5.903260898776352e-06,0.1,0.00017017472327083582
366,3.552521957317367e-05,1.0,2.701414268813096e-05,1.0,2.2932788112939306e-07,0.0,0.48638468980789185,1.0,7.588148491777247e-06,0.1,0.00016782707221659135
367,4.3105988879688084e-05,1.0,0.00015786518633831292,1.0,2.295572301136417e-07,0.0,0.4098668396472931,1.0,9.580431651556864e-06,0.1,0.00016549255451990836
368,4.2603700421750546e-05,1.0,5.411533493315801e-05,1.0,2.2940888300126971e-07,0.0,0.42621105909347534,1.0,9.150594451057259e-06,0.1,0.0001631712623435483
369,3.306605503894389e-05,1.0,9.997546294471249e-05,1.0,2.2965474499869742e-07,0.0,0.4093262553215027,1.0,6.4739824665593915e-06,0.1,0.0001608632873281516
370,3.2827996619744226e-05,1.0,3.811281203525141e-05,1.0,2.288447120690762e-07,0.0,0.32423102855682373,1.0,4.240862836013548e-06,0.1,0.00015856872058862015
371,3.09518254653085e-05,1.0,3.972383274231106e-05,1.0,2.2944146849113167e-07,0.0,0.4615466594696045,1.0,2.648083409440005e-06,0.1,0.00015628765271051938
372,3.651972656371072e-05,1.0,7.259105768753216e-05,1.0,2.3039625318688195e-07,0.0,0.4011228680610657,1.0,2.7805831450677942e-06,0.1,0.000154020173746504
373,3.6079691199120134e-05,1.0,0.00012739909288939089,1.0,2.2914518638117443e-07,0.0,0.4273482859134674,1.0,2.1156511138542555e-06,0.1,0.00015176637321276048
374,3.3366435673087835e-05,1.0,8.860938396537676e-05,1.0,2.2952626466121728e-07,0.0,0.4187140464782715,1.0,2.79636560662766e-06,0.1,0.00014952634008547473
375,2.8417725843610242e-05,1.0,1.349225112790009e-05,1.0,2.2883899930548068e-07,0.0,0.3544372618198395,1.0,3.7285824419086566e-06,0.1,0.00014730016279731955
376,2.9082322726026177e-05,1.0,1.6571857486269437e-05,1.0,2.286013796037878e-07,0.0,0.45431914925575256,1.0,4.5814576878910884e-06,0.1,0.00014508792923396198
377,3.279010343248956e-05,1.0,1.837829222495202e-05,1.0,2.2950317202230508e-07,0.0,0.39869844913482666,1.0,5.224113920121454e-06,0.1,0.00014288972673059532
378,3.264545011916198e-05,1.0,5.326248719939031e-05,1.0,2.2960409751249244e-07,0.0,0.4073431193828583,1.0,6.552913873747457e-06,0.1,0.0001407056420684905
379,3.319462120998651e-05,1.0,4.036448444821872e-05,1.0,2.2969362589719822e-07,0.0,0.41780799627304077,1.0,6.610681339225266e-06,0.1,0.0001385357614715703
380,3.3917094697244465e-05,1.0,6.0016678617103025e-05,1.0,2.294150363013614e-07,0.0,0.46517664194107056,1.0,6.864129773020977e-06,0.1,0.0001363801706030049
381,3.3498607081128284e-05,1.0,3.817001197603531e-05,1.0,2.2874633032188285e-07,0.0,0.34006181359291077,1.0,6.50154970571748e-06,0.1,0.00013423895456183136
382,3.058118454646319e-05,1.0,3.7586800317512825e-05,1.0,2.2883307337906444e-07,0.0,0.3640611469745636,1.0,5.8459727370063774e-06,0.1,0.0001321121978795922
383,2.943638901342638e-05,1.0,0.00014000806550029665,1.0,2.2928287535251002e-07,0.0,0.4073781669139862,1.0,5.393822902988177e-06,0.1,0.00012999998451699983
384,2.8914491849718615e-05,1.0,5.1481318223522976e-05,1.0,2.2908707819624397e-07,0.0,0.4863342344760895,1.0,5.326337941369275e-06,0.1,0.00012790239786062105
385,3.0377319490071386e-05,1.0,6.72697788104415e-05,1.0,2.292563010541926e-07,0.0,0.45017027854919434,1.0,4.619146238837857e-06,0.1,0.00012581952071958545
386,3.1308791221817955e-05,1.0,6.982489867368713e-05,1.0,2.3009897631709464e-07,0.0,0.3895335793495178,1.0,4.5723613766313065e-06,0.1,0.00012375143532231613
387,2.8698013920802623e-05,1.0,6.745109567418694e-05,1.0,2.2921511799722794e-07,0.0,0.4261290431022644,1.0,3.822288817900699e-06,0.1,0.00012169822331328343
388,3.0025801606825553e-05,1.0,7.810144597897306e-05,1.0,2.2962878176713275e-07,0.0,0.4125343859195709,1.0,3.7141135180718265e-06,0.1,0.0001196599657497819
389,3.133637801511213e-05,1.0,3.978445602115244e-05,1.0,2.2961793888498505e-07,0.0,0.3468151390552521,1.0,3.866100087179802e-06,0.1,0.00011763674309872971
390,2.8004140403936617e-05,1.0,7.61393312131986e-05,1.0,2.293477336934302e-07,0.0,0.4362640082836151,1.0,3.014908088516677e-06,0.1,0.00011562863523349333
391,3.054005355807021e-05,1.0,8.111716306302696e-05,1.0,2.2956454870382004e-07,0.0,0.40583348274230957,1.0,3.8017574297555257e-06,0.1,0.00011363572143073251
392,2.8623646358028054e-05,1.0,0.00010711999493651092,1.0,2.2890908724093606e-07,0.0,0.35154226422309875,1.0,3.410169711060007e-06,0.1,0.00011165808036727185
393,3.215718606952578e-05,1.0,5.811864321003668e-05,1.0,2.2916597686162277e-07,0.0,0.3683142066001892,1.0,3.9997171370487195e-06,0.1,0.00010969579011699425
394,3.0143775802571326e-05,1.0,3.6132940294919536e-05,1.0,2.2925573262000398e-07,0.0,0.4546245038509369,1.0,3.1223516998579726e-06,0.1,0.00010774892814775902
395,2.8445978387026116e-05,1.0,0.00010400491009932011,1.0,2.2951239486701525e-07,0.0,0.4349207878112793,1.0,3.9686315176368225e-06,0.1,0.00010581757131834264
396,3.113233105977997e-05,1.0,4.8108166083693504e-05,1.0,2.289724960746753e-07,0.0,0.38354331254959106,1.0,4.24221798311919e-06,0.1,0.00010390179587540624
397,2.8274847863940522e-05,1.0,8.876089850673452e-05,1.0,2.293587613166892e-07,0.0,0.4329356551170349,1.0,5.483610038936604e-06,0.1,0.00010200167745048385
398,3.1714782380731776e-05,1.0,4.857909880229272e-05,1.0,2.2927395093574887e-07,0.0,0.37536460161209106,1.0,6.0665934142889455e-06,0.1,0.00010011729105699707
399,2.9431068469421007e-05,1.0,6.333038618322462e-05,1.0,2.291625378347817e-07,0.0,0.44193172454833984,1.0,5.358630914997775e-06,0.1,9.824871108729462e-05
400,3.0632752896053717e-05,1.0,8.36223698570393e-05,1.0,2.2994350956651033e-07,0.0,0.388308584690094,1.0,6.365620720316656e-06,0.1,9.639601130971382e-05
401,3.1888390367385e-05,1.0,3.342104173498228e-05,1.0,2.298554306889855e-07,0.0,0.4239128530025482,1.0,6.673742973362096e-06,0.1,9.455926486566959e-05
402,2.9538990929722786e-05,1.0,4.5817603677278385e-05,1.0,2.2881847883127193e-07,0.0,0.3349759876728058,1.0,5.688522833224852e-06,0.1,9.273854426676663e-05
403,3.027143975486979e-05,1.0,4.936556069878861e-05,1.0,2.2955252632073098e-07,0.0,0.4561299979686737,1.0,5.4135143727762625e-06,0.1,9.093392139193666e-05
404,2.9220998840173706e-05,1.0,3.459615254541859e-05,1.0,2.294723344675731e-07,0.0,0.4278202950954437,1.0,4.2991664486180525e-06,0.1,8.91454674846005e-05
405,2.8407554054865614e-05,1.0,5.944393342360854e-05,1.0,2.290526168735596e-07,0.0,0.4680345952510834,1.0,4.359087142802309e-06,0.1,8.737325314985643e-05
406,3.172853757860139e-05,1.0,4.146483479416929e-05,1.0,2.2991706316588534e-07,0.0,0.4836411476135254,1.0,3.871930857712869e-06,0.1,8.561734835169163e-05
407,2.929155743913725e-05,1.0,3.6143599572824314e-05,1.0,2.2964357526689128e-07,0.0,0.460968554019928,1.0,3.5578777897171676e-06,0.1,8.387782241022091e-05
408,2.9199512937339023e-05,1.0,5.280003460939042e-05,1.0,2.2938556298868207e-07,0.0,0.3958760201931,1.0,2.9825705496477894e-06,0.1,8.215474399895026e-05
409,3.198578633600846e-05,1.0,0.00010109105642186478,1.0,2.2926030851522228e-07,0.0,0.35379743576049805,1.0,3.126074261672329e-06,0.1,8.044818114206456e-05
410,3.2004805689211935e-05,1.0,0.00010530500730965286,1.0,2.289883980211016e-07,0.0,0.34735602140426636,1.0,3.4611052797117736e-06,0.1,7.875820121174348e-05
411,3.021608426934108e-05,1.0,5.282160418573767e-05,1.0,2.2943450517232122e-07,0.0,0.4747282564640045,1.0,3.6814606119150994e-06,0.1,7.708487092550093e-05
412,2.9836575777153485e-05,1.0,9.480692096985877e-05,1.0,2.2985426539889886e-07,0.0,0.3363999128341675,1.0,5.441534540295834e-06,0.1,7.542825634355149e-05
413,3.0155295462463982e-05,1.0,2.8348493287921883e-05,1.0,2.2923698850263463e-07,0.0,0.43170589208602905,1.0,6.4862506405916065e-06,0.1,7.378842286620202e-05
414,3.301785545772873e-05,1.0,5.287484236760065e-05,1.0,2.296846304261635e-07,0.0,0.3906781077384949,1.0,6.260656846279744e-06,0.1,7.216543523127078e-05
415,3.750546966330148e-05,1.0,5.89879164181184e-05,1.0,2.2953308587148058e-07,0.0,0.33139675855636597,1.0,6.915718586242292e-06,0.1,7.055935751153021e-05
416,3.279794691479765e-05,1.0,8.012814942048863e-05,1.0,2.2895747520124132e-07,0.0,0.42362406849861145,1.0,6.731624125677627e-06,0.1,6.897025311217868e-05
417,3.275779090472497e-05,1.0,3.8570335163967684e-05,1.0,2.2951479650146211e-07,0.0,0.3721339702606201,1.0,6.445306098612491e-06,0.1,6.739818476833723e-05
418,3.0749037250643596e-05,1.0,4.939564678352326e-05,1.0,2.293109844231367e-07,0.0,0.43082156777381897,1.0,6.835229669377441e-06,0.1,6.584321454257193e-05
419,2.9640475986525416e-05,1.0,3.6888373870169744e-05,1.0,2.2962444745644461e-07,0.0,0.38021525740623474,1.0,5.160296495887451e-06,0.1,6.430540382244489e-05
420,2.975887036882341e-05,1.0,6.810615741414949e-05,1.0,2.2941128463571658e-07,0.0,0.33062684535980225,1.0,4.211263785691699e-06,0.1,6.278481331809015e-05
421,2.846235474862624e-05,1.0,3.831535650533624e-05,1.0,2.293153897880984e-07,0.0,0.33255016803741455,1.0,5.504852651938563e-06,0.1,6.128150305981723e-05
422,2.9920256565674208e-05,1.0,3.080745955230668e-05,1.0,2.2960915657677106e-07,0.0,0.3904356062412262,1.0,4.883393557975069e-06,0.1,5.979553239574079e-05
423,2.9754435672657564e-05,1.0,5.9464207879500464e-05,1.0,2.2991793002802297e-07,0.0,0.44644737243652344,1.0,3.5885300349036697e-06,0.1,5.832695998943866e-05
424,3.0004681320860982e-05,1.0,7.20768075552769e-05,1.0,2.296293075687572e-07,0.0,0.3767460584640503,1.0,3.8005355236236937e-06,0.1,5.6875843817634534e-05
425,3.102772097918205e-05,1.0,6.72835303703323e-05,1.0,2.297759778002728e-07,0.0,0.3808148205280304,1.0,3.05405592371244e-06,0.1,5.544224116791029e-05
426,3.088182711508125e-05,1.0,9.059521835297346e-05,1.0,2.2938561983210093e-07,0.0,0.36731794476509094,1.0,3.723664576682495e-06,0.1,5.402620863644375e-05
427,3.1150415452430025e-05,1.0,2.4134567865985446e-05,1.0,2.2962177581575816e-07,0.0,0.4077942967414856,1.0,2.920961833297042e-06,0.1,5.262780212577468e-05
428,3.0173918275977485e-05,1.0,7.887871470302343e-05,1.0,2.2859131831864943e-07,0.0,0.3974092900753021,1.0,3.7332865758799016e-06,0.1,5.1247076842597646e-05
429,2.928444155259058e-05,1.0,4.7020206693559885e-05,1.0,2.289598910465429e-07,0.0,0.4033260941505432,1.0,4.3215004552621394e-06,0.1,4.988408729558268e-05
430,2.8054882932337932e-05,1.0,3.6742992961080745e-05,1.0,2.2912630015525792e-07,0.0,0.4054069519042969,1.0,4.462120614334708e-06,0.1,4.853888729322333e-05
431,2.7693096853909083e-05,1.0,3.883790850522928e-05,1.0,2.296990402328447e-07,0.0,0.3188777267932892,1.0,4.921783329336904e-06,0.1,4.721152994171206e-05
432,2.839060834958218e-05,1.0,7.26569487596862e-05,1.0,2.2939386212783575e-07,0.0,0.4607461988925934,1.0,4.115922820346896e-06,0.1,4.590206764284467e-05
433,3.002357334480621e-05,1.0,4.056750549352728e-05,1.0,2.2887039108354656e-07,0.0,0.394572913646698,1.0,5.6335502449655905e-06,0.1,4.461055209195037e-05
434,2.9484686820069328e-05,1.0,6.172714347485453e-05,1.0,2.2923002518382418e-07,0.0,0.44448453187942505,1.0,6.402641247404972e-06,0.1,4.33370342758517e-05
435,2.8891108740936033e-05,1.0,1.718904240988195e-05,1.0,2.2958326439947996e-07,0.0,0.4356677234172821,1.0,5.64483570997254e-06,0.1,4.208156447085142e-05
436,2.8559245038195513e-05,1.0,2.593355384306051e-05,1.0,2.293841987466294e-07,0.0,0.4039986729621887,1.0,5.347249498299789e-06,0.1,4.0844192240747854e-05
437,2.8866263164673e-05,1.0,2.257481355627533e-05,1.0,2.2927711995635036e-07,0.0,0.37253105640411377,1.0,5.837248409079621e-06,0.1,3.962496643487761e-05
438,3.0009274269104935e-05,1.0,5.665905337082222e-05,1.0,2.2974131752562243e-07,0.0,0.35569095611572266,1.0,6.1010714489384554e-06,0.1,3.8423935186188154e-05
439,2.8584110623341985e-05,1.0,6.040796870365739e-05,1.0,2.29442051136175e-07,0.0,0.47627609968185425,1.0,5.184207111597061e-06,0.1,3.72411459093367e-05
440,2.9900105801061727e-05,1.0,4.4900367356603965e-05,1.0,2.2939686061818065e-07,0.0,0.2998083233833313,1.0,4.518762580119073e-06,0.1,3.60766452988184e-05
441,2.5750769054866396e-05,1.0,7.766119233565405e-05,1.0,2.297855843380603e-07,0.0,0.36856406927108765,1.0,4.306912160245702e-06,0.1,3.493047932712363e-05
442,2.797212619043421e-05,1.0,0.0001409094111295417,1.0,2.2886457884396805e-07,0.0,0.39703303575515747,1.0,3.727902821992757e-06,0.1,3.3802693242922295e-05
443,2.7116209821542725e-05,1.0,4.117450225749053e-05,1.0,2.291974112722528e-07,0.0,0.3832361102104187,1.0,3.4939539546030574e-06,0.1,3.2693331569277954e-05
444,2.8478234526119195e-05,1.0,3.934034612029791e-05,1.0,2.296455505756967e-07,0.0,0.30931538343429565,1.0,3.6770459246326936e-06,0.1,3.16024381018899e-05
445,3.024892066605389e-05,1.0,5.654215419781394e-05,1.0,2.287763720687508e-07,0.0,0.38666218519210815,1.0,4.132086814934155e-06,0.1,3.0530055907364446e-05
446,2.4892278815968893e-05,1.0,3.1704501452622935e-05,1.0,2.296090144682239e-07,0.0,0.3970997929573059,1.0,3.668766339615104e-06,0.1,2.9476227321514176e-05
447,2.9450380679918453e-05,1.0,9.910655535350088e-06,1.0,2.2964638901612489e-07,0.0,0.4989534616470337,1.0,4.431212801137008e-06,0.1,2.8440993947687555e-05
448,2.8664715500781313e-05,1.0,3.504411506582983e-05,1.0,2.290174592189942e-07,0.0,0.34172138571739197,1.0,3.250464033044409e-06,0.1,2.742439665512526e-05
449,2.726626189542003e-05,1.0,3.598131297621876e-05,1.0,2.2937757648833212e-07,0.0,0.40425267815589905,1.0,3.3928267839655746e-06,0.1,2.6426475577347794e-05
450,2.8130512873758562e-05,1.0,3.915188426617533e-05,1.0,2.2909765107215208e-07,0.0,0.41805991530418396,1.0,4.319115760154091e-06,0.1,2.5447270110570814e-05
451,2.7862875867867842e-05,1.0,5.655187487718649e-05,1.0,2.2854030135022185e-07,0.0,0.3578854501247406,1.0,4.312794771976769e-06,0.1,2.448681891214924e-05
452,2.8851651222794317e-05,1.0,5.163867535884492e-05,1.0,2.2899199336734455e-07,0.0,0.42146098613739014,1.0,4.044512934342492e-06,0.1,2.354515989905185e-05
453,2.7962516469415277e-05,1.0,8.269212412415072e-05,1.0,2.2901012641796115e-07,0.0,0.4697887897491455,1.0,4.199519025860354e-06,0.1,2.2622330246364145e-05
454,2.6002991944551468e-05,1.0,4.9404261517338455e-05,1.0,2.2899408236298768e-07,0.0,0.40681278705596924,1.0,4.399432327772956e-06,0.1,2.1718366385820772e-05
455,2.7740170480683446e-05,1.0,0.0001473330776207149,1.0,2.2937116739285557e-07,0.0,0.40854769945144653,1.0,5.051604603067972e-06,0.1,2.0833304004366943e-05
456,2.8426258722902276e-05,1.0,6.252578896237537e-05,1.0,2.298153276569792e-07,0.0,0.44624775648117065,1.0,5.0021917559206486e-06,0.1,1.9967178042750136e-05
457,3.075550921494141e-05,1.0,3.250653389841318e-05,1.0,2.2887965656082088e-07,0.0,0.3364769518375397,1.0,4.987986358173657e-06,0.1,1.9120022694140153e-05
458,2.9330198231036775e-05,1.0,4.0867063944460824e-05,1.0,2.2873024363434524e-07,0.0,0.34111639857292175,1.0,5.2468849389697425e-06,0.1,1.82918714027797e-05
459,2.988302912854124e-05,1.0,3.917174399248324e-05,1.0,2.2989942749518377e-07,0.0,0.36033397912979126,1.0,4.793424523086287e-06,0.1,1.748275686266372e-05
460,3.03567558148643e-05,1.0,5.1022525440203026e-05,1.0,2.2931070020604238e-07,0.0,0.42883843183517456,1.0,5.779319053544896e-06,0.1,1.669271101624878e-05
461,2.824745388352312e-05,1.0,5.674327985616401e-05,1.0,2.2943133615171973e-07,0.0,0.3946353495121002,1.0,5.091864295536652e-06,0.1,1.5921765053192156e-05
462,3.159357947879471e-05,1.0,3.1769199267728254e-05,1.0,2.2922091602595174e-07,0.0,0.36692842841148376,1.0,5.999081622576341e-06,0.1,1.5169949409120352e-05
463,3.157760147587396e-05,1.0,7.119004294509068e-05,1.0,2.2971573798713507e-07,0.0,0.4146246910095215,1.0,5.201848580327351e-06,0.1,1.4437293764427806e-05
464,2.857356594176963e-05,1.0,3.927287252736278e-05,1.0,2.2872475824442517e-07,0.0,0.34541556239128113,1.0,6.328687049972359e-06,0.1,1.3723827043104673e-05
465,2.9063157853670418e-05,1.0,4.8777161282487214e-05,1.0,2.2965187440604495e-07,0.0,0.3307662606239319,1.0,4.986227395420428e-06,0.1,1.3029577411595713e-05
466,2.687441883608699e-05,1.0,9.687678539194167e-05,1.0,2.2943734734326426e-07,0.0,0.37965476512908936,1.0,4.659277692553587e-06,0.1,1.2354572277687358e-05
467,2.863152803911362e-05,1.0,5.89007067901548e-05,1.0,2.2940666610793414e-07,0.0,0.3791648745536804,1.0,4.7169614845188335e-06,0.1,1.1698838289426704e-05
468,2.8533771910588257e-05,1.0,7.450001430697739e-05,1.0,2.297205412560288e-07,0.0,0.399295836687088,1.0,4.829712906939676e-06,0.1,1.1062401334068695e-05
469,2.5084338631131686e-05,1.0,3.581967393984087e-05,1.0,2.2989604531176155e-07,0.0,0.3340381681919098,1.0,4.2356541598564945e-06,0.1,1.044528653705468e-05
470,2.3576132662128657e-05,1.0,0.00012120055180275813,1.0,2.2966503365751123e-07,0.0,0.36738520860671997,1.0,4.5734986997558735e-06,0.1,9.847518261019985e-06
471,2.9201997676864266e-05,1.0,4.079317659488879e-05,1.0,2.2920085029909387e-07,0.0,0.36903417110443115,1.0,4.638175141735701e-06,0.1,9.269120104832804e-06
472,2.934866279247217e-05,1.0,3.790640039369464e-05,1.0,2.2984545466897544e-07,0.0,0.4037315845489502,1.0,4.3419795474619605e-06,0.1,8.710114902661938e-06
473,3.0292576411738992e-05,1.0,6.313481571851298e-05,1.0,2.2891420314863353e-07,0.0,0.35222169756889343,1.0,3.7484967378986767e-06,0.1,8.170524723075476e-06
474,2.9862610972486436e-05,1.0,3.59607111022342e-05,1.0,2.289522171849967e-07,0.0,0.3266144096851349,1.0,5.265863364911638e-06,0.1,7.650370868169916e-06
475,2.7968722861260176e-05,1.0,6.313550693448633e-05,1.0,2.290507552515919e-07,0.0,0.34262964129447937,1.0,4.104976142116357e-06,0.1,7.149673872728739e-06
476,2.9016104235779494e-05,1.0,7.136987551348284e-05,1.0,2.2892618289915845e-07,0.0,0.33752772212028503,1.0,4.017916580778547e-06,0.1,6.668453503411982e-06
477,3.0381175747606903e-05,1.0,3.6135767004452646e-05,1.0,2.2958323597777053e-07,0.0,0.41160187125205994,1.0,4.130223715037573e-06,0.1,6.206728757975859e-06
478,2.7765356207964942e-05,1.0,6.253572064451873e-05,1.0,2.2888092132689053e-07,0.0,0.4035290479660034,1.0,4.244501269567991e-06,0.1,5.764517864522732e-06
479,2.9029321012785658e-05,1.0,0.00010798535367939621,1.0,2.289957876655535e-07,0.0,0.41853365302085876,1.0,3.871492481266614e-06,0.1,5.341838280781458e-06
480,2.7387099180486985e-05,1.0,8.188714855350554e-05,1.0,2.2931496346245694e-07,0.0,0.43899938464164734,1.0,3.488461743472726e-06,0.1,4.938706693418357e-06
481,2.7510766813065857e-05,1.0,9.777949162526056e-05,1.0,2.295356296144746e-07,0.0,0.4511043131351471,1.0,3.898459908668883e-06,0.1,4.555139017378113e-06
482,2.6671956220525317e-05,1.0,5.9777456044685096e-05,1.0,2.2990317916082859e-07,0.0,0.37738341093063354,1.0,3.732875939022051e-06,0.1,4.191150395255807e-06
483,2.795935870381072e-05,1.0,3.460452353465371e-05,1.0,2.2987998704593338e-07,0.0,0.4009326994419098,1.0,3.896187081409153e-06,0.1,3.8467551966990375e-06
484,2.995689465024043e-05,1.0,2.817769200191833e-05,1.0,2.2977276614710718e-07,0.0,0.3672882914543152,1.0,4.029299816465937e-06,0.1,3.5219670178405637e-06
485,2.845124436134938e-05,1.0,8.053205965552479e-05,1.0,2.297669965400928e-07,0.0,0.4149053394794464,1.0,3.805433152592741e-06,0.1,3.2167986807615416e-06
486,2.4682138246134855e-05,1.0,5.814682663185522e-05,1.0,2.2920785625046847e-07,0.0,0.41462206840515137,1.0,4.457672275748337e-06,0.1,2.9312622329853344e-06
487,2.7112737370771356e-05,1.0,3.9563772588735446e-05,1.0,2.2915386921340541e-07,0.0,0.3589801788330078,1.0,3.4808767850336153e-06,0.1,2.6653689470020808e-06
488,2.9183098376961425e-05,1.0,1.4295728760771453e-05,1.0,2.2954662881602417e-07,0.0,0.37896913290023804,1.0,4.63673313788604e-06,0.1,2.41912931982334e-06
489,2.8790547730750404e-05,1.0,2.7079380743089132e-05,1.0,2.2950638367547072e-07,0.0,0.3836666941642761,1.0,4.366165740066208e-06,0.1,2.1925530725679995e-06
490,2.7105204935651273e-05,1.0,2.4087907149805687e-05,1.0,2.288205109834962e-07,0.0,0.32438263297080994,1.0,4.09962740377523e-06,0.1,1.9856491500783564e-06
491,2.9282793548190966e-05,1.0,5.361925286706537e-05,1.0,2.2945826572140504e-07,0.0,0.48312926292419434,1.0,4.6218351599236485e-06,0.1,1.7984257205669765e-06
492,3.0290049835457467e-05,1.0,2.424447302473709e-05,1.0,2.2903128638063208e-07,0.0,0.3314005434513092,1.0,3.9817527976993006e-06,0.1,1.6308901752942749e-06
493,2.9914155675214715e-05,1.0,2.529064477130305e-05,1.0,2.2905553009877622e-07,0.0,0.4540655016899109,1.0,4.868949872616213e-06,0.1,1.483049128276709e-06
494,2.7760346711147577e-05,1.0,3.666623524622992e-05,1.0,2.2977854996497626e-07,0.0,0.36460554599761963,1.0,4.080238340975484e-06,0.1,1.3549084160256922e-06
495,2.8522375941975042e-05,1.0,3.341529009048827e-05,1.0,2.293414667065008e-07,0.0,0.4035629332065582,1.0,4.012224508187501e-06,0.1,1.2464730973170658e-06
496,3.0028772016521543e-05,1.0,5.978001718176529e-05,1.0,2.294676733072265e-07,0.0,0.3491833806037903,1.0,4.293386155040935e-06,0.1,1.15774745299168e-06
497,2.8763508453266695e-05,1.0,6.107318768044934e-05,1.0,2.2888428929945803e-07,0.0,0.3666553795337677,1.0,3.4549489100754727e-06,0.1,1.0887349857859219e-06
498,2.9594551961054094e-05,1.0,5.6622258853167295e-05,1.0,2.2946338162910251e-07,0.0,0.47192108631134033,1.0,4.364502274256665e-06,0.1,1.0394384201938522e-06
499,2.831715391948819e-05,1.0,5.395264452090487e-05,1.0,2.2966514734434895e-07,0.0,0.3293899893760681,1.0,4.4877169784740545e-06,0.1,1.0098597023595108e-06
500,2.8802771339542232e-05,1.0,4.267311669536866e-05,1.0,2.2913323505235894e-07,0.0,0.37611013650894165,1.0,3.7335296383389505e-06,0.1,0.001
501,2.577355735411402e-05,1.0,2.847824725904502e-05,1.0,2.3021843276183063e-07,0.0,0.34722837805747986,1.0,4.06584695156198e-06,0.1,0.0009999975350683283
502,2.6980515031027608e-05,1.0,4.605463982443325e-05,1.0,2.2927665099814476e-07,0.0,0.32271504402160645,1.0,4.833084858546499e-06,0.1,0.0009999901402976406
503,3.093339910265058e-05,1.0,6.321854016277939e-05,1.0,2.2956135126150912e-07,0.0,0.4935976564884186,1.0,6.812033007008722e-06,0.1,0.0009999778157609204
504,3.8110338209662586e-05,1.0,4.0681392420083284e-05,1.0,2.2965889456827426e-07,0.0,0.4020910859107971,1.0,3.1574406875733985e-06,0.1,0.0009999605615798061
505,2.7324475013301708e-05,1.0,3.8739417504984885e-05,1.0,2.2946491640141176e-07,0.0,0.32319730520248413,1.0,3.3883534342749044e-06,0.1,0.0009999383779245895
506,3.13272830680944e-05,1.0,8.620972221251577e-05,1.0,2.298133523481738e-07,0.0,0.3350301682949066,1.0,5.954665539320558e-06,0.1,0.0009999112650142142
507,3.2088115403894335e-05,1.0,6.649377610301599e-05,1.0,2.2910472807780025e-07,0.0,0.28389889001846313,1.0,2.3451029846910387e-06,0.1,0.0009998792231162737
508,3.4518801840022206e-05,1.0,0.0001198572208522819,1.0,2.29513105409751e-07,0.0,0.3384876251220703,1.0,2.1912971988058416e-06,0.1,0.0009998422525470084
509,6.83067919453606e-05,1.0,0.0001515680633019656,1.0,2.2907958907580905e-07,0.0,0.3005591332912445,1.0,1.4670053133158945e-05,0.1,0.000999800353671303
510,2.7725052859750576e-05,1.0,9.470002260059118e-05,1.0,2.295404897267872e-07,0.0,0.3311039209365845,1.0,3.973012098867912e-06,0.1,0.0009997535269026829
511,3.842307341983542e-05,1.0,0.00015687923587393016,1.0,2.293612766379738e-07,0.0,0.3338305950164795,1.0,1.9172325664840173e-06,0.1,0.000999701772703309
512,5.79721963731572e-05,1.0,0.000114374328404665,1.0,2.2915192232630943e-07,0.0,0.4095478951931,1.0,1.191098454000894e-05,0.1,0.0009996450915839743
513,2.6436955522513017e-05,1.0,3.7425197660923004e-05,1.0,2.2867540394599928e-07,0.0,0.34552884101867676,1.0,4.011819783045212e-06,0.1,0.0009995834841040987
514,6.138570461189374e-05,1.0,0.00019297910330351442,1.0,2.2976479385761195e-07,0.0,0.29519182443618774,1.0,1.4234208265406778e-06,0.1,0.0009995169508717234
515,4.727003033622168e-05,1.0,0.000139024734380655,1.0,2.292210581344989e-07,0.0,0.32382312417030334,1.0,9.259901162295137e-06,0.1,0.000999445492543504
516,3.339342219987884e-05,1.0,2.8546615794766694e-05,1.0,2.2899284601862746e-07,0.0,0.34953081607818604,1.0,6.515428594866535e-06,0.1,0.0009993691098247057
517,2.5422912585781887e-05,1.0,1.415906172042014e-05,1.0,2.296199426154999e-07,0.0,0.30834347009658813,1.0,2.792579380184179e-06,0.1,0.000999287803469195
518,4.298425483284518e-05,1.0,7.514457684010267e-05,1.0,2.2951920186642383e-07,0.0,0.3420742154121399,1.0,2.189060751334182e-06,0.1,0.0009992015742794332
519,2.842619869625196e-05,1.0,8.664412598591298e-05,1.0,2.2962132106840727e-07,0.0,0.38343825936317444,1.0,5.450489879876841e-06,0.1,0.0009991104231064668
520,2.8018181183142588e-05,1.0,3.819214543909766e-05,1.0,2.2979975256021135e-07,0.0,0.3324737250804901,1.0,2.4402886538155144e-06,0.1,0.0009990143508499217
521,3.826413012575358e-05,1.0,0.00016913436411414295,1.0,2.2943153510368575e-07,0.0,0.2842300832271576,1.0,1.5545265341643244e-06,0.1,0.0009989133584579922
522,6.907639181008562e-05,1.0,0.00020825643150601536,1.0,2.2926364806608035e-07,0.0,0.3347446918487549,1.0,1.4855553672532551e-05,0.1,0.000998807446927432
523,2.4198820028686896e-05,1.0,4.31563712481875e-05,1.0,2.301854067354725e-07,0.0,0.3395879864692688,1.0,4.186816113360692e-06,0.1,0.0009986966173035456
524,6.494201807072386e-05,1.0,0.0001958906650543213,1.0,2.295543310992798e-07,0.0,0.3811173439025879,1.0,2.40467215917306e-06,0.1,0.0009985808706801766
525,3.951073813368566e-05,1.0,9.918266005115584e-05,1.0,2.2961782519814733e-07,0.0,0.3178778886795044,1.0,9.364051948068663e-06,0.1,0.0009984602081996976
526,5.416269050328992e-05,1.0,7.715587707934901e-05,1.0,2.293248257956293e-07,0.0,0.3526333272457123,1.0,1.2041580703225918e-05,0.1,0.0009983346310529979
527,4.2885840230155736e-05,1.0,7.740546425338835e-05,1.0,2.2940236021895544e-07,0.0,0.30437326431274414,1.0,2.3119646357372403e-06,0.1,0.000998204140479474
528,5.784863606095314e-05,1.0,0.00010824674245668575,1.0,2.3005318894320226e-07,0.0,0.27367520332336426,1.0,1.8328100850339979e-06,0.1,0.0009980687377670148
529,5.0203849241370335e-05,1.0,6.562609632965177e-05,1.0,2.2897526719134476e-07,0.0,0.4022318720817566,1.0,1.1874493793584406e-05,0.1,0.0009979284242519902
530,4.8422378313262016e-05,1.0,0.00010324738832423463,1.0,2.2967810764384922e-07,0.0,0.35537558794021606,1.0,1.0983576430589892e-05,0.1,0.0009977832013192385
531,5.1215829444117844e-05,1.0,5.240260361460969e-05,1.0,2.2925738107915095e-07,0.0,0.36544668674468994,1.0,1.5615182746842038e-06,0.1,0.000997633070402051
532,5.6403638154733926e-05,1.0,0.00021294814359862357,1.0,2.28903701326999e-07,0.0,0.35238412022590637,1.0,1.7200945876538754e-06,0.1,0.0009974780329821595
533,9.011427755467594e-05,1.0,0.00017100312106776983,1.0,2.295512331329519e-07,0.0,0.28936588764190674,1.0,1.9122768208035268e-05,0.1,0.0009973180905897205
534,6.709786248393357e-05,1.0,0.00010033873695647344,1.0,2.297578305388015e-07,0.0,0.30225861072540283,1.0,1.3347431377042085e-05,0.1,0.000997153244803301
535,6.777872476959601e-05,1.0,0.00011264062050031498,1.0,2.285745637209402e-07,0.0,0.2475002408027649,1.0,2.2921863092051353e-06,0.1,0.0009969834972498623
536,7.994800398591906e-05,1.0,0.00011744152288883924,1.0,2.2909406993676384e-07,0.0,0.30248406529426575,1.0,1.0782910067064222e-06,0.1,0.0009968088496047443
537,3.698205546243116e-05,1.0,8.776197500992566e-05,1.0,2.2928264797883458e-07,0.0,0.3381330072879791,1.0,1.0023528375313617e-05,0.1,0.0009966293035916485
538,4.184732824796811e-05,1.0,8.813256135908887e-05,1.0,2.2965039647715457e-07,0.0,0.2912559509277344,1.0,9.612772373657208e-06,0.1,0.000996444860982622
539,3.4473156119929627e-05,1.0,3.94562775909435e-05,1.0,2.2928028897695185e-07,0.0,0.3187122642993927,1.0,1.8186203760706121e-06,0.1,0.0009962555235980386
540,4.204500146443024e-05,1.0,9.885231702355668e-05,1.0,2.2970667146182677e-07,0.0,0.2947450280189514,1.0,1.5445812096004374e-06,0.1,0.0009960612933065818
541,3.0311621230794117e-05,1.0,6.261879025259987e-05,1.0,2.2909529207026935e-07,0.0,0.245045006275177,1.0,6.182973265822511e-06,0.1,0.0009958621720252262
542,4.823753624805249e-05,1.0,8.333720325026661e-05,1.0,2.295130911988963e-07,0.0,0.30874523520469666,1.0,9.607714673620649e-06,0.1,0.0009956581617192185
543,2.2620795789407566e-05,1.0,3.6005887523060665e-05,1.0,2.3001300064606767e-07,0.0,0.218299001455307,1.0,2.828600372595247e-06,0.1,0.0009954492644020582
544,7.783295586705208e-05,1.0,0.00010068101255455986,1.0,2.294553382853337e-07,0.0,0.23035289347171783,1.0,3.9566631926390983e-07,0.1,0.0009952354821354773
545,2.693333590286784e-05,1.0,2.4894319722079672e-05,1.0,2.2851480707686278e-07,0.0,0.27484992146492004,1.0,1.501664200986852e-06,0.1,0.0009950168170294205
546,5.6118966313079e-05,1.0,0.0001060320355463773,1.0,2.2977077662744705e-07,0.0,0.2565169930458069,1.0,1.0896106687141582e-05,0.1,0.0009947932712420242
547,3.429692151257768e-05,1.0,7.859507604734972e-05,1.0,2.2914912278793054e-07,0.0,0.19491559267044067,1.0,6.592927093151957e-06,0.1,0.0009945648469795948
548,4.733962123282254e-05,1.0,6.746825238224119e-05,1.0,2.3006140281722764e-07,0.0,0.2806939482688904,1.0,6.735452870998415e-07,0.1,0.000994331546496588
549,4.301519220462069e-05,1.0,9.684773249318823e-05,1.0,2.2858719717078202e-07,0.0,0.23436591029167175,1.0,9.112619636653108e-07,0.1,0.0009940933720955852
550,4.828906094189733e-05,1.0,8.095765952020884e-05,1.0,2.2944976763028535e-07,0.0,0.22090549767017365,1.0,8.977823199529666e-06,0.1,0.0009938503261272714
551,5.465594949782826e-05,1.0,0.00010840166942216456,1.0,2.291386067554413e-07,0.0,0.25018930435180664,1.0,9.570736438035965e-06,0.1,0.0009936024109904122
552,5.06932228745427e-05,1.0,0.00010305418254574761,1.0,2.3013720351627853e-07,0.0,0.18696005642414093,1.0,3.9804962170819636e-07,0.1,0.00099334962913183
553,4.6619930799352005e-05,1.0,0.0001181295228889212,1.0,2.2951527967052243e-07,0.0,0.2478320300579071,1.0,7.045660481708182e-07,0.1,0.00099309198304638
554,5.754649100708775e-05,1.0,0.0001677956897765398,1.0,2.296035859217227e-07,0.0,0.23527094721794128,1.0,1.1081383490818553e-05,0.1,0.0009928294752769246
555,3.093246050411835e-05,1.0,3.576419112505391e-05,1.0,2.2941996746794757e-07,0.0,0.24641403555870056,1.0,6.176817805680912e-06,0.1,0.0009925621084143096
556,2.5435878342250362e-05,1.0,3.078721056226641e-05,1.0,2.2993583570496412e-07,0.0,0.20675325393676758,1.0,1.1167842330905842e-06,0.1,0.0009922898850973382
557,2.843922993633896e-05,1.0,0.00013291175127960742,1.0,2.2930419163458282e-07,0.0,0.22399170696735382,1.0,8.317850870298571e-07,0.1,0.0009920128080127444
558,3.733979247044772e-05,1.0,6.23879604972899e-05,1.0,2.283285311932559e-07,0.0,0.29203400015830994,1.0,7.835342330508865e-06,0.1,0.0009917308798951673
559,3.943559204344638e-05,1.0,3.766785084735602e-05,1.0,2.2987333636592666e-07,0.0,0.22735604643821716,1.0,8.166236511897296e-06,0.1,0.0009914441035271235
560,2.0721632608911023e-05,1.0,3.17636840918567e-05,1.0,2.2965062385083002e-07,0.0,0.26360398530960083,1.0,1.5263407249221927e-06,0.1,0.00099115248173898
561,3.062475298065692e-05,1.0,5.3819541790289804e-05,1.0,2.2944068689412234e-07,0.0,0.24057358503341675,1.0,1.056370365404291e-06,0.1,0.0009908560174089263
562,1.9454739231150597e-05,1.0,6.825233140261844e-05,1.0,2.2950932532239676e-07,0.0,0.2215377539396286,1.0,3.1873910302238073e-06,0.1,0.0009905547134629452
563,2.6710589736467227e-05,1.0,6.395142554538324e-05,1.0,2.2940869826015842e-07,0.0,0.21066641807556152,1.0,5.794360731670167e-06,0.1,0.0009902485728747858
564,1.8992630430147983e-05,1.0,7.272538641700521e-05,1.0,2.29371096338582e-07,0.0,0.24670863151550293,1.0,2.546922132751206e-06,0.1,0.0009899375986659313
565,1.9576686099753715e-05,1.0,3.052763713640161e-05,1.0,2.293726879543101e-07,0.0,0.2833254635334015,1.0,2.9594402803923003e-06,0.1,0.000989621793905572
566,2.2327294573187828e-05,1.0,3.225352702429518e-05,1.0,2.2907718744136218e-07,0.0,0.22714433073997498,1.0,4.684315172198694e-06,0.1,0.0009893011617105733
567,1.8026445104624145e-05,1.0,5.027625957154669e-05,1.0,2.2873427951708436e-07,0.0,0.2434554249048233,1.0,2.4691216822247952e-06,0.1,0.0009889757052454456
568,3.003925667144358e-05,1.0,7.46425794204697e-05,1.0,2.292742635745526e-07,0.0,0.25624072551727295,1.0,6.990496217440523e-07,0.1,0.0009886454277223127
569,2.0025192497996613e-05,1.0,1.5118539522518404e-05,1.0,2.2873445004734094e-07,0.0,0.17757530510425568,1.0,3.2887933230085764e-06,0.1,0.0009883103324008803
570,4.7637877287343144e-05,1.0,0.00014816697512287647,1.0,2.2917970454727765e-07,0.0,0.20415212213993073,1.0,1.0307867341907695e-05,0.1,0.0009879704225884043
571,2.841405148501508e-05,1.0,8.083198190433905e-05,1.0,2.2923568110400083e-07,0.0,0.20991604030132294,1.0,8.327003797603538e-07,0.1,0.0009876257016396572
572,6.22821826254949e-05,1.0,0.0001732045056996867,1.0,2.2954091605242866e-07,0.0,0.2172268182039261,1.0,2.323856449493178e-07,0.1,0.0009872761729568954
573,3.9444788853870705e-05,1.0,0.00014333511353470385,1.0,2.296375214427826e-07,0.0,0.23503965139389038,1.0,7.392344286927255e-06,0.1,0.000986921839989826
574,4.986826752428897e-05,1.0,5.947947283857502e-05,1.0,2.297109062965319e-07,0.0,0.17645025253295898,1.0,8.610225449956488e-06,0.1,0.0009865627062355723
575,2.094139199471101e-05,1.0,3.668539284262806e-05,1.0,2.2915622821528814e-07,0.0,0.21646973490715027,1.0,8.690009849487978e-07,0.1,0.0009861987752386395
576,3.8790116377640516e-05,1.0,8.90181036083959e-05,1.0,2.2936248456062458e-07,0.0,0.19576643407344818,1.0,5.556728410738287e-07,0.1,0.0009858300505908796
577,2.16503904084675e-05,1.0,2.7669568225974217e-05,1.0,2.2996331949798332e-07,0.0,0.24374234676361084,1.0,3.967387783632148e-06,0.1,0.0009854565359314561
578,4.4348220399115235e-05,1.0,8.701175102032721e-05,1.0,2.2895528672961518e-07,0.0,0.2332504689693451,1.0,7.750993063382339e-06,0.1,0.0009850782349468078
579,1.8627624740474857e-05,1.0,4.080626604263671e-05,1.0,2.299227332969167e-07,0.0,0.23959943652153015,1.0,1.1788090432673926e-06,0.1,0.0009846951513706127
580,3.879114956362173e-05,1.0,0.00015763423289172351,1.0,2.2978613856139418e-07,0.0,0.24000932276248932,1.0,3.7864305113544106e-07,0.1,0.0009843072889837512
581,3.393282531760633e-05,1.0,7.492548320442438e-05,1.0,2.2940977828511677e-07,0.0,0.2229004055261612,1.0,6.184227004268905e-06,0.1,0.0009839146516142684
582,4.0298666135640815e-05,1.0,7.209818431874737e-05,1.0,2.3005553373423027e-07,0.0,0.23574554920196533,1.0,7.945953257149085e-06,0.1,0.0009835172431373364
583,2.4671171559020877e-05,1.0,2.788067467918154e-05,1.0,2.2925058829059708e-07,0.0,0.20829400420188904,1.0,8.909175903681898e-07,0.1,0.0009831150674752165
584,6.566019146703184e-05,1.0,0.0001220611811731942,1.0,2.2947540401219158e-07,0.0,0.20407681167125702,1.0,3.966179917824775e-07,0.1,0.0009827081285972202
585,1.935923137352802e-05,1.0,4.359221566119231e-05,1.0,2.2970488089413266e-07,0.0,0.21653632819652557,1.0,3.1433805816050153e-06,0.1,0.0009822964305196702
586,4.6329521865118295e-05,1.0,0.00012791955668944865,1.0,2.2996076154413458e-07,0.0,0.19098466634750366,1.0,8.253617124864832e-06,0.1,0.00098187997730586
587,2.0546618543448858e-05,1.0,3.854627357213758e-05,1.0,2.2905379637450096e-07,0.0,0.20995554327964783,1.0,9.445834052712598e-07,0.1,0.0009814587730660146
588,3.607841063058004e-05,1.0,4.731352601083927e-05,1.0,2.292557468308587e-07,0.0,0.2646026015281677,1.0,5.712159349968715e-07,0.1,0.0009810328219572498
589,1.855938353401143e-05,1.0,5.810924994875677e-05,1.0,2.2968686153035378e-07,0.0,0.22089660167694092,1.0,3.7171857911744155e-06,0.1,0.0009806021281835316
590,3.959637979278341e-05,1.0,8.883974078344181e-05,1.0,2.297894212688334e-07,0.0,0.1871030181646347,1.0,7.385604021692416e-06,0.1,0.000980166695995633
591,1.8950777302961797e-05,1.0,3.2224652386503294e-05,1.0,2.2970149871071044e-07,0.0,0.21098801493644714,1.0,1.1703419886543998e-06,0.1,0.0009797265296910944
592,9.875850810203701e-05,1.0,0.0002523122529964894,1.0,2.2971815383243666e-07,0.0,0.2033228725194931,1.0,2.2565131985174958e-07,0.1,0.0009792816336141792
593,1.8196500604972243e-05,1.0,2.124805723724421e-05,1.0,2.2943636679428892e-07,0.0,0.23066720366477966,1.0,3.254313469369663e-06,0.1,0.0009788320121558323
594,9.385915473103523e-05,1.0,0.0001819682220229879,1.0,2.2888858097758202e-07,0.0,0.2139892578125,1.0,1.7341255443170667e-05,0.1,0.000978377669753636
595,1.468815935368184e-05,1.0,4.319465733715333e-05,1.0,2.2900601948094845e-07,0.0,0.20915549993515015,1.0,1.8607577203511028e-06,0.1,0.000977918610891766
596,5.3287832997739315e-05,1.0,6.423125887522474e-05,1.0,2.3011565986053029e-07,0.0,0.2505202293395996,1.0,3.2136716754394e-07,0.1,0.0009774548401009482
597,2.022740045504179e-05,1.0,2.084819607262034e-05,1.0,2.2980384528636932e-07,0.0,0.20535394549369812,1.0,9.401749707649287e-07,0.1,0.0009769863619584131
598,2.4220606064773165e-05,1.0,3.970500620198436e-05,1.0,2.289527856191853e-07,0.0,0.24041324853897095,1.0,5.151592631591484e-06,0.1,0.000976513181087851
599,2.1600073523586616e-05,1.0,5.167650306248106e-05,1.0,2.2971704538576887e-07,0.0,0.23605401813983917,1.0,4.179060397291323e-06,0.1,0.0009760353021593656
600,2.7518839488038793e-05,1.0,2.0933652194798924e-05,1.0,2.2934339938274206e-07,0.0,0.21438047289848328,1.0,9.176555977319367e-07,0.1,0.0009755527298894294
601,3.587317041819915e-05,1.0,0.00010315264808014035,1.0,2.2909780739155394e-07,0.0,0.1875206083059311,1.0,7.730184847787314e-07,0.1,0.0009750654690408356
602,2.417357245576568e-05,1.0,2.3294322090805508e-05,1.0,2.2963887147398054e-07,0.0,0.17401506006717682,1.0,5.001370027457597e-06,0.1,0.0009745735244226523
603,4.310892472858541e-05,1.0,0.00011829800496343523,1.0,2.286343772084365e-07,0.0,0.23812291026115417,1.0,9.148556273430586e-06,0.1,0.000974076900890174
604,2.0013403627672233e-05,1.0,4.8321569920517504e-05,1.0,2.2866352367145737e-07,0.0,0.20559318363666534,1.0,1.0841463335964363e-06,0.1,0.0009735756033448748
605,3.6037010431755334e-05,1.0,6.103168198023923e-05,1.0,2.294389673807018e-07,0.0,0.19048988819122314,1.0,5.111131713420036e-07,0.1,0.000973069636734359
606,1.3917771866545081e-05,1.0,1.5862298823776655e-05,1.0,2.284117215367587e-07,0.0,0.18511728942394257,1.0,2.6378031634521903e-06,0.1,0.0009725590060523126
607,4.9367896281182766e-05,1.0,4.640059341909364e-05,1.0,2.2926876397377782e-07,0.0,0.18876783549785614,1.0,1.0756578376458492e-05,0.1,0.0009720437163384545
608,1.9540129869710654e-05,1.0,2.5680965336505324e-05,1.0,2.2948026412450417e-07,0.0,0.17539800703525543,1.0,4.057783371536061e-06,0.1,0.0009715237726784859
609,3.5459655919112265e-05,1.0,5.236605284153484e-05,1.0,2.2934759158488305e-07,0.0,0.1420477330684662,1.0,6.606964007005445e-07,0.1,0.000970999180204041
610,3.192395524820313e-05,1.0,5.957369285169989e-05,1.0,2.2938954202800232e-07,0.0,0.18503031134605408,1.0,6.059100314814714e-07,0.1,0.0009704699440926358
611,2.4039327399805188e-05,1.0,5.423393668024801e-05,1.0,2.2948002253997402e-07,0.0,0.18404491245746613,1.0,4.877056653640466e-06,0.1,0.0009699360695676168
612,2.710863554966636e-05,1.0,4.4645345042226836e-05,1.0,2.2935168431104103e-07,0.0,0.1788143366575241,1.0,5.419441549747717e-06,0.1,0.0009693975618981103
613,2.0458977814996615e-05,1.0,5.1298087782924995e-05,1.0,2.2979236291575944e-07,0.0,0.1797282099723816,1.0,7.668365924473619e-07,0.1,0.0009688544263989693
614,1.3471768397721462e-05,1.0,2.4915985704865307e-05,1.0,2.2900408680470719e-07,0.0,0.15719079971313477,1.0,1.2364006352072465e-06,0.1,0.0009683066684307223
615,2.633503572724294e-05,1.0,4.2994368413928896e-05,1.0,2.2857966541778296e-07,0.0,0.16068559885025024,1.0,5.423068614618387e-06,0.1,0.0009677542933995189
616,1.9732322471099906e-05,1.0,1.4150072274787817e-05,1.0,2.296507091159583e-07,0.0,0.15265008807182312,1.0,3.5303387448948342e-06,0.1,0.0009671973067570779
617,1.2428959962562658e-05,1.0,1.4142062354949303e-05,1.0,2.2959795842325548e-07,0.0,0.2013554871082306,1.0,1.8271925910084974e-06,0.1,0.0009666357140006325
618,1.5350349713116884e-05,1.0,2.7661104468279518e-05,1.0,2.2959338252803718e-07,0.0,0.1893579661846161,1.0,1.163286697192234e-06,0.1,0.0009660695206728764
619,1.4001847375766374e-05,1.0,1.6102270819828846e-05,1.0,2.299372283687262e-07,0.0,0.23272910714149475,1.0,1.6046026303229155e-06,0.1,0.0009654987323619095
620,1.252629044756759e-05,1.0,5.576709554588888e-06,1.0,2.2937462063055136e-07,0.0,0.16539236903190613,1.0,2.335814997422858e-06,0.1,0.0009649233547011816
621,1.3982809832668863e-05,1.0,2.3408787455991842e-05,1.0,2.2925615894564544e-07,0.0,0.16478796303272247,1.0,1.7322794292340404e-06,0.1,0.0009643433933694383
622,1.7170859791804105e-05,1.0,0.00010658735845936462,1.0,2.295898582360678e-07,0.0,0.15593387186527252,1.0,2.4908449631766416e-06,0.1,0.0009637588540906634
623,2.785856486298144e-05,1.0,7.450919656548649e-05,1.0,2.3007203253655462e-07,0.0,0.17522431910037994,1.0,5.359473789212643e-07,0.1,0.0009631697426340239
624,1.696088475000579e-05,1.0,6.123720231698826e-05,1.0,2.2936572463549965e-07,0.0,0.2144915610551834,1.0,9.327271754955291e-07,0.1,0.0009625760648138119
625,2.3069424059940502e-05,1.0,4.333751348895021e-05,1.0,2.291532013032338e-07,0.0,0.16182319819927216,1.0,3.7914180666120956e-06,0.1,0.0009619778264893878
626,2.2873084162711166e-05,1.0,8.040742977755144e-05,1.0,2.2911194719199557e-07,0.0,0.15330755710601807,1.0,4.573319984046975e-06,0.1,0.0009613750335651225
627,2.123955164279323e-05,1.0,3.1458173907594755e-05,1.0,2.2923487108528207e-07,0.0,0.16951681673526764,1.0,7.210782655420189e-07,0.1,0.0009607676919903386
628,2.401991150691174e-05,1.0,6.138965545687824e-05,1.0,2.292710803430964e-07,0.0,0.15027178823947906,1.0,3.428412185257912e-07,0.1,0.0009601558077592524
629,1.614506618352607e-05,1.0,1.4939759239496198e-05,1.0,2.297039003451573e-07,0.0,0.1589709222316742,1.0,3.052433385164477e-06,0.1,0.000959539386910914
630,3.686612762976438e-05,1.0,9.519141894998029e-05,1.0,2.2923472897673491e-07,0.0,0.1648884266614914,1.0,6.687603672617115e-06,0.1,0.0009589184355291487
631,1.4971079508541152e-05,1.0,2.229009805887472e-05,1.0,2.2958924716931506e-07,0.0,0.14674361050128937,1.0,6.586045628864667e-07,0.1,0.0009582929597424956
632,2.78393072221661e-05,1.0,5.0277365517104045e-05,1.0,2.2879203243064694e-07,0.0,0.16698312759399414,1.0,3.3357309803250246e-07,0.1,0.0009576629657241484
633,1.3014101568842307e-05,1.0,4.1414117731619626e-05,1.0,2.294885206310937e-07,0.0,0.16598333418369293,1.0,1.9117258034384577e-06,0.1,0.0009570284596918937
634,3.56145974365063e-05,1.0,0.00010485335224075243,1.0,2.2955288159209886e-07,0.0,0.16482824087142944,1.0,6.301980192802148e-06,0.1,0.0009563894479080498
635,1.4367235962708946e-05,1.0,1.649372097745072e-05,1.0,2.2938019128559972e-07,0.0,0.14999689161777496,1.0,9.57067527451727e-07,0.1,0.000955745936679405
636,2.8602753445738927e-05,1.0,2.67356608674163e-05,1.0,2.2918035824659455e-07,0.0,0.16886550188064575,1.0,4.824133839065325e-07,0.1,0.0009550979323571555
637,1.5279030776582658e-05,1.0,2.9528900995501317e-05,1.0,2.2938732513466675e-07,0.0,0.15239083766937256,1.0,8.17938143882202e-07,0.1,0.0009544454413368422
638,3.384597584954463e-05,1.0,5.119163324707188e-05,1.0,2.2926803922018735e-07,0.0,0.1453322023153305,1.0,6.055941412341781e-06,0.1,0.000953788470058288
639,1.7587140973773785e-05,1.0,6.629706331295893e-05,1.0,2.2939546795441856e-07,0.0,0.1220075860619545,1.0,3.135883616778301e-06,0.1,0.0009531270250055344
640,2.920449333032593e-05,1.0,5.130097270011902e-05,1.0,2.293743648351665e-07,0.0,0.13093233108520508,1.0,2.9941881507511425e-07,0.1,0.0009524611127067769
641,2.2426398572861217e-05,1.0,5.124939343659207e-05,1.0,2.2959474677008984e-07,0.0,0.15280860662460327,1.0,4.4059515857952647e-07,0.1,0.000951790739734301
642,1.8890474166255444e-05,1.0,3.7518628232646734e-05,1.0,2.2861085824388283e-07,0.0,0.14201019704341888,1.0,3.5886821478925413e-06,0.1,0.0009511159127044174
643,2.8929531254107133e-05,1.0,5.667372897733003e-05,1.0,2.29379978122779e-07,0.0,0.14410115778446198,1.0,5.646405952575151e-06,0.1,0.0009504366382773965
644,1.1619272299867589e-05,1.0,3.238144927308895e-05,1.0,2.291189815650796e-07,0.0,0.13810712099075317,1.0,1.3968460734758992e-06,0.1,0.0009497529231574025
645,2.8393365937517956e-05,1.0,4.3281852413201705e-05,1.0,2.2952050926505763e-07,0.0,0.16820606589317322,1.0,3.012991101059015e-07,0.1,0.0009490647740924275
646,1.6682235582266003e-05,1.0,3.988409662269987e-05,1.0,2.291715190949617e-07,0.0,0.12961557507514954,1.0,7.372121331172821e-07,0.1,0.0009483721978742255
647,2.6895500923274085e-05,1.0,7.351602835115045e-05,1.0,2.2945582145439403e-07,0.0,0.1313188225030899,1.0,5.2873788263241295e-06,0.1,0.0009476752013382435
648,1.554350455990061e-05,1.0,3.7794401578139514e-05,1.0,2.2924382392375264e-07,0.0,0.1333007663488388,1.0,2.782030151138315e-06,0.1,0.0009469737913635564
649,2.8303136787144467e-05,1.0,4.75686538266018e-05,1.0,2.291113219143881e-07,0.0,0.13578592240810394,1.0,1.8810985125128354e-07,0.1,0.0009462679748727972
650,2.8814283723477274e-05,1.0,2.5427327273064293e-05,1.0,2.2930873910809169e-07,0.0,0.11064150184392929,1.0,2.1803553806876153e-07,0.1,0.0009455577588320898
651,1.2821148629882373e-05,1.0,2.0806968677788973e-05,1.0,2.2947949673834955e-07,0.0,0.12124305963516235,1.0,1.8302707758266479e-06,0.1,0.0009448431502509801
652,2.5155408366117626e-05,1.0,4.7845249355304986e-05,1.0,2.2939723010040325e-07,0.0,0.14138685166835785,1.0,4.451148015505169e-06,0.1,0.0009441241561823656
653,1.4519194337481167e-05,1.0,1.2753630471706856e-05,1.0,2.297798857853195e-07,0.0,0.13331735134124756,1.0,2.0740435502375476e-06,0.1,0.0009434007837224282
654,1.1642976460279897e-05,1.0,2.8527116228360683e-05,1.0,2.2933708976324851e-07,0.0,0.11650846898555756,1.0,7.496108764826204e-07,0.1,0.0009426730400105615
655,1.8592631022329442e-05,1.0,3.57812677975744e-05,1.0,2.295814311992217e-07,0.0,0.12932953238487244,1.0,4.020230335299857e-07,0.1,0.0009419409322293026
656,1.0700037819333375e-05,1.0,1.1308102330076508e-05,1.0,2.294628131949139e-07,0.0,0.12615525722503662,1.0,1.280916421819711e-06,0.1,0.0009412044676042593
657,2.6518600861891173e-05,1.0,1.6725733075872995e-05,1.0,2.2893513573762903e-07,0.0,0.1494850367307663,1.0,4.397081283968873e-06,0.1,0.0009404636534040404
658,1.6987205526675098e-05,1.0,1.914945460157469e-05,1.0,2.2916326258837216e-07,0.0,0.11331439763307571,1.0,2.3846282601880375e-06,0.1,0.0009397184969401829
659,1.786804205039516e-05,1.0,1.74645956576569e-05,1.0,2.2904754359842627e-07,0.0,0.12412185221910477,1.0,4.4769222995455493e-07,0.1,0.0009389690055670804
660,2.2042280761525035e-05,1.0,2.6865594918490387e-05,1.0,2.2964371737543843e-07,0.0,0.147246852517128,1.0,2.938311922662251e-07,0.1,0.0009382151866819099
661,1.1800431821029633e-05,1.0,2.4477043552906252e-05,1.0,2.2994316850599716e-07,0.0,0.11048444360494614,1.0,9.331673709311872e-07,0.1,0.0009374570477245598
662,1.9554663595044985e-05,1.0,4.926653127768077e-05,1.0,2.2896141160799743e-07,0.0,0.14362424612045288,1.0,3.6345431908557657e-06,0.1,0.0009366945961775552
663,1.1530272786330897e-05,1.0,1.2636993233172689e-05,1.0,2.2931101284484612e-07,0.0,0.12943080067634583,1.0,1.4838935840089107e-06,0.1,0.0009359278395659853
664,1.4943681890144944e-05,1.0,1.6779036741354503e-05,1.0,2.2920092135336745e-07,0.0,0.11411929130554199,1.0,7.231610652524978e-07,0.1,0.0009351567854574282
665,2.232502811239101e-05,1.0,2.257949199702125e-05,1.0,2.2930584009372978e-07,0.0,0.11401544511318207,1.0,4.1203816181223374e-07,0.1,0.0009343814414618767
666,1.1187475138285663e-05,1.0,1.0698950973164756e-05,1.0,2.2953999234687217e-07,0.0,0.145381897687912,1.0,1.3327414762898115e-06,0.1,0.0009336018152316629
667,3.4262593544553965e-05,1.0,7.951822044560686e-05,1.0,2.292435112849489e-07,0.0,0.12098383903503418,1.0,5.316020178725012e-06,0.1,0.0009328179144613831
668,1.0584148185444064e-05,1.0,2.768523154372815e-05,1.0,2.2969166479924752e-07,0.0,0.10137446224689484,1.0,1.511673190179863e-06,0.1,0.0009320297468878212
669,1.932349186972715e-05,1.0,4.7898200136842206e-05,1.0,2.2917416231393872e-07,0.0,0.13292773067951202,1.0,3.687895286930143e-07,0.1,0.0009312373202898734
670,1.2158525350969285e-05,1.0,1.6728570699342526e-05,1.0,2.2925487996872107e-07,0.0,0.10800232738256454,1.0,7.656800562472199e-07,0.1,0.00093044064248847
671,1.0126959750778042e-05,1.0,2.7448295440990478e-05,1.0,2.2920038134088827e-07,0.0,0.10946223139762878,1.0,1.359054522254155e-06,0.1,0.0009296397213464993
672,1.1115195775346365e-05,1.0,8.620653716207016e-06,1.0,2.293210883408392e-07,0.0,0.12896722555160522,1.0,1.1444396932347445e-06,0.1,0.0009288345647687294
673,9.7179308795603e-06,1.0,8.16474585008109e-06,1.0,2.295363685789198e-07,0.0,0.1126563549041748,1.0,1.0986020697600907e-06,0.1,0.0009280251807017311
674,1.0567312529019546e-05,1.0,2.6751606128527783e-05,1.0,2.290019409656452e-07,0.0,0.112371526658535,1.0,9.581738140695961e-07,0.1,0.000927211577133798
675,1.097965650842525e-05,1.0,2.950466841866728e-05,1.0,2.290989868924953e-07,0.0,0.13464942574501038,1.0,1.0681634421416675e-06,0.1,0.0009263937620948692
676,1.0086212569149211e-05,1.0,4.119367804378271e-05,1.0,2.2910469965609082e-07,0.0,0.13317647576332092,1.0,1.4007202935317764e-06,0.1,0.0009255717436564487
677,1.2399924344208557e-05,1.0,2.4960059818113223e-05,1.0,2.2945839361909748e-07,0.0,0.1070604920387268,1.0,8.1680406083251e-07,0.1,0.0009247455299315266
678,1.5263911336660385e-05,1.0,1.8359556634095497e-05,1.0,2.2953622647037264e-07,0.0,0.09649877995252609,1.0,5.094531161375926e-07,0.1,0.0009239151290744992
679,1.0902981557592284e-05,1.0,1.1595611795200966e-05,1.0,2.2927176246412273e-07,0.0,0.1345064640045166,1.0,1.6478311408718582e-06,0.1,0.0009230805492810873
680,1.5454137610504404e-05,1.0,2.5083530999836512e-05,1.0,2.2903826391029725e-07,0.0,0.10167742520570755,1.0,2.838666887328145e-06,0.1,0.0009222417987882566
681,1.699569111224264e-05,1.0,3.9239352190634236e-05,1.0,2.297486645375102e-07,0.0,0.12367159873247147,1.0,2.9952188924653456e-06,0.1,0.000921398885874136
682,1.7027387002599426e-05,1.0,7.414745778078213e-05,1.0,2.2948397315758484e-07,0.0,0.12429337948560715,1.0,3.9276761754081235e-07,0.1,0.0009205518188579356
683,1.3796097846352495e-05,1.0,1.2680299732892308e-05,1.0,2.2928797704935278e-07,0.0,0.1011773943901062,1.0,5.905022248953173e-07,0.1,0.0009197006060998647
684,1.746098860166967e-05,1.0,1.2841824172937777e-05,1.0,2.293884051596251e-07,0.0,0.11681122332811356,1.0,3.2380175980506465e-06,0.1,0.00091884525600105
685,1.8822713172994554e-05,1.0,3.3427892049076036e-05,1.0,2.2944901445498544e-07,0.0,0.12882168591022491,1.0,3.528996103341342e-06,0.1,0.0009179857770034512
686,1.4740878214070108e-05,1.0,3.1458523153560236e-05,1.0,2.2933609500341845e-07,0.0,0.142713725566864,1.0,5.367369340092409e-07,0.1,0.0009171221775897792
687,2.02977880690014e-05,1.0,4.360889579402283e-05,1.0,2.2990313652826444e-07,0.0,0.11228081583976746,1.0,3.22991297707631e-07,0.1,0.0009162544662834115
688,1.312638687522849e-05,1.0,8.24203834781656e-06,1.0,2.2932634635708382e-07,0.0,0.11430207639932632,1.0,2.27216150960885e-06,0.1,0.0009153826516483085
689,3.485984052531421e-05,1.0,7.289479981409386e-05,1.0,2.2955650536005123e-07,0.0,0.11071638017892838,1.0,6.460446456912905e-06,0.1,0.0009145067422889286
690,1.0048615877167322e-05,1.0,2.1063584426883608e-05,1.0,2.2889648221280368e-07,0.0,0.1531221568584442,1.0,1.0224403013125993e-06,0.1,0.0009136267468501438
691,3.071035098400898e-05,1.0,9.967535152100027e-05,1.0,2.2927429199626204e-07,0.0,0.12525521218776703,1.0,1.7517442074677092e-07,0.1,0.0009127426740171534
692,9.584635336068459e-06,1.0,1.1507253475429025e-05,1.0,2.2921716436030692e-07,0.0,0.11453165858983994,1.0,1.359533143840963e-06,0.1,0.0009118545325153995
693,3.507051587803289e-05,1.0,0.00010101423686137423,1.0,2.292839837991778e-07,0.0,0.1111443042755127,1.0,6.075794772186782e-06,0.1,0.0009109623311104805
694,1.0638750609359704e-05,1.0,1.2187900210847147e-05,1.0,2.2876847083352914e-07,0.0,0.11457163095474243,1.0,8.815591172606219e-07,0.1,0.0009100660786080636
695,3.0958490242483094e-05,1.0,9.282817336497828e-05,1.0,2.2941807742427045e-07,0.0,0.11859773844480515,1.0,1.3445821878121933e-07,0.1,0.0009091657838537993
696,1.0184340681007598e-05,1.0,1.7620208382140845e-05,1.0,2.2989802062056697e-07,0.0,0.12315188348293304,1.0,1.1248384907958098e-06,0.1,0.0009082614557332335
697,2.480087277945131e-05,1.0,3.771827687160112e-05,1.0,2.2993933157522406e-07,0.0,0.10457087308168411,1.0,4.480439656617818e-06,0.1,0.0009073531031717196
698,1.394841729052132e-05,1.0,1.0919705346168485e-05,1.0,2.2949731715016242e-07,0.0,0.10482250154018402,1.0,2.3170632630353794e-06,0.1,0.0009064407351343305
699,1.5416408132296056e-05,1.0,3.1972933356883004e-05,1.0,2.2929964416107396e-07,0.0,0.09540097415447235,1.0,4.4647663344221655e-07,0.1,0.0009055243606257707
700,1.5985271602403373e-05,1.0,3.8144153222674504e-05,1.0,2.2967148538555193e-07,0.0,0.10574743896722794,1.0,2.559653466960299e-07,0.1,0.0009046039886902864
701,1.1595171599765308e-05,1.0,2.959957237180788e-05,1.0,2.2945155819797947e-07,0.0,0.0993230864405632,1.0,1.7294187273364514e-06,0.1,0.000903679628411577
702,1.2596410670084879e-05,1.0,4.0641643863637e-05,1.0,2.2965488710724458e-07,0.0,0.11181209236383438,1.0,1.597764935468149e-06,0.1,0.0009027512889127054
703,2.097449396387674e-05,1.0,3.9262005884665996e-05,1.0,2.2893168249993323e-07,0.0,0.10634662955999374,1.0,2.0932199618073355e-07,0.1,0.0009018189793560079
704,1.7283113265875727e-05,1.0,4.324279507272877e-05,1.0,2.2940469079912873e-07,0.0,0.09885647892951965,1.0,2.7963110937889724e-07,0.1,0.000900882708943003
705,1.573366898810491e-05,1.0,2.8808401111746207e-05,1.0,2.2978983338362013e-07,0.0,0.10834020376205444,1.0,2.253382490380318e-06,0.1,0.0008999424869143019
706,1.4143793123366777e-05,1.0,5.769821655121632e-05,1.0,2.3002048976650258e-07,0.0,0.1137242466211319,1.0,2.4297764866787475e-06,0.1,0.0008989983225495163
707,2.6089121092809364e-05,1.0,3.5891393054043874e-05,1.0,2.288858524934767e-07,0.0,0.09252815693616867,1.0,1.0977652209476219e-07,0.1,0.0008980502251671675
708,1.9406732462812215e-05,1.0,2.2701302441419102e-05,1.0,2.2962868229114974e-07,0.0,0.12027623504400253,1.0,2.1634991753671784e-07,0.1,0.0008970982041245938
709,1.3250734809844289e-05,1.0,4.854860526393168e-05,1.0,2.28671027002747e-07,0.0,0.11811213195323944,1.0,2.0160202893748647e-06,0.1,0.0008961422688178587
710,1.3006102562940214e-05,1.0,8.828347745293286e-06,1.0,2.2905989283117378e-07,0.0,0.11316826194524765,1.0,2.373199095018208e-06,0.1,0.0008951824286816573
711,9.774870704859495e-06,1.0,9.713578037917614e-06,1.0,2.2949436129238165e-07,0.0,0.10687018185853958,1.0,1.0532094165682793e-06,0.1,0.0008942186931892248
712,1.0335681508877315e-05,1.0,2.4166087314370088e-05,1.0,2.298906593978245e-07,0.0,0.11966550350189209,1.0,6.634567171204253e-07,0.1,0.0008932510718522412
713,1.3355035662243608e-05,1.0,3.0476274332613684e-05,1.0,2.2936488619507145e-07,0.0,0.11355874687433243,1.0,2.277228986713453e-06,0.1,0.0008922795742207384
714,1.266412073164247e-05,1.0,3.0437979148700833e-05,1.0,2.2917818398582313e-07,0.0,0.11557081341743469,1.0,2.1005887447245186e-06,0.1,0.0008913042098830058
715,1.2135820725234225e-05,1.0,2.2502134015667252e-05,1.0,2.2930764487227862e-07,0.0,0.10556084662675858,1.0,5.199615316087147e-07,0.1,0.0008903249884654958
716,1.0263440344715491e-05,1.0,2.8158437999081798e-05,1.0,2.2888448825142405e-07,0.0,0.11880403757095337,1.0,6.417831173166633e-07,0.1,0.0008893419196327283
717,1.1552387150004506e-05,1.0,9.863585546554532e-06,1.0,2.291977807544754e-07,0.0,0.1018887460231781,1.0,1.9252179299655836e-06,0.1,0.0008883550130871959
718,2.9976556106703356e-05,1.0,5.334031811798923e-05,1.0,2.2913454245099274e-07,0.0,0.12994766235351562,1.0,5.986548330838559e-06,0.1,0.0008873642785692677
719,8.158272976288572e-06,1.0,1.3807867617288139e-05,1.0,2.2952228562189703e-07,0.0,0.12811392545700073,1.0,7.901388698883238e-07,0.1,0.0008863697258570933
720,2.0379675333970226e-05,1.0,5.447581861517392e-05,1.0,2.297047387855855e-07,0.0,0.11005593836307526,1.0,1.294674802920781e-07,0.1,0.0008853713647665067
721,8.948746653913986e-06,1.0,1.3796260645904113e-05,1.0,2.2901487284343602e-07,0.0,0.10344799607992172,1.0,9.930921578416019e-07,0.1,0.0008843692051509289
722,1.5853620425332338e-05,1.0,2.633575968502555e-05,1.0,2.2934153776077437e-07,0.0,0.14158831536769867,1.0,3.0349417556863045e-06,0.1,0.0008833632569012704
723,1.5016767065390013e-05,1.0,1.3616201613331214e-05,1.0,2.2932830745503452e-07,0.0,0.11234936863183975,1.0,2.803097231662832e-06,0.1,0.0008823535299458344
724,1.0159294106415473e-05,1.0,2.1726498744101264e-05,1.0,2.2865900461965794e-07,0.0,0.12307901680469513,1.0,6.371576546371216e-07,0.1,0.0008813400342502183
725,9.64846731221769e-06,1.0,1.23427480502869e-05,1.0,2.2968325197325612e-07,0.0,0.12705715000629425,1.0,6.791008217987837e-07,0.1,0.0008803227798172156
726,9.500345186097547e-06,1.0,2.1071733499411494e-05,1.0,2.2956406553475972e-07,0.0,0.10368777811527252,1.0,1.2512746252468787e-06,0.1,0.0008793017766867168
727,8.65513356984593e-06,1.0,2.049557770078536e-05,1.0,2.2941591737435374e-07,0.0,0.09670937061309814,1.0,8.848204515743419e-07,0.1,0.0008782770349356104
728,1.1847387213492766e-05,1.0,2.145235521311406e-05,1.0,2.297452112998144e-07,0.0,0.10138527303934097,1.0,4.810347604689014e-07,0.1,0.000877248564677684
729,8.685622560733464e-06,1.0,2.4291210138471797e-05,1.0,2.297803689543798e-07,0.0,0.1007268950343132,1.0,1.2972711829206673e-06,0.1,0.0008762163760635237
730,1.274703026865609e-05,1.0,8.140880709106568e-06,1.0,2.2909522101599578e-07,0.0,0.1157698854804039,1.0,2.1691691927117063e-06,0.1,0.0008751804792804147
731,9.568591849529184e-06,1.0,8.204455298255198e-06,1.0,2.2846025160561112e-07,0.0,0.10718265920877457,1.0,1.3916605894337408e-06,0.1,0.0008741408845522396
732,1.0613593076413963e-05,1.0,2.0224330000928603e-05,1.0,2.2878998606756795e-07,0.0,0.12924009561538696,1.0,5.481391553985304e-07,0.1,0.0008730976021393791
733,9.498767212789971e-06,1.0,6.981746082601603e-06,1.0,2.2970226609686506e-07,0.0,0.14134523272514343,1.0,6.687827180940076e-07,0.1,0.0008720506423386091
734,8.536559107596986e-06,1.0,1.650619196880143e-05,1.0,2.297606442880351e-07,0.0,0.11366169899702072,1.0,1.209003357871552e-06,0.1,0.0008710000154830003
735,2.5517631002003327e-05,1.0,4.041573265567422e-05,1.0,2.291577914093068e-07,0.0,0.11557157337665558,1.0,4.399969839141704e-06,0.1,0.0008699457319418156
736,8.648214134154841e-06,1.0,3.708135409397073e-05,1.0,2.2873233262998838e-07,0.0,0.09263044595718384,1.0,1.1346678547852207e-06,0.1,0.000868887802120408
737,1.0705618478823453e-05,1.0,2.0012521417811513e-05,1.0,2.295950736197483e-07,0.0,0.1128944531083107,1.0,4.8448777079102e-07,0.1,0.0008678262364601176
738,9.934904483088758e-06,1.0,4.227593308314681e-05,1.0,2.2931125442937628e-07,0.0,0.1216747984290123,1.0,4.806357196684985e-07,0.1,0.0008667610454381689
739,2.0251467503840104e-05,1.0,4.1642597352620214e-05,1.0,2.2926273857137858e-07,0.0,0.10469423979520798,1.0,3.014999947481556e-06,0.1,0.0008656922395675673
740,1.1748974429792725e-05,1.0,2.5827563149505295e-05,1.0,2.2884314887505752e-07,0.0,0.11053678393363953,1.0,1.9714989321073517e-06,0.1,0.0008646198293969952
741,1.8337846995564178e-05,1.0,4.0419101424049586e-05,1.0,2.2901215857018542e-07,0.0,0.11072999238967896,1.0,1.7905563254316803e-07,0.1,0.0008635438255107081
742,1.4300016118795611e-05,1.0,5.477682498167269e-05,1.0,2.2977434355198056e-07,0.0,0.09907076507806778,1.0,3.555149703515781e-07,0.1,0.0008624642385284299
743,1.552259891468566e-05,1.0,2.1480529539985582e-05,1.0,2.2940565713724936e-07,0.0,0.1236768513917923,1.0,2.449704879836645e-06,0.1,0.0008613810791052483
744,2.08827004826162e-05,1.0,4.302950401324779e-05,1.0,2.29521788241982e-07,0.0,0.11229199171066284,1.0,3.2063830985862296e-06,0.1,0.0008602943579315095
745,1.3142636817065068e-05,1.0,2.094424780807458e-05,1.0,2.28910337796151e-07,0.0,0.10570864379405975,1.0,3.467241072030447e-07,0.1,0.0008592040857327129
746,2.6080246243509464e-05,1.0,5.6008266255958006e-05,1.0,2.295657282047614e-07,0.0,0.10702253878116608,1.0,9.67251168049188e-08,0.1,0.0008581102732694048
747,9.56968233367661e-06,1.0,8.85183999344008e-06,1.0,2.2982425207374035e-07,0.0,0.10812167823314667,1.0,1.3888909506931668e-06,0.1,0.0008570129313370726
748,3.179422492394224e-05,1.0,9.77976742433384e-05,1.0,2.2914514374861028e-07,0.0,0.09541407227516174,1.0,5.105910531710833e-06,0.1,0.0008559120707660382
749,9.523675544187427e-06,1.0,3.4203902032459155e-05,1.0,2.293707268563594e-07,0.0,0.10044841468334198,1.0,4.839432676817523e-07,0.1,0.0008548077024213509
750,2.0737947124871425e-05,1.0,2.480770490365103e-05,1.0,2.2972255919739837e-07,0.0,0.09741741418838501,1.0,1.1466707405816123e-07,0.1,0.0008536998372026805
751,1.0176028808928095e-05,1.0,2.0761386622325517e-05,1.0,2.2983724079495005e-07,0.0,0.10478807240724564,1.0,4.415898047227529e-07,0.1,0.0008525884860442096
752,1.5286568668670952e-05,1.0,2.657505319803022e-05,1.0,2.2971144630901108e-07,0.0,0.10420635342597961,1.0,2.7775406579166884e-06,0.1,0.0008514736599145253
753,1.3949799722468015e-05,1.0,2.0635676264646463e-05,1.0,2.2926298015590874e-07,0.0,0.11282562464475632,1.0,2.5778899725992233e-06,0.1,0.0008503553698165113
754,1.260679891856853e-05,1.0,2.4438690161332488e-05,1.0,2.290646818892128e-07,0.0,0.10751532763242722,1.0,2.885963681364956e-07,0.1,0.0008492336267872398
755,1.527399399492424e-05,1.0,2.6897219868260436e-05,1.0,2.2894171536336216e-07,0.0,0.08027703315019608,1.0,2.408853561064461e-07,0.1,0.0008481084418978611
756,8.61820899444865e-06,1.0,1.1305349289614242e-05,1.0,2.29705960919091e-07,0.0,0.11222750693559647,1.0,6.465493243013043e-07,0.1,0.0008469798262534962
757,1.9566221453715116e-05,1.0,1.4210957488103304e-05,1.0,2.298591539329209e-07,0.0,0.10457568615674973,1.0,3.5785624277195893e-06,0.1,0.0008458477909931256
758,1.6086232790257782e-05,1.0,3.6147914215689525e-05,1.0,2.2946716171645676e-07,0.0,0.10695173591375351,1.0,3.2173870749829803e-06,0.1,0.0008447123472894807
759,1.2170332411187701e-05,1.0,2.3290669560083188e-05,1.0,2.2949255651383282e-07,0.0,0.13748697936534882,1.0,3.081736394960899e-07,0.1,0.0008435735063489321
760,2.0065925127710216e-05,1.0,2.3812470317352563e-05,1.0,2.2897482665484858e-07,0.0,0.09043536335229874,1.0,1.1088305029716139e-07,0.1,0.0008424312794113801
761,9.03363797988277e-06,1.0,1.1383431228750851e-05,1.0,2.2894238327353378e-07,0.0,0.11931218951940536,1.0,1.1473141512396978e-06,0.1,0.0008412856777501437
762,1.3310260328580625e-05,1.0,6.106015644036233e-05,1.0,2.2939897803553322e-07,0.0,0.07907073944807053,1.0,2.2495778466691263e-06,0.1,0.0008401367126718484
763,7.792103133397177e-06,1.0,1.0162274520553183e-05,1.0,2.2925084408598195e-07,0.0,0.11841011047363281,1.0,6.557459073519567e-07,0.1,0.0008389843955163162
764,1.6529482309124433e-05,1.0,4.854130747844465e-05,1.0,2.2970354507378943e-07,0.0,0.08902423828840256,1.0,2.2676346134176129e-07,0.1,0.0008378287376564518
765,8.271452315966599e-06,1.0,9.59290537139168e-06,1.0,2.290527163495426e-07,0.0,0.10139214247465134,1.0,7.850089787098113e-07,0.1,0.0008366697504981319
766,2.011582000704948e-05,1.0,4.264711606083438e-05,1.0,2.29107385507632e-07,0.0,0.09241698682308197,1.0,3.1740928534418344e-06,0.1,0.0008355074454800918
767,8.067163435043767e-06,1.0,1.996167156903539e-05,1.0,2.2955083522901987e-07,0.0,0.09846256673336029,1.0,9.85278120424482e-07,0.1,0.0008343418340738128
768,1.4854294931865297e-05,1.0,6.1029757489450276e-05,1.0,2.2875508420838742e-07,0.0,0.10237708687782288,1.0,1.307084289692284e-07,0.1,0.0008331729277834088
769,8.196850103558972e-06,1.0,1.4788759472139645e-05,1.0,2.292612748533429e-07,0.0,0.10116156190633774,1.0,7.864341569074895e-07,0.1,0.0008320007381455132
770,1.7671529349172488e-05,1.0,6.669967115158215e-05,1.0,2.2935125798539957e-07,0.0,0.12843060493469238,1.0,2.9091679607518017e-06,0.1,0.0008308252767291642
771,8.187838830053806e-06,1.0,4.151934990659356e-05,1.0,2.2917166120350885e-07,0.0,0.08986447751522064,1.0,9.207741413774784e-07,0.1,0.0008296465551356918
772,1.3147689969628118e-05,1.0,1.3823982953908853e-05,1.0,2.293177203682717e-07,0.0,0.08007528632879257,1.0,1.7070564695131907e-07,0.1,0.0008284645849986019
773,1.2139900718466379e-05,1.0,9.785449037735816e-06,1.0,2.2942808186598995e-07,0.0,0.11943606287240982,1.0,2.1807090888614766e-07,0.1,0.0008272793779834628
774,8.704930223757401e-06,1.0,2.134681199095212e-05,1.0,2.2902628415977233e-07,0.0,0.10800229758024216,1.0,1.0125131666427478e-06,0.1,0.000826090945787789
775,8.715409421711229e-06,1.0,3.749158713617362e-05,1.0,2.2897449980519013e-07,0.0,0.08919566124677658,1.0,1.281476784242841e-06,0.1,0.0008248993001409269
776,1.0337908861401957e-05,1.0,2.4653345462866127e-05,1.0,2.2998557369646733e-07,0.0,0.10578932613134384,1.0,3.3199393101313035e-07,0.1,0.0008237044528039377
777,9.883058737614192e-06,1.0,2.143050733138807e-05,1.0,2.2877067351601e-07,0.0,0.10157331079244614,1.0,3.9192667600218556e-07,0.1,0.000822506415569482
778,9.194707672577351e-06,1.0,1.0832075531652663e-05,1.0,2.2983462599768245e-07,0.0,0.0901307538151741,1.0,1.3117613661961514e-06,0.1,0.0008213052002617041
779,1.0810746971401386e-05,1.0,3.925499549950473e-05,1.0,2.2942404598325083e-07,0.0,0.09685427695512772,1.0,1.6827104900585255e-06,0.1,0.0008201008187361137
780,8.909309144655708e-06,1.0,1.4172313967719674e-05,1.0,2.298206425166427e-07,0.0,0.09368974715471268,1.0,4.4604428239836125e-07,0.1,0.0008188932828794706
781,1.5834324585739523e-05,1.0,4.6165216190274805e-05,1.0,2.2966401047597174e-07,0.0,0.0991407036781311,1.0,1.1382275033611222e-07,0.1,0.0008176826046096662
782,8.277499546238687e-06,1.0,1.757530844770372e-05,1.0,2.295002872187979e-07,0.0,0.10644447803497314,1.0,6.056526444808696e-07,0.1,0.0008164687958756059
783,1.122176672652131e-05,1.0,2.115980169037357e-05,1.0,2.3007223148852063e-07,0.0,0.09392720460891724,1.0,1.6370283901778748e-06,0.1,0.0008152518686570919
784,1.0424244464957155e-05,1.0,2.3288481315830722e-05,1.0,2.2906883145878965e-07,0.0,0.09226959198713303,1.0,1.8275879938300932e-06,0.1,0.000814031834964705
785,7.837336852389853e-06,1.0,3.0396859074244276e-05,1.0,2.2904811203261488e-07,0.0,0.0980592668056488,1.0,6.885043148940895e-07,0.1,0.0008128087068396848
786,8.692728442838416e-06,1.0,2.911098999902606e-05,1.0,2.2930939280740859e-07,0.0,0.07019520550966263,1.0,4.7245168843801366e-07,0.1,0.0008115824963538124
787,9.701503586256877e-06,1.0,9.793528079171665e-06,1.0,2.291558303113561e-07,0.0,0.1273837834596634,1.0,1.5182446304606856e-06,0.1,0.0008103532156092898
788,9.38342054723762e-06,1.0,2.7467345717013814e-05,1.0,2.2956380973937485e-07,0.0,0.0941937267780304,1.0,1.4169072528602555e-06,0.1,0.000809120876738622
789,1.039915696310345e-05,1.0,3.2949184969766065e-05,1.0,2.2974478497417294e-07,0.0,0.0943717509508133,1.0,4.531567867616104e-07,0.1,0.0008078854919044962
790,7.876626114011742e-06,1.0,8.6131040006876e-06,1.0,2.2939582322578644e-07,0.0,0.11105570197105408,1.0,5.81444851377455e-07,0.1,0.0008066470732996619
791,8.389206413994543e-06,1.0,8.409813744947314e-06,1.0,2.2888966100254038e-07,0.0,0.08886939287185669,1.0,1.4329000350699062e-06,0.1,0.0008054056331468105
792,1.492648971179733e-05,1.0,5.3722807933809236e-05,1.0,2.2935248011890508e-07,0.0,0.10263653099536896,1.0,2.5944709705072455e-06,0.1,0.0008041611836984556
793,9.723571565700695e-06,1.0,1.6216226867982186e-05,1.0,2.2911588359875168e-07,0.0,0.08861567825078964,1.0,3.3396915455341514e-07,0.1,0.0008029137372368103
794,2.0017268980154768e-05,1.0,2.9876948246965185e-05,1.0,2.2970769464336627e-07,0.0,0.12035253643989563,1.0,1.0348777834678913e-07,0.1,0.000801663306073668
795,8.366459951503202e-06,1.0,9.31706563278567e-06,1.0,2.2986330350249773e-07,0.0,0.09258967638015747,1.0,5.215183023210557e-07,0.1,0.0008004099025502792
796,2.2728614567313343e-05,1.0,4.448437539394945e-05,1.0,2.2909256358616403e-07,0.0,0.08853209018707275,1.0,4.270586032362189e-06,0.1,0.0007991535390372308
797,1.2506281564128585e-05,1.0,1.259736018255353e-05,1.0,2.2880992389673338e-07,0.0,0.10346044600009918,1.0,2.4421462967438856e-06,0.1,0.0007978942279343234
798,1.040698498400161e-05,1.0,4.3267278670100495e-05,1.0,2.287313236593036e-07,0.0,0.09970776736736298,1.0,3.8516984091074846e-07,0.1,0.0007966319816704493
799,7.85116571933031e-06,1.0,3.6721232845593477e-06,1.0,2.297331604950159e-07,0.0,0.09296867996454239,1.0,4.823374410989345e-07,0.1,0.0007953668127034692
800,7.444528819178231e-06,1.0,1.1303341125312727e-05,1.0,2.2926067799744487e-07,0.0,0.07997021079063416,1.0,1.026248583002598e-06,0.1,0.0007940987335200904
801,1.4186307453201152e-05,1.0,2.1810687030665576e-05,1.0,2.2960637124924688e-07,0.0,0.09233927726745605,1.0,2.6042864647024544e-06,0.1,0.0007928277566357425
802,8.637582141091116e-06,1.0,3.6559998989105225e-05,1.0,2.2939025257073808e-07,0.0,0.07803582400083542,1.0,1.3384388921622303e-06,0.1,0.0007915538945944539
803,1.0767538697109558e-05,1.0,2.5134710085694678e-05,1.0,2.3000168880571437e-07,0.0,0.09404940903186798,1.0,2.784774153496983e-07,0.1,0.0007902771599687288
804,7.093726253515342e-06,1.0,1.650239028094802e-05,1.0,2.2961120293985005e-07,0.0,0.09175866097211838,1.0,6.89310240886698e-07,0.1,0.0007889975653594227
805,1.1600963262026198e-05,1.0,2.1543453840422444e-05,1.0,2.2930151999389636e-07,0.0,0.09261646866798401,1.0,2.2963954506849404e-06,0.1,0.0007877151233956178
806,7.781249223626219e-06,1.0,1.0593555089144502e-05,1.0,2.2929020815354306e-07,0.0,0.09280428290367126,1.0,1.1160441317770164e-06,0.1,0.0007864298467344982
807,7.947750418679789e-06,1.0,2.6744339265860617e-05,1.0,2.2969422275309626e-07,0.0,0.10609901696443558,1.0,5.579991011472885e-07,0.1,0.0007851417480612261
808,8.654207704239525e-06,1.0,1.698755113466177e-05,1.0,2.2918419517736766e-07,0.0,0.09933169931173325,1.0,1.391843852616148e-06,0.1,0.000783850840088815
809,1.710943615762517e-05,1.0,2.7762376703321934e-05,1.0,2.293442662448797e-07,0.0,0.08093605190515518,1.0,2.782829369607498e-06,0.1,0.0007825571355580056
810,7.082930096657947e-06,1.0,7.182281933637569e-06,1.0,2.2907858010512427e-07,0.0,0.08949451893568039,1.0,6.299897563621926e-07,0.1,0.0007812606472371393
811,1.611662082723342e-05,1.0,4.2358962673461065e-05,1.0,2.2911137875780696e-07,0.0,0.08944956213235855,1.0,1.4972923167988483e-07,0.1,0.0007799613879220325
812,7.44216868042713e-06,1.0,1.0939521416730713e-05,1.0,2.2915205022400187e-07,0.0,0.09412398189306259,1.0,5.086677674626117e-07,0.1,0.0007786593704358501
813,7.863583959988318e-06,1.0,1.4702382031828165e-05,1.0,2.2956447764954646e-07,0.0,0.08970475941896439,1.0,1.1625739944065572e-06,0.1,0.0007773546076289788
814,7.530587936344091e-06,1.0,2.607976784929633e-05,1.0,2.296290233516629e-07,0.0,0.08925694227218628,1.0,9.157721478914027e-07,0.1,0.0007760471123789011
815,7.479423857148504e-06,1.0,1.5474437532247975e-05,1.0,2.2936984578336705e-07,0.0,0.09993196278810501,1.0,1.0057415238406975e-06,0.1,0.000774736897590067
816,6.647506779700052e-06,1.0,3.03112028632313e-05,1.0,2.2924299969417916e-07,0.0,0.09047913551330566,1.0,5.811812116007786e-07,0.1,0.0007734239761937675
817,1.330847226199694e-05,1.0,2.495080480002798e-05,1.0,2.294706575867167e-07,0.0,0.09914436936378479,1.0,1.3834988976668683e-07,0.1,0.000772108361148007
818,7.050570275168866e-06,1.0,1.5203539078356698e-05,1.0,2.2934135301966307e-07,0.0,0.09303397685289383,1.0,4.743518786654022e-07,0.1,0.0007707900654373745
819,1.136731771111954e-05,1.0,1.709259049675893e-05,1.0,2.2983546443811065e-07,0.0,0.08520439267158508,1.0,1.8259640910400776e-06,0.1,0.0007694691020729168
820,1.160110241471557e-05,1.0,2.538232183724176e-05,1.0,2.2898733220699796e-07,0.0,0.08456850796937943,1.0,1.815600398913375e-06,0.1,0.0007681454840920089
821,7.11214124748949e-06,1.0,1.0797327377076726e-05,1.0,2.2993717152530735e-07,0.0,0.09496857225894928,1.0,4.4958875378142693e-07,0.1,0.0007668192245582258
822,1.0254747394355945e-05,1.0,1.4534514775732532e-05,1.0,2.2939890698125964e-07,0.0,0.12898460030555725,1.0,1.964922660135926e-07,0.1,0.0007654903365612138
823,7.449228178302292e-06,1.0,1.2717898243863601e-05,1.0,2.2939033783586638e-07,0.0,0.08939193934202194,1.0,4.254274017512216e-07,0.1,0.0007641588332165608
824,1.0421397746540606e-05,1.0,2.440747084619943e-05,1.0,2.2964283630244609e-07,0.0,0.11296059191226959,1.0,1.7764984932000516e-06,0.1,0.0007628247276656674
825,9.239227438229136e-06,1.0,3.186743560945615e-05,1.0,2.2960921342018992e-07,0.0,0.10583456605672836,1.0,1.438307094758784e-06,0.1,0.0007614880330756165
826,1.0034335900854785e-05,1.0,1.0801119060488418e-05,1.0,2.2908798769094574e-07,0.0,0.0831005796790123,1.0,1.8717457805905724e-07,0.1,0.0007601487626390445
827,1.3541977750719525e-05,1.0,2.8975402528885752e-05,1.0,2.302059840531001e-07,0.0,0.09335676580667496,1.0,1.4161460626382905e-07,0.1,0.0007588069295740096
828,8.130559763230849e-06,1.0,1.219768455484882e-05,1.0,2.2941370048101817e-07,0.0,0.09058906883001328,1.0,1.0585995369183365e-06,0.1,0.0007574625471238627
829,1.2155545846326277e-05,1.0,4.620945765054785e-05,1.0,2.293367060701712e-07,0.0,0.07868195325136185,1.0,1.8657788132259157e-06,0.1,0.0007561156285571154
830,7.552322585979709e-06,1.0,1.227165284944931e-05,1.0,2.29918427407938e-07,0.0,0.09780961275100708,1.0,3.7194951119090547e-07,0.1,0.0007547661871673105
831,1.2467464330256917e-05,1.0,3.9017217204673216e-05,1.0,2.2945910416183324e-07,0.0,0.09439755976200104,1.0,1.39965578682677e-07,0.1,0.0007534142362728898
832,6.964366548345424e-06,1.0,1.2610900739673525e-05,1.0,2.3018506567495933e-07,0.0,0.09620734304189682,1.0,5.039030952502799e-07,0.1,0.0007520597892170626
833,1.2286413038964383e-05,1.0,2.491089799150359e-05,1.0,2.300193955306895e-07,0.0,0.08191310614347458,1.0,2.069373067570268e-06,0.1,0.0007507028593676747
834,1.3458644389174879e-05,1.0,4.168853138253326e-06,1.0,2.297962566899514e-07,0.0,0.09381478279829025,1.0,2.2219114725885447e-06,0.1,0.0007493434601170757
835,7.232167263282463e-06,1.0,1.5764198906254023e-05,1.0,2.2925277676222322e-07,0.0,0.0990939736366272,1.0,9.801385658647632e-07,0.1,0.0007479816048819877
836,1.1721702321665362e-05,1.0,5.22167028975673e-05,1.0,2.2944882971387415e-07,0.0,0.09961143881082535,1.0,1.4063606101899495e-07,0.1,0.0007466173071033717
837,7.644612196600065e-06,1.0,1.354408323095413e-05,1.0,2.2935861920814204e-07,0.0,0.0999397411942482,1.0,1.10066139313858e-06,0.1,0.0007452505802462964
838,1.3428330930764787e-05,1.0,1.7309090253547765e-05,1.0,2.2936546884011477e-07,0.0,0.0852029025554657,1.0,2.234166913694935e-06,0.1,0.0007438814377998036
839,7.608859050378669e-06,1.0,1.518964836577652e-05,1.0,2.3045129182719393e-07,0.0,0.09845617413520813,1.0,9.978266461985186e-07,0.1,0.000742509893276777
840,1.1669942068692762e-05,1.0,3.403395749046467e-05,1.0,2.2967287804931402e-07,0.0,0.09902685135602951,1.0,1.9547201191016939e-07,0.1,0.0007411359602138069
841,7.538750651292503e-06,1.0,8.121571227093227e-06,1.0,2.3016575312340137e-07,0.0,0.10119680315256119,1.0,3.70792349713156e-07,0.1,0.0007397596521710582
842,7.752701094432268e-06,1.0,3.511292379698716e-05,1.0,2.2994089476924273e-07,0.0,0.08145323395729065,1.0,1.1328670552757103e-06,0.1,0.0007383809827321356
843,6.0503798522404395e-06,1.0,2.171550841012504e-05,1.0,2.295130911988963e-07,0.0,0.09155683219432831,1.0,4.354843667897512e-07,0.1,0.00073699996550395
844,1.2196537682029884e-05,1.0,3.8359419704647735e-05,1.0,2.2948950118006906e-07,0.0,0.08695315569639206,1.0,1.193836709489915e-07,0.1,0.0007356166141165837
845,6.54266614219523e-06,1.0,2.7523903554538265e-05,1.0,2.2935009269531292e-07,0.0,0.09246088564395905,1.0,6.248790214158362e-07,0.1,0.0007342309422231566
846,1.1616100891842507e-05,1.0,3.0124961995170452e-05,1.0,2.2900056251273782e-07,0.0,0.08245594799518585,1.0,1.9329959286551457e-06,0.1,0.0007328429634996906
847,7.007485692156479e-06,1.0,7.390255632344633e-06,1.0,2.2922267817193642e-07,0.0,0.08439525961875916,1.0,8.691686161910184e-07,0.1,0.0007314526916449754
848,6.894591024320107e-06,1.0,3.107087832177058e-05,1.0,2.294428895766032e-07,0.0,0.09231721609830856,1.0,3.560104175903689e-07,0.1,0.0007300601403804333
849,7.806651410646737e-06,1.0,9.240987310477067e-06,1.0,2.2996651694029424e-07,0.0,0.09829214215278625,1.0,2.761086648206401e-07,0.1,0.0007286653234499827
850,6.673626558040269e-06,1.0,2.1008832845836878e-05,1.0,2.2991359571733483e-07,0.0,0.08831172436475754,1.0,7.175715950324957e-07,0.1,0.0007272682546199037
851,6.2689960032003e-06,1.0,1.687387157289777e-05,1.0,2.2956305656407494e-07,0.0,0.08839888125658035,1.0,6.316516305560071e-07,0.1,0.0007258689476787017
852,6.051896889402997e-06,1.0,1.927021367009729e-05,1.0,2.2988182024619164e-07,0.0,0.08760623633861542,1.0,4.5756505073768494e-07,0.1,0.0007244674164369713
853,6.687745099043241e-06,1.0,1.5615923985023983e-05,1.0,2.29342305146929e-07,0.0,0.09876391291618347,1.0,8.276581411337247e-07,0.1,0.0007230636747272598
854,6.8685062615259085e-06,1.0,1.1608522981987335e-05,1.0,2.2953474854148226e-07,0.0,0.06984785944223404,1.0,9.235358220394119e-07,0.1,0.0007216577364039314
855,8.224912562582176e-06,1.0,2.9194265152909793e-05,1.0,2.29444395927203e-07,0.0,0.0885574221611023,1.0,2.5476495579823677e-07,0.1,0.0007202496153430297
856,8.175422408385202e-06,1.0,1.2586521734192502e-05,1.0,2.2921005893294932e-07,0.0,0.08788101375102997,1.0,2.970483024000714e-07,0.1,0.0007188393254421411
857,6.772652341169305e-06,1.0,1.850354419730138e-05,1.0,2.2930817067390308e-07,0.0,0.10049747675657272,1.0,8.26829818834085e-07,0.1,0.0007174268806202576
858,7.293053386092652e-06,1.0,6.908250270498684e-06,1.0,2.2941469524084823e-07,0.0,0.082689069211483,1.0,1.0975420536851743e-06,0.1,0.0007160122948176392
859,6.4683349592087325e-06,1.0,2.2219479433260858e-05,1.0,2.2922766618194146e-07,0.0,0.060297466814517975,1.0,7.73509100326919e-07,0.1,0.0007145955819956767
860,6.489509360108059e-06,1.0,5.454626261780504e-06,1.0,2.29508714255644e-07,0.0,0.07989798486232758,1.0,4.4065478732591146e-07,0.1,0.0007131767561367538
861,6.9372335929074325e-06,1.0,1.2938876352563966e-05,1.0,2.2956112388783367e-07,0.0,0.08135216683149338,1.0,4.84806719214248e-07,0.1,0.0007117558312441092
862,7.0344703999580815e-06,1.0,1.820723082346376e-05,1.0,2.3001223325991305e-07,0.0,0.0807524248957634,1.0,1.0317087344446918e-06,0.1,0.0007103328213416973
863,6.745275641151238e-06,1.0,9.565777872921899e-06,1.0,2.291635894380306e-07,0.0,0.08570299297571182,1.0,8.46031525725266e-07,0.1,0.0007089077404740518
864,6.863675025670091e-06,1.0,1.2703979336947668e-05,1.0,2.2932167098588252e-07,0.0,0.08355353772640228,1.0,3.5271051501695183e-07,0.1,0.0007074806027061456
865,8.451946996501647e-06,1.0,1.1188628377567511e-05,1.0,2.293364218530769e-07,0.0,0.07779765129089355,1.0,2.068065043658862e-07,0.1,0.0007060514221232519
866,5.9866033552680165e-06,1.0,1.6085279639810324e-05,1.0,2.2908223229478608e-07,0.0,0.07173141837120056,1.0,7.211793331407534e-07,0.1,0.0007046202128308065
867,7.223960892588366e-06,1.0,1.9102884834865108e-05,1.0,2.289939970978594e-07,0.0,0.08822184801101685,1.0,1.0415229780846857e-06,0.1,0.000703186988954267
868,5.847500233358005e-06,1.0,1.178621550934622e-05,1.0,2.2922421294424566e-07,0.0,0.07445219159126282,1.0,5.512329153134488e-07,0.1,0.0007017517646389747
869,8.390627954213414e-06,1.0,1.6769210560596548e-05,1.0,2.290604754762171e-07,0.0,0.09104832261800766,1.0,2.1921592008311563e-07,0.1,0.0007003145540500138
870,6.324654350464698e-06,1.0,1.821809019020293e-05,1.0,2.289312845960012e-07,0.0,0.07712924480438232,1.0,7.356902074207028e-07,0.1,0.000698875371372073
871,6.025373750162544e-06,1.0,1.2740958482027054e-05,1.0,2.2985146586051997e-07,0.0,0.09346455335617065,1.0,6.859294785499515e-07,0.1,0.000697434230809304
872,8.240394890890457e-06,1.0,1.8439950508764014e-05,1.0,2.2912210795311694e-07,0.0,0.0861518532037735,1.0,2.7199695296076243e-07,0.1,0.0006959911465851828
873,6.107227818574756e-06,1.0,5.575686827796744e-06,1.0,2.297439039011806e-07,0.0,0.08235309273004532,1.0,6.890546728754998e-07,0.1,0.0006945461329423675
874,9.433191735297441e-06,1.0,2.1937514247838408e-05,1.0,2.2946855438021885e-07,0.0,0.0888928696513176,1.0,1.5709549643361242e-06,0.1,0.0006930992041425596
875,6.57087548461277e-06,1.0,2.0895700799883343e-05,1.0,2.2967731183598517e-07,0.0,0.08001711964607239,1.0,8.005882818906684e-07,0.1,0.0006916503744663625
876,5.916493137192447e-06,1.0,2.15042382478714e-05,1.0,2.2925082987512724e-07,0.0,0.07212088257074356,1.0,4.1118181570709567e-07,0.1,0.0006901996582131398
877,6.1249147620401345e-06,1.0,1.177157992060529e-05,1.0,2.2969956603446917e-07,0.0,0.08328812569379807,1.0,6.459108590206597e-07,0.1,0.0006887470697008754
878,6.8698159338964615e-06,1.0,5.7956735872721765e-06,1.0,2.3001089743956982e-07,0.0,0.08244657516479492,1.0,1.1343620371917496e-06,0.1,0.0006872926232660314
879,6.084780579840299e-06,1.0,3.3256830647587776e-05,1.0,2.2917654973753088e-07,0.0,0.06651820987462997,1.0,6.825644618402293e-07,0.1,0.0006858363332634072
880,8.667652764415834e-06,1.0,2.1078663849039003e-05,1.0,2.2962370849199942e-07,0.0,0.09159967303276062,1.0,2.1297154262356344e-07,0.1,0.0006843782140659967
881,5.686953954864293e-06,1.0,5.158254680281971e-06,1.0,2.2956677980801032e-07,0.0,0.0657309740781784,1.0,4.885031330559286e-07,0.1,0.0006829182800648483
882,6.4473147176613566e-06,1.0,1.4821884178672917e-05,1.0,2.291909595442121e-07,0.0,0.07744909822940826,1.0,7.236466217364068e-07,0.1,0.0006814565456689207
883,7.758870196994394e-06,1.0,2.1168198145460337e-05,1.0,2.2930206000637554e-07,0.0,0.07109705358743668,1.0,1.1342715424689231e-06,0.1,0.0006799930253049425
884,8.242358489951584e-06,1.0,1.2733984476653859e-05,1.0,2.2949492972657026e-07,0.0,0.08644916862249374,1.0,2.3604451371284085e-07,0.1,0.0006785277334172688
885,1.1003711733792443e-05,1.0,5.779061211796943e-06,1.0,2.294625289778196e-07,0.0,0.10075373202562332,1.0,1.1703352953418289e-07,0.1,0.000677060684467739
886,1.0244672012049705e-05,1.0,3.0999508453533053e-05,1.0,2.2906492347374297e-07,0.0,0.07277347147464752,1.0,1.5565231592518103e-07,0.1,0.0006755918929355339
887,1.0442503480589949e-05,1.0,6.980527814448578e-06,1.0,2.2963550350141304e-07,0.0,0.08736615628004074,1.0,1.7046695575118065e-06,0.1,0.0006741213733170331
888,1.8711247321334668e-05,1.0,2.8104865123168565e-05,1.0,2.2963570245337905e-07,0.0,0.07710499316453934,1.0,2.958386403406621e-06,0.1,0.0006726491401256715
889,6.3348416006192565e-06,1.0,8.211985914385878e-06,1.0,2.2984632153111306e-07,0.0,0.07460184395313263,1.0,6.184501444295165e-07,0.1,0.000671175207891796
890,1.9005337890121154e-05,1.0,6.046035559847951e-05,1.0,2.293294016908476e-07,0.0,0.09417035430669785,1.0,5.456566398720497e-08,0.1,0.0006696995911625233
891,5.792534921056358e-06,1.0,1.4516159353661351e-05,1.0,2.293116523333083e-07,0.0,0.053599659353494644,1.0,5.454543270388967e-07,0.1,0.0006682223045015941
892,1.3159906302462332e-05,1.0,2.1361667677410878e-05,1.0,2.295478793712391e-07,0.0,0.09608319401741028,1.0,2.1107084648974705e-06,0.1,0.0006667433624892319
893,9.28736881178338e-06,1.0,2.8660324460361153e-05,1.0,2.290714036234931e-07,0.0,0.06645569205284119,1.0,1.3570139572038897e-06,0.1,0.000665262779721997
894,8.685673492436763e-06,1.0,2.2361267838277854e-05,1.0,2.2929825149731187e-07,0.0,0.08005554974079132,1.0,1.9839269782551128e-07,0.1,0.000663780570812644
895,1.2284543117857538e-05,1.0,2.1460682546603493e-05,1.0,2.2920363562661805e-07,0.0,0.06501702219247818,1.0,8.282244579049802e-08,0.1,0.0006622967503899758
896,6.831724931544159e-06,1.0,1.4049874152988195e-05,1.0,2.2977360458753537e-07,0.0,0.07557252794504166,1.0,3.525983913732489e-07,0.1,0.0006608113330987012
897,1.0863798706850503e-05,1.0,2.451262844260782e-05,1.0,2.2943048350043682e-07,0.0,0.07325991988182068,1.0,1.74084743775893e-06,0.1,0.0006593243335992894
898,9.662463526183274e-06,1.0,1.2230544598423876e-05,1.0,2.291503875540002e-07,0.0,0.07770506292581558,1.0,1.5554527408312424e-06,0.1,0.0006578357665678248
899,6.513227162940893e-06,1.0,1.4002082934894133e-05,1.0,2.2951546441163373e-07,0.0,0.07733963429927826,1.0,3.236686438867764e-07,0.1,0.0006563456466958633
900,8.759458069107495e-06,1.0,1.523297578387428e-05,1.0,2.291643141916211e-07,0.0,0.07292015850543976,1.0,2.2000145349920786e-07,0.1,0.0006548539886902864
901,5.906545993639156e-06,1.0,8.350025382242166e-06,1.0,2.299188963661436e-07,0.0,0.06648054718971252,0.0,5.578268655881402e-07,0.1,0.0006533608072731563
902,1.3869646863895468e-05,1.0,4.020630876766518e-05,1.0,2.2925812004359614e-07,0.0,0.07182063907384872,0.0008333333333333334,2.152307160940836e-06,0.1,0.0006518661171815707
903,7.1962895162869245e-06,1.0,1.1444010851846542e-05,1.0,2.2960026058171934e-07,0.0,0.0693284273147583,0.0016666666666666668,1.0132679335583816e-06,0.1,0.0006503699331675177
904,6.853571903775446e-06,1.0,8.76442663866328e-06,1.0,2.2913266661817033e-07,0.0,0.05220802128314972,0.0025,3.194697910657851e-07,0.1,0.000648872269997729
905,7.727224328846205e-06,1.0,2.154923276975751e-05,1.0,2.2997990356543596e-07,0.0,0.0285787433385849,0.0033333333333333335,2.810106707329396e-07,0.1,0.000647373142453536
906,7.1864405981614254e-06,1.0,1.9737815819098614e-05,1.0,2.2940366761758924e-07,0.0,0.011598659679293633,0.004166666666666667,1.19506444207218e-06,0.1,0.0006458725653307219
907,8.782802069617901e-06,1.0,4.485825411393307e-05,1.0,2.296161056847268e-07,0.0,0.011885680258274078,0.005,1.7049585494532948e-06,0.1,0.0006443705534393772
908,9.97135339275701e-06,1.0,2.5768322302610613e-05,1.0,2.2907025254426117e-07,0.0,0.008350282907485962,0.005833333333333334,2.847976361408655e-07,0.1,0.0006428671216037532
909,7.526552963099675e-06,1.0,1.6055439118645154e-05,1.0,2.2888362138928642e-07,0.0,0.005864072125405073,0.006666666666666667,5.989907094772207e-07,0.1,0.0006413622846621147
910,8.343724402948283e-06,1.0,1.2882544069725554e-05,1.0,2.2934001719931985e-07,0.0,0.006472236011177301,0.0075,2.118949396390235e-06,0.1,0.0006398560574665951
911,1.0299716450390406e-05,1.0,1.952166530827526e-05,1.0,2.2908031382939953e-07,0.0,0.0034558677580207586,0.008333333333333333,2.7878841137862764e-06,0.1,0.0006383484548830486
912,5.78692379349377e-06,1.0,6.126013431639876e-06,1.0,2.2933159016247373e-07,0.0,0.003363910363987088,0.009166666666666667,1.7278568975598319e-06,0.1,0.000636839491790904
913,9.747162948769983e-06,1.0,2.4947616111603566e-05,1.0,2.3040436758492433e-07,0.0,0.0021187481470406055,0.01,7.779843826938304e-07,0.1,0.0006353291830830179
914,7.372068921540631e-06,1.0,1.072532086254796e-05,1.0,2.2921810227671813e-07,0.0,0.002232495928183198,0.010833333333333334,9.074355489246955e-07,0.1,0.0006338175436655277
915,6.3240795498131774e-06,1.0,1.0346827366447542e-05,1.0,2.2994613857463264e-07,0.0,0.0016914280131459236,0.011666666666666667,2.2910496682015946e-06,0.1,0.0006323045884577039
916,9.953730113920756e-06,1.0,1.7050813767127693e-05,1.0,2.293055700874902e-07,0.0,0.0016447510570287704,0.0125,3.639422402557102e-06,0.1,0.0006307903323918035
917,5.810744823975256e-06,1.0,1.3530665455618873e-05,1.0,2.293250247475953e-07,0.0,0.0011782257352024317,0.013333333333333334,1.5116702343220823e-06,0.1,0.000629274790412923
918,1.2209367014293093e-05,1.0,3.0016717573744245e-05,1.0,2.295401202445646e-07,0.0,0.0010394532000645995,0.014166666666666666,5.256605390968616e-07,0.1,0.0006277579774788495
919,6.289009888860164e-06,1.0,1.0825997378560714e-05,1.0,2.2945995681311615e-07,0.0,0.0009060533484444022,0.015,9.934251465892885e-07,0.1,0.0006262399085599144
920,6.209388629940804e-06,1.0,6.5665290094329976e-06,1.0,2.2968075086282624e-07,0.0,0.0006798080285079777,0.015833333333333335,2.0632460291380994e-06,0.1,0.0006247205986388449
921,6.737684998370241e-06,1.0,1.680240166024305e-05,1.0,2.2950165146085055e-07,0.0,0.0005558263510465622,0.016666666666666666,2.4387400117120706e-06,0.1,0.0006232000627106172
922,7.348221970460145e-06,1.0,2.5961571736843325e-05,1.0,2.2940395183468354e-07,0.0,0.0005962592549622059,0.0175,8.47365299705416e-07,0.1,0.0006216783157823061
923,7.158432254072977e-06,1.0,7.55798100726679e-06,1.0,2.2919492437267763e-07,0.0,0.0004779523587785661,0.018333333333333333,8.716849606571486e-07,0.1,0.0006201553728729402
924,5.750909167545615e-06,1.0,1.7458261936553754e-05,1.0,2.294068082164813e-07,0.0,0.00045770336873829365,0.019166666666666665,1.4547881619364489e-06,0.1,0.0006186312490133506
925,8.966871973825619e-06,1.0,1.993022669921629e-05,1.0,2.2985824443821912e-07,0.0,0.00035628193290904164,0.02,3.212047658962547e-06,0.1,0.0006171059592460249
926,5.898972631257493e-06,1.0,1.4609654499508906e-05,1.0,2.292121905611566e-07,0.0,0.000310950621496886,0.020833333333333332,1.6971438299151487e-06,0.1,0.0006155795186249571
927,1.075204272638075e-05,1.0,1.655146843404509e-05,1.0,2.297194043876516e-07,0.0,0.0002857963554561138,0.021666666666666667,5.461758973979158e-07,0.1,0.0006140519422155
928,7.516810455854284e-06,1.0,8.83930260897614e-06,1.0,2.2963152446209278e-07,0.0,0.00032222416484728456,0.0225,8.860247362463269e-07,0.1,0.000612523245094216
929,7.36746687834966e-06,1.0,2.7026888346881606e-05,1.0,2.2894195694789232e-07,0.0,0.0003295756469015032,0.023333333333333334,2.360966846026713e-06,0.1,0.0006109934423487285
930,7.844346328056417e-06,1.0,1.37857377922046e-05,1.0,2.2947483557800297e-07,0.0,0.00025170284789055586,0.024166666666666666,2.5403869585716166e-06,0.1,0.0006094625490775732
931,6.1038990679662675e-06,1.0,1.6599875380052254e-05,1.0,2.2895235929354385e-07,0.0,0.00023551276535727084,0.025,1.1731208360288292e-06,0.1,0.0006079305803900482
932,1.5096434253791813e-05,1.0,2.3137285097618587e-05,1.0,2.2913857833373186e-07,0.0,0.00019550826982595026,0.025833333333333333,2.742644937825389e-07,0.1,0.0006063975514060665
933,9.788189345272258e-06,1.0,1.2858504305768292e-05,1.0,2.294402747793356e-07,0.0,0.00022953888401389122,0.02666666666666667,4.827606971957721e-07,0.1,0.0006048634772560048
934,7.907926374173257e-06,1.0,2.222799048468005e-05,1.0,2.2915980935067637e-07,0.0,0.000246012641582638,0.0275,2.621944986458402e-06,0.1,0.0006033283730805558
935,7.785560228512622e-06,1.0,1.5912772141746245e-05,1.0,2.290888829747928e-07,0.0,0.00018728768918663263,0.028333333333333332,2.6924356006929884e-06,0.1,0.000601792254030578
936,5.529730515263509e-06,1.0,9.735833373269998e-06,1.0,2.2935415699976147e-07,0.0,0.00019569549476727843,0.029166666666666667,1.1400913990655681e-06,0.1,0.0006002551352669465
937,1.0232195563730784e-05,1.0,9.12667928787414e-06,1.0,2.2935029164727894e-07,0.0,0.00018867668404709548,0.03,4.024332156404853e-07,0.1,0.0005987170319604023
938,8.801661351753864e-06,1.0,2.5140043362625875e-05,1.0,2.2937004473533307e-07,0.0,0.0001650889462325722,0.030833333333333334,4.1789712668105494e-07,0.1,0.0005971779592914048
939,8.723895916773472e-06,1.0,1.890169551188592e-05,1.0,2.2925109988136683e-07,0.0,0.00015109064406715333,0.03166666666666667,2.9755260584352072e-06,0.1,0.0005956379324499795
940,1.3069666238152422e-05,1.0,2.5071867639780976e-05,1.0,2.297139047868768e-07,0.0,0.00017091499466914684,0.0325,4.337117388786282e-06,0.1,0.0005940969666355696
941,5.9406102081993595e-06,1.0,3.4361057714704657e-06,1.0,2.2943078192838584e-07,0.0,0.00011130807979498059,0.03333333333333333,1.1799418189184507e-06,0.1,0.0005925550770568856
942,1.2659510502999183e-05,1.0,1.7380960343871266e-05,1.0,2.29125447503975e-07,0.0,0.00010560345253907144,0.034166666666666665,2.4254774189103046e-07,0.1,0.0005910122789317552
943,1.0505928003112786e-05,1.0,2.465231045789551e-05,1.0,2.2955532585910987e-07,0.0,0.00014200148871168494,0.035,3.066404588025762e-07,0.1,0.000589468587486973
944,8.409274414589163e-06,1.0,2.4199869585572742e-05,1.0,2.2952704625822662e-07,0.0,9.84903599601239e-05,0.035833333333333335,2.5044771518878406e-06,0.1,0.0005879240179581506
945,1.5194122170214541e-05,1.0,3.076838402193971e-05,1.0,2.2909883057309344e-07,0.0,0.00012007889745291322,0.03666666666666667,4.9401496653445065e-06,0.1,0.0005863785855895653
946,6.269604000408435e-06,1.0,1.6462758139823563e-05,1.0,2.2946844069338113e-07,0.0,0.00011048417945858091,0.0375,1.7657732769293943e-06,0.1,0.0005848323056340106
947,1.2216918548801914e-05,1.0,9.524458619125653e-06,1.0,2.2936930577088788e-07,0.0,0.00011696611909428611,0.03833333333333333,2.2752510631107725e-07,0.1,0.0005832851933526459
948,1.481642721046228e-05,1.0,1.4363064110511914e-05,1.0,2.291021701239515e-07,0.0,9.239833161700517e-05,0.03916666666666667,1.747185933709261e-07,0.1,0.0005817372640148445
949,6.641043455601903e-06,1.0,3.0129864171613008e-05,1.0,2.288464031607873e-07,0.0,9.816293459152803e-05,0.04,7.087738822519896e-07,0.1,0.0005801885328980439
950,2.2489859475172125e-05,1.0,4.726807674160227e-05,1.0,2.2970601776250987e-07,0.0,0.00010563807154539973,0.04083333333333333,6.585651135537773e-06,0.1,0.0005786390152875954
951,1.8589096725918353e-05,1.0,4.661751154344529e-05,1.0,2.29772325610611e-07,0.0,0.00011664224439300597,0.041666666666666664,5.519183105207048e-06,0.1,0.000577088726476612
952,7.583206297567813e-06,1.0,1.1642670870060101e-05,1.0,2.2978881020208064e-07,0.0,0.00010018105240305886,0.0425,5.074987825537391e-07,0.1,0.0005755376817658183
953,1.824140599637758e-05,1.0,3.70125962945167e-05,1.0,2.2931115495339327e-07,0.0,9.541235340293497e-05,0.043333333333333335,1.014857318182294e-07,0.1,0.0005739858964633994
954,6.757984920113813e-06,1.0,1.7742893760441802e-05,1.0,2.2938087340662605e-07,0.0,8.674217679072171e-05,0.04416666666666667,6.45423142486834e-07,0.1,0.0005724333858848501
955,1.956063169927802e-05,1.0,4.011095006717369e-05,1.0,2.2941442523460864e-07,0.0,8.238777081714943e-05,0.045,6.0949710132263135e-06,0.1,0.0005708801653528226
956,2.0543116988847032e-05,1.0,3.409207783988677e-05,1.0,2.29641443638684e-07,0.0,0.00010484489030204713,0.04583333333333333,6.1125306274334434e-06,0.1,0.0005693262501969768
957,5.860991677764105e-06,1.0,1.2468211934901774e-05,1.0,2.2937364008157601e-07,0.0,8.384677494177595e-05,0.04666666666666667,8.519192533640307e-07,0.1,0.0005677716557538278
958,1.4682021173939575e-05,1.0,4.1782397602219135e-05,1.0,2.29586305522389e-07,0.0,8.147487096721306e-05,0.0475,1.4874100884298969e-07,0.1,0.0005662163973665953
959,5.6367507568211295e-06,1.0,1.2741501450364012e-05,1.0,2.2936865207157098e-07,0.0,7.115473999874666e-05,0.04833333333333333,5.93642425883445e-07,0.1,0.0005646604903850514
960,7.010532499407418e-06,1.0,1.0589089470158797e-05,1.0,2.3001214799478475e-07,0.0,6.96412316756323e-05,0.049166666666666664,1.7912013845489128e-06,0.1,0.00056310395016537
961,7.1689610194880515e-06,1.0,3.348169775563292e-05,1.0,2.299645132097794e-07,0.0,6.136942829471081e-05,0.05,1.8640013195181382e-06,0.1,0.0005615467920699748
962,9.267576388083398e-06,1.0,8.228943443100434e-06,1.0,2.293996033131407e-07,0.0,6.48291315883398e-05,0.050833333333333335,2.611441800581815e-07,0.1,0.0005599890314673875
963,1.4424209439312108e-05,1.0,2.213320112787187e-05,1.0,2.2915111230759067e-07,0.0,6.679874786641449e-05,0.051666666666666666,1.3598250347968133e-07,0.1,0.0005584306837320764
964,5.574554961640388e-06,1.0,6.521760496980278e-06,1.0,2.291405820642467e-07,0.0,6.33055460639298e-05,0.0525,8.454791782241955e-07,0.1,0.0005568717642443041
965,1.1372706467227545e-05,1.0,1.2058279935445171e-05,1.0,2.284334073010541e-07,0.0,6.202843360370025e-05,0.05333333333333334,3.1861495699558873e-06,0.1,0.0005553122883899772
966,1.147977036453085e-05,1.0,2.6516694560996257e-05,1.0,2.3027781992368546e-07,0.0,5.86056848987937e-05,0.05416666666666667,3.1887716431810986e-06,0.1,0.0005537522715604924
967,6.500614290416706e-06,1.0,6.615216534555657e-06,1.0,2.2905024366082216e-07,0.0,5.662859621224925e-05,0.055,5.173058070795378e-07,0.1,0.0005521917291525861
968,1.866153979790397e-05,1.0,3.749092138605192e-05,1.0,2.2947619982005563e-07,0.0,5.561814032262191e-05,0.05583333333333333,9.314452142916707e-08,0.1,0.0005506306765681819
969,7.2546390583738685e-06,1.0,1.4477131117018871e-05,1.0,2.292303236117732e-07,0.0,4.604861533152871e-05,0.056666666666666664,4.0600644979349454e-07,0.1,0.0005490691292142387
970,1.127976065617986e-05,1.0,2.4262661099783145e-05,1.0,2.2941907218410051e-07,0.0,5.071511259302497e-05,0.0575,3.2657812880643178e-06,0.1,0.000547507102502598
971,1.0622254194458947e-05,1.0,2.0361227143439464e-05,1.0,2.2902192142737476e-07,0.0,5.663047340931371e-05,0.058333333333333334,3.3632779832259985e-06,0.1,0.0005459446118498332
972,5.604362740996294e-06,1.0,1.9546578187146224e-05,1.0,2.2924287179648672e-07,0.0,5.2240029617678374e-05,0.059166666666666666,6.898900437590783e-07,0.1,0.0005443816726770963
973,1.4458474652201403e-05,1.0,5.3586561989504844e-05,1.0,2.2925755160940753e-07,0.0,4.8711575800552964e-05,0.06,1.5130410702113295e-07,0.1,0.0005428183004099657
974,5.552383299800567e-06,1.0,9.51838319451781e-06,1.0,2.2913799568868853e-07,0.0,5.463464549393393e-05,0.060833333333333336,6.846213409517077e-07,0.1,0.0005412545104782949
975,1.275644899578765e-05,1.0,2.928289359260816e-05,1.0,2.2947209288304293e-07,0.0,5.2375889936229214e-05,0.06166666666666667,3.9068977457645815e-06,0.1,0.0005396903183160586
976,8.567958502680995e-06,1.0,1.007023274723906e-05,1.0,2.2908511709829327e-07,0.0,5.5530836107209325e-05,0.0625,2.675786845429684e-06,0.1,0.0005381257393612026
977,5.779419552709442e-06,1.0,1.597802111064084e-05,1.0,2.2943301303257613e-07,0.0,4.742856617667712e-05,0.06333333333333334,6.619354735448724e-07,0.1,0.000536560789055489
978,6.758487415936543e-06,1.0,8.49784555612132e-06,1.0,2.2945474142943567e-07,0.0,5.10808895342052e-05,0.06416666666666666,4.91713251449255e-07,0.1,0.0005349954828443459
979,5.843282451678533e-06,1.0,1.530412737338338e-05,1.0,2.2947735089928756e-07,0.0,5.120650166645646e-05,0.065,6.093031288401107e-07,0.1,0.0005334298361767132
980,6.277782631514128e-06,1.0,1.0513545021240134e-05,1.0,2.2919982711755438e-07,0.0,5.4694122809451073e-05,0.06583333333333333,1.6894277905521449e-06,0.1,0.0005318638645048922
981,5.980443347652908e-06,1.0,1.5234414604492486e-05,1.0,2.2900701424077852e-07,0.0,4.599257226800546e-05,0.06666666666666667,1.91849085240392e-06,0.1,0.0005302975832843904
982,5.715708994102897e-06,1.0,2.8920817385369446e-06,1.0,2.2925858900180174e-07,0.0,4.2955478420481086e-05,0.0675,6.669059757768991e-07,0.1,0.0005287310079737713
983,1.1845469089166727e-05,1.0,3.61566235369537e-05,1.0,2.2916810848983005e-07,0.0,4.864225775236264e-05,0.06833333333333333,1.7912444150169904e-07,0.1,0.000527164154034501
984,4.818227353098337e-06,1.0,1.3548527931561694e-05,1.0,2.2963610035731108e-07,0.0,4.378738231025636e-05,0.06916666666666667,8.572658316552406e-07,0.1,0.0005255970369307949
985,1.0208828825852834e-05,1.0,1.839656943047885e-05,1.0,2.2947170918996562e-07,0.0,4.28671992267482e-05,0.07,3.1517429306404665e-06,0.1,0.0005240296721294665
986,9.194089216180146e-06,1.0,3.260965968365781e-05,1.0,2.2961381773711764e-07,0.0,5.039838288212195e-05,0.07083333333333333,2.878461600630544e-06,0.1,0.0005224620750997735
987,7.636015652678907e-06,1.0,2.025618960033171e-05,1.0,2.3058174747347948e-07,0.0,5.061865522293374e-05,0.07166666666666667,3.1182520388028934e-07,0.1,0.0005208942613132659
988,1.0875168300117366e-05,1.0,2.995141221617814e-05,1.0,2.2942309385598492e-07,0.0,4.4258365960558876e-05,0.0725,2.0709755688130826e-07,0.1,0.0005193262462436323
989,5.280484856484691e-06,1.0,1.2710974033325328e-06,1.0,2.292330236741691e-07,0.0,4.213832289678976e-05,0.07333333333333333,9.630580279917922e-07,0.1,0.0005177580453665491
990,8.190618245862424e-06,1.0,1.0653005119820591e-05,1.0,2.3034165508306614e-07,0.0,4.1820137994363904e-05,0.07416666666666667,2.442297727611731e-06,0.1,0.0005161896741595252
991,7.023206762823975e-06,1.0,1.0411630682938267e-05,1.0,2.2974552393861813e-07,0.0,3.970768011640757e-05,0.075,1.981924015126424e-06,0.1,0.0005146211481017515
992,4.9270524868916254e-06,1.0,6.4320024648623075e-06,1.0,2.2888866624271031e-07,0.0,3.253567774663679e-05,0.07583333333333334,9.799721283343388e-07,0.1,0.0005130524826739472
993,8.393932148464955e-06,1.0,4.44075021732715e-06,1.0,2.2961057766224258e-07,0.0,5.2239240176277235e-05,0.07666666666666666,2.9519668487409945e-07,0.1,0.0005114836933582064
994,9.528363079880364e-06,1.0,1.2962255823367741e-05,1.0,2.2952781364438124e-07,0.0,3.915462002623826e-05,0.0775,2.1467366195793147e-07,0.1,0.0005099147956378465
995,4.7570865717716515e-06,1.0,1.0376270438428037e-05,1.0,2.2972878355176363e-07,0.0,3.8023128581698984e-05,0.07833333333333334,8.050964765971003e-07,0.1,0.0005083458049972545
996,9.463720743951853e-06,1.0,2.4022761863307096e-05,1.0,2.3038964513943938e-07,0.0,4.313657700549811e-05,0.07916666666666666,2.648273039085325e-06,0.1,0.0005067767369217348
997,4.996594725525938e-06,1.0,4.127016381971771e-06,1.0,2.2990181491877593e-07,0.0,3.3495904062874615e-05,0.08,1.3103110632073367e-06,0.1,0.0005052076068973555
998,5.2920568123226985e-06,1.0,1.267939296667464e-05,1.0,2.2952023925881804e-07,0.0,3.240544901927933e-05,0.08083333333333333,5.144925125932787e-07,0.1,0.0005036384304107968
999,5.467200935527217e-06,1.0,9.1694937509601e-06,1.0,2.2962325374464854e-07,0.0,3.4491808037273586e-05,0.08166666666666667,5.737571200370439e-07,0.1,0.0005020692229491969
1000,5.109650373924524e-06,1.0,9.8167847681907e-06,1.0,2.29774471449673e-07,0.0,4.109262954443693e-05,0.0825,1.1355074320817948e-06,0.1,0.0005005000000000001
1001,6.500658855657093e-06,1.0,7.25686641089851e-06,1.0,2.294580383477296e-07,0.0,3.4475771826691926e-05,0.08333333333333333,1.7597990336071234e-06,0.1,0.0004989307770508032
1002,7.426873253280064e-06,1.0,1.545474151498638e-05,1.0,2.2953335587772017e-07,0.0,3.4521792258601636e-05,0.08416666666666667,2.1023506633355282e-06,0.1,0.0004973615695892034
1003,5.070401584816864e-06,1.0,4.678337518271292e-06,1.0,2.284573383803945e-07,0.0,3.0392107873922214e-05,0.085,1.0413189102109754e-06,0.1,0.0004957923931026446
1004,4.7637804527767e-06,1.0,7.614935839228565e-06,1.0,2.2932057675006945e-07,0.0,3.325559009681456e-05,0.08583333333333333,7.520101235058974e-07,0.1,0.0004942232630782654
1005,6.087294423195999e-06,1.0,1.9874179997714236e-05,1.0,2.296352903385923e-07,0.0,3.1883981137070805e-05,0.08666666666666667,3.805683377322566e-07,0.1,0.0004926541950027458
1006,5.311540007824078e-06,1.0,5.772837994300062e-06,1.0,2.299063766031395e-07,0.0,3.531343099894002e-05,0.0875,5.668327958119335e-07,0.1,0.0004910852043621537
1007,5.811717983306153e-06,1.0,1.692126716079656e-05,1.0,2.2931327237074584e-07,0.0,3.316547008580528e-05,0.08833333333333333,1.5405989870487247e-06,0.1,0.0004895163066417938
1008,5.051444986747811e-06,1.0,2.011809374380391e-05,1.0,2.2969480539813958e-07,0.0,3.0071965738898143e-05,0.08916666666666667,1.2312300441408297e-06,0.1,0.000487947517326053
1009,5.78920662519522e-06,1.0,2.3757667804602534e-05,1.0,2.29240413318621e-07,0.0,3.575586015358567e-05,0.09,4.0529096168029355e-07,0.1,0.00048637885189824865
1010,6.56720749248052e-06,1.0,1.970417179109063e-05,1.0,2.2966318624639825e-07,0.0,3.799806290771812e-05,0.09083333333333334,3.6399808323039906e-07,0.1,0.000484810325840475
1011,4.626323516276898e-06,1.0,1.1711871593433898e-05,1.0,2.295392818041364e-07,0.0,2.7663420041790232e-05,0.09166666666666666,8.050208748500154e-07,0.1,0.00048324195463345126
1012,6.164090336824302e-06,1.0,1.3603377738036215e-05,1.0,2.2990937509348441e-07,0.0,3.081269096583128e-05,0.0925,1.7896904864755925e-06,0.1,0.0004816737537563677
1013,4.991931746189948e-06,1.0,8.114694537653122e-06,1.0,2.2973453894792328e-07,0.0,3.565201041055843e-05,0.09333333333333334,8.790237870925921e-07,0.1,0.0004801057386867343
1014,5.430075361800846e-06,1.0,8.67555081640603e-06,1.0,2.2895574147696607e-07,0.0,3.352181738591753e-05,0.09416666666666666,4.581604002851236e-07,0.1,0.0004785379249002266
1015,5.488529495778494e-06,1.0,1.450841773475986e-05,1.0,2.2987890702097502e-07,0.0,2.7784049962065183e-05,0.095,5.519763135453104e-07,0.1,0.00047697032787053347
1016,4.746018930745777e-06,1.0,1.0044185728474986e-05,1.0,2.2971020996465086e-07,0.0,2.901274274336174e-05,0.09583333333333334,7.60614057071507e-07,0.1,0.0004754029630692052
1017,6.611959634028608e-06,1.0,8.938744940678589e-06,1.0,2.2940051280784246e-07,0.0,3.3598655136302114e-05,0.09666666666666666,1.8076163996738615e-06,0.1,0.00047383584596549924
1018,7.327998901018873e-06,1.0,2.1853709768038243e-05,1.0,2.292367753398139e-07,0.0,2.8099751943955198e-05,0.0975,2.1003315850975923e-06,0.1,0.0004722689920262288
1019,4.70952636533184e-06,1.0,8.504051947966218e-06,1.0,2.29626024861318e-07,0.0,3.235866461182013e-05,0.09833333333333333,6.774093890271615e-07,0.1,0.00047070241671560986
1020,9.931905879057012e-06,1.0,1.5687573977629654e-05,1.0,2.2961165768720093e-07,0.0,2.868865522032138e-05,0.09916666666666667,2.09036358000958e-07,0.1,0.0004691361354951082
1021,8.843069736030884e-06,1.0,1.6686451999703422e-05,1.0,2.2905453533894615e-07,0.0,2.9792790883220732e-05,0.1,2.743973936958355e-07,0.1,0.0004675701638232868
1022,5.592521574726561e-06,1.0,6.400935490091797e-06,1.0,2.2949359390622703e-07,0.0,2.5846626158454455e-05,0.10083333333333333,1.4443623967963504e-06,0.1,0.00046600451715565446
1023,1.0420252692711074e-05,1.0,3.461413143668324e-05,1.0,2.2915855879546143e-07,0.0,2.9059274311293848e-05,0.10166666666666667,3.394306531845359e-06,0.1,0.0004644392109445113
1024,5.023879111831775e-06,1.0,1.6840300304465927e-05,1.0,2.2880803385305626e-07,0.0,2.6991645427187905e-05,0.1025,1.468407617721823e-06,0.1,0.00046287426063879765
1025,1.0430791007820517e-05,1.0,1.2875220818386879e-05,1.0,2.2842763769403973e-07,0.0,2.7493446395965293e-05,0.10333333333333333,1.8016734770753828e-07,0.1,0.0004613096816839416
1026,1.3204638889874332e-05,1.0,4.040549538331106e-05,1.0,2.292093910227777e-07,0.0,3.1136354664340615e-05,0.10416666666666667,1.1944942457375873e-07,0.1,0.0004597454895217054
1027,4.8467454689671285e-06,1.0,1.4743206520506646e-05,1.0,2.2909395624992612e-07,0.0,2.453040360705927e-05,0.105,1.3002972991671413e-06,0.1,0.0004581816995900344
1028,1.363740193482954e-05,1.0,2.116502400895115e-05,1.0,2.2917359387975011e-07,0.0,1.9875200450769626e-05,0.10583333333333333,4.231921593600418e-06,0.1,0.00045661832732290386
1029,8.822089512250386e-06,1.0,1.8151506083086133e-05,1.0,2.2937395272037975e-07,0.0,2.7374637284083292e-05,0.10666666666666667,2.8276976991037372e-06,0.1,0.00045505538815016696
1030,4.44677789346315e-06,1.0,1.3118960850988515e-05,1.0,2.2927298459762824e-07,0.0,2.4564109480706975e-05,0.1075,8.081875648713321e-07,0.1,0.0004534928974974022
1031,5.776289071945939e-06,1.0,6.41503402221133e-06,1.0,2.295762016046865e-07,0.0,2.3936430807225406e-05,0.10833333333333334,3.8294723481158144e-07,0.1,0.0004519308707857617
1032,4.8072852223413065e-06,1.0,2.0025870981044136e-05,1.0,2.2996644588602067e-07,0.0,2.5163806640193798e-05,0.10916666666666666,5.434341119325836e-07,0.1,0.00045036932343181827
1033,4.555326086119749e-06,1.0,8.315421837323811e-06,1.0,2.2832377055692632e-07,0.0,2.392716851318255e-05,0.11,9.998630048357882e-07,0.1,0.0004488082708474141
1034,6.567504897248e-06,1.0,7.693551197007764e-06,1.0,2.292119916091906e-07,0.0,2.820371082634665e-05,0.11083333333333334,1.9161232103215298e-06,0.1,0.0004472477284395077
1035,7.96984022599645e-06,1.0,1.131337648985209e-05,1.0,2.2920427511508024e-07,0.0,2.1590378310065717e-05,0.11166666666666666,2.1367452518461505e-06,0.1,0.000445687711610023
1036,4.669676854973659e-06,1.0,6.1693340285273734e-06,1.0,2.2936724519695417e-07,0.0,2.5211791580659337e-05,0.1125,1.0933376870525535e-06,0.1,0.00044412823575569596
1037,4.899064151686616e-06,1.0,1.0126797860721126e-05,1.0,2.2937192056815547e-07,0.0,2.5077324607991613e-05,0.11333333333333333,4.858512170358154e-07,0.1,0.0004425693162679239
1038,4.893868663202738e-06,1.0,1.359980979032116e-05,1.0,2.294602836627746e-07,0.0,1.9896258891094476e-05,0.11416666666666667,5.049967626291618e-07,0.1,0.0004410109685326127
1039,6.444814971473534e-06,1.0,1.4663854926766362e-05,1.0,2.2935489596420666e-07,0.0,2.2677229935652576e-05,0.115,1.6313387050104211e-06,0.1,0.00043945320793002527
1040,6.508219030365581e-06,1.0,1.5067342246766202e-05,1.0,2.295703183108344e-07,0.0,2.239429704786744e-05,0.11583333333333333,1.945357553267968e-06,0.1,0.00043789604983463014
1041,4.62175376014784e-06,1.0,7.693447514611762e-06,1.0,2.2948434263980744e-07,0.0,2.3098302335711196e-05,0.11666666666666667,7.248804649861995e-07,0.1,0.00043633950961494887
1042,6.483646757260431e-06,1.0,2.6048277504742146e-05,1.0,2.291864689141221e-07,0.0,2.2574447939405218e-05,0.1175,3.6258128943700285e-07,0.1,0.000434783602633405
1043,4.538627763395198e-06,1.0,1.4693334378534928e-05,1.0,2.2843968849883822e-07,0.0,2.3240565496962517e-05,0.11833333333333333,1.0631085842760513e-06,0.1,0.00043322834424617233
1044,5.1476895350788254e-06,1.0,1.2944907211931422e-05,1.0,2.2913775410415838e-07,0.0,2.5002598704304546e-05,0.11916666666666667,1.309443518948683e-06,0.1,0.00043167374980302337
1045,4.49661001766799e-06,1.0,2.871451442842954e-06,1.0,2.2954998257773696e-07,0.0,2.8324024242465384e-05,0.12,7.480462045350578e-07,0.1,0.00043011983464717756
1046,5.6888839026214555e-06,1.0,6.658787242486142e-06,1.0,2.2932229626349e-07,0.0,2.0450563170015812e-05,0.12083333333333333,3.700336606016208e-07,0.1,0.0004285666141151501
1047,4.910323696094565e-06,1.0,6.190547992446227e-06,1.0,2.293169814038265e-07,0.0,1.8463113519828767e-05,0.12166666666666667,5.437910317596106e-07,0.1,0.00042701410353660076
1048,4.340482519182842e-06,1.0,4.731066383101279e-06,1.0,2.2956737666390836e-07,0.0,1.850148146331776e-05,0.1225,8.182514648069628e-07,0.1,0.0004254623182341819
1049,5.123431037645787e-06,1.0,8.493881978210993e-06,1.0,2.2933504340016952e-07,0.0,1.6353031242033467e-05,0.12333333333333334,1.2110504030715674e-06,0.1,0.0004239112735233883
1050,4.27103805122897e-06,1.0,6.130104793555802e-06,1.0,2.2890209550041618e-07,0.0,1.8202599676442333e-05,0.12416666666666666,7.855607577766932e-07,0.1,0.00042236098471240476
1051,4.369243924884358e-06,1.0,9.813339602260385e-06,1.0,2.2961091872275574e-07,0.0,2.1609357645502314e-05,0.125,6.44989427200926e-07,0.1,0.0004208114671019562
1052,5.349744242266752e-06,1.0,1.3735972061112989e-05,1.0,2.2925334519641183e-07,0.0,2.388657048868481e-05,0.12583333333333332,1.2522818906290922e-06,0.1,0.00041926273598515574
1053,5.212753421801608e-06,1.0,1.182631058327388e-05,1.0,2.2903142848917923e-07,0.0,1.988103031180799e-05,0.12666666666666668,1.3472217688104138e-06,0.1,0.00041771480664735435
1054,4.962766070093494e-06,1.0,1.1277275916654617e-05,1.0,2.2930532850296004e-07,0.0,2.0717572624562308e-05,0.1275,1.0586645657895133e-06,0.1,0.0004161676943659895
1055,4.865113623964135e-06,1.0,6.340321306197438e-06,1.0,2.2946264266465732e-07,0.0,2.397375283180736e-05,0.12833333333333333,1.0435825288368505e-06,0.1,0.00041462141441043495
1056,4.449538664630381e-06,1.0,8.223712939070538e-06,1.0,2.295508636507293e-07,0.0,1.999444793909788e-05,0.12916666666666668,7.857444188630325e-07,0.1,0.00041307598204184975
1057,4.370654551166808e-06,1.0,5.904742920392891e-06,1.0,2.2908199071025592e-07,0.0,1.9716881070053205e-05,0.13,5.050267759543203e-07,0.1,0.0004115314125130271
1058,5.844660336151719e-06,1.0,6.555927484441781e-06,1.0,2.295234651228384e-07,0.0,1.8937756976811215e-05,0.13083333333333333,3.2171436714634183e-07,0.1,0.000409987721068245
1059,5.084114491182845e-06,1.0,1.4927526535757352e-05,1.0,2.2969011581608356e-07,0.0,1.8363234630669467e-05,0.13166666666666665,4.0435389792037313e-07,0.1,0.0004084449229431146
1060,4.566156349028461e-06,1.0,6.588780706806574e-06,1.0,2.2994558435129875e-07,0.0,1.761865678417962e-05,0.1325,5.279624701870489e-07,0.1,0.00040690303336443065
1061,4.126204203203088e-06,1.0,7.756875675113406e-06,1.0,2.2907042307451775e-07,0.0,2.070257323794067e-05,0.13333333333333333,7.133288590921438e-07,0.1,0.00040536206755002074
1062,4.815879947273061e-06,1.0,1.5553077901131473e-05,1.0,2.2943471833514195e-07,0.0,1.7415397451259196e-05,0.13416666666666666,1.1388709708626266e-06,0.1,0.0004038220407085955
1063,6.024180038366467e-06,1.0,1.6039628462749533e-05,1.0,2.2970823465584544e-07,0.0,1.9796847482211888e-05,0.135,1.5124367109820014e-06,0.1,0.0004022829680395977
1064,4.642551175493281e-06,1.0,4.754550445795758e-06,1.0,2.289113609776905e-07,0.0,1.7153808585135266e-05,0.13583333333333333,8.021451094464283e-07,0.1,0.0004007448647330538
1065,5.1779852583422326e-06,1.0,9.909227628668305e-06,1.0,2.2940029964502173e-07,0.0,1.8141787222702987e-05,0.13666666666666666,3.741491241271433e-07,0.1,0.00039920774596942214
1066,5.578574928222224e-06,1.0,8.149248969857581e-06,1.0,2.2939576638236758e-07,0.0,1.741143933031708e-05,0.1375,4.013281227344123e-07,0.1,0.00039767162691944425
1067,4.447600076673552e-06,1.0,1.284254358324688e-05,1.0,2.293983101253616e-07,0.0,1.5906323824310675e-05,0.13833333333333334,7.010619356151437e-07,0.1,0.00039613652274399545
1068,6.5554663706279825e-06,1.0,9.334164133179002e-06,1.0,2.2932880483494955e-07,0.0,1.911862455017399e-05,0.13916666666666666,1.866253228399728e-06,0.1,0.0003946024485939338
1069,6.829126505181193e-06,1.0,2.0587307517416775e-05,1.0,2.292570684403472e-07,0.0,1.771903407643549e-05,0.14,2.1475425455719233e-06,0.1,0.00039306941960995194
1070,4.306160917622037e-06,1.0,1.5075496776262298e-05,1.0,2.2976752234171727e-07,0.0,1.6451713236165233e-05,0.14083333333333334,8.904163451006752e-07,0.1,0.00039153745092242707
1071,4.8411984607810155e-06,1.0,8.982194231066387e-06,1.0,2.2937310006909684e-07,0.0,1.7030955859809183e-05,0.14166666666666666,4.644369369088963e-07,0.1,0.00039000655765127176
1072,4.160168373346096e-06,1.0,7.480733984266408e-06,1.0,2.2945347666336602e-07,0.0,1.4352988728205673e-05,0.1425,5.948315902060131e-07,0.1,0.0003884767549057841
1073,4.206461198918987e-06,1.0,3.7977345073159086e-06,1.0,2.294680427894491e-07,0.0,1.8978134903591126e-05,0.14333333333333334,7.889769904068089e-07,0.1,0.00038694805778450024
1074,4.664057996706106e-06,1.0,3.977774213126395e-06,1.0,2.2975123670221365e-07,0.0,1.5520005035796203e-05,0.14416666666666667,9.047898856806569e-07,0.1,0.0003854204813750431
1075,4.763419838127447e-06,1.0,7.650979569007177e-06,1.0,2.3013554084627685e-07,0.0,1.566813989484217e-05,0.145,1.2796391501979087e-06,0.1,0.00038389404075397536
1076,4.532276761892717e-06,1.0,4.7789558266231325e-06,1.0,2.300741641647619e-07,0.0,1.7498423403594643e-05,0.14583333333333334,9.885438885248732e-07,0.1,0.0003823687509866496
1077,4.6353370635188185e-06,1.0,6.647393547609681e-06,1.0,2.298443035897435e-07,0.0,1.7434633264201693e-05,0.14666666666666667,6.038378046469006e-07,0.1,0.0003808446271270601
1078,5.854939445271157e-06,1.0,1.2893495295429602e-05,1.0,2.2972756141825812e-07,0.0,1.3841297914041206e-05,0.1475,3.5064061876255437e-07,0.1,0.000379321684217694
1079,6.370647497533355e-06,1.0,9.718965884530917e-06,1.0,2.2947781985749316e-07,0.0,1.586248617968522e-05,0.14833333333333334,2.553385911596706e-07,0.1,0.0003777999372893831
1080,4.4861990318167955e-06,1.0,8.37175775814103e-06,1.0,2.291773171236855e-07,0.0,1.7244759874301963e-05,0.14916666666666667,6.110639105827431e-07,0.1,0.0003762794013611552
1081,5.8374530453875195e-06,1.0,8.232273103203624e-06,1.0,2.296830388104354e-07,0.0,1.7373798982589506e-05,0.15,1.5991553254934843e-06,0.1,0.0003747600914400857
1082,7.996119165909477e-06,1.0,1.6555419279029593e-05,1.0,2.2850116465633619e-07,0.0,1.6072081052698195e-05,0.15083333333333335,2.3104807951312978e-06,0.1,0.00037324202252115077
1083,4.632649051927729e-06,1.0,8.371946933038998e-06,1.0,2.2992044534930756e-07,0.0,1.7766516975825652e-05,0.15166666666666667,9.665732250141446e-07,0.1,0.0003717252095870772
1084,6.4100295276148245e-06,1.0,4.697878921433585e-06,1.0,2.293780170248283e-07,0.0,1.6358040738850832e-05,0.1525,2.7516978207131615e-07,0.1,0.00037020966760819657
1085,8.793467713985592e-06,1.0,1.253284153790446e-05,1.0,2.2940758981349063e-07,0.0,1.3902210412197746e-05,0.15333333333333332,2.0450121951398614e-07,0.1,0.00036869541154229633
1086,5.3538187785306945e-06,1.0,2.571095865278039e-05,1.0,2.300331374271991e-07,0.0,1.6009173123165965e-05,0.15416666666666667,3.7156416965444805e-07,0.1,0.00036718245633447257
1087,7.12704877514625e-06,1.0,1.1102355529146735e-05,1.0,2.3013967620499898e-07,0.0,1.404016074957326e-05,0.155,2.1122368707438e-06,0.1,0.0003656708169169821
1088,1.2886827789770905e-05,1.0,2.103758743032813e-05,1.0,2.2909173935659055e-07,0.0,1.3235034202807583e-05,0.15583333333333332,3.6031922263646265e-06,0.1,0.00036416050820909605
1089,7.095632099662907e-06,1.0,1.9905713998014107e-05,1.0,2.290427119078231e-07,0.0,1.6405785572715104e-05,0.15666666666666668,2.126621666320716e-06,0.1,0.00036265154511695165
1090,4.236902441334678e-06,1.0,1.4432343959924765e-05,1.0,2.2894136009199428e-07,0.0,1.644193434913177e-05,0.1575,7.213961339402886e-07,0.1,0.00036114394253340497
1091,9.53439848672133e-06,1.0,2.0392495571286418e-05,1.0,2.297383900895511e-07,0.0,1.4449282389250584e-05,0.15833333333333333,1.5281744936146424e-07,0.1,0.00035963771533788544
1092,7.483052286261227e-06,1.0,2.4954561013146304e-05,1.0,2.2952998790515267e-07,0.0,1.5229745258693583e-05,0.15916666666666668,1.889691674250571e-07,0.1,0.000358132878396247
1093,4.690093192039058e-06,1.0,1.0159996236325242e-05,1.0,2.2976638547334005e-07,0.0,1.464651450078236e-05,0.16,9.60287252382841e-07,0.1,0.0003566294465606229
1094,1.038838854583446e-05,1.0,7.493276825698558e-06,1.0,2.2927801524019742e-07,0.0,1.591769978404045e-05,0.16083333333333333,2.7029570901504485e-06,0.1,0.0003551274346692783
1095,1.0042847861768678e-05,1.0,2.2703176000504754e-05,1.0,2.299391894666769e-07,0.0,1.2504383448685985e-05,0.16166666666666665,2.8542153813759796e-06,0.1,0.0003536268575464643
1096,4.335671746957814e-06,1.0,9.079476512852125e-06,1.0,2.2891077833264717e-07,0.0,1.6396194041590206e-05,0.1625,6.737846547366644e-07,0.1,0.0003521277300022711
1097,6.000873327138834e-06,1.0,3.229301000828855e-05,1.0,2.2984711733897711e-07,0.0,1.2971695468877442e-05,0.16333333333333333,2.2200472926670045e-07,0.1,0.0003506300668324827
1098,4.551622623694129e-06,1.0,1.0186068720940966e-05,1.0,2.2905985019860964e-07,0.0,1.2718971447611693e-05,0.16416666666666666,5.100376938571571e-07,0.1,0.00034913388281842953
1099,4.1119137677014805e-06,1.0,1.989391603274271e-05,1.0,2.2976331592872157e-07,0.0,1.4255669157137163e-05,0.165,7.563104986729741e-07,0.1,0.0003476391927268439
1100,4.648215508495923e-06,1.0,5.239183337835129e-06,1.0,2.2976476543590252e-07,0.0,1.4745430235052481e-05,0.16583333333333333,8.318967275044997e-07,0.1,0.0003461460113097139
1101,4.553249709715601e-06,1.0,5.1042516133747995e-06,1.0,2.2901483021087188e-07,0.0,1.3002753803448286e-05,0.16666666666666666,8.48539798425918e-07,0.1,0.0003446543533041369
1102,4.613192686520051e-06,1.0,1.1447570614109281e-05,1.0,2.3001206272965646e-07,0.0,1.4399575775314588e-05,0.1675,8.149455652528559e-07,0.1,0.0003431642334321753
1103,4.686361990025034e-06,1.0,9.557915291225072e-06,1.0,2.289993403792323e-07,0.0,1.5822392015252262e-05,0.16833333333333333,4.4871583781969093e-07,0.1,0.00034167566640071076
1104,4.329413968662266e-06,1.0,9.651233995100483e-06,1.0,2.290947804794996e-07,0.0,1.2401035746734124e-05,0.16916666666666666,4.5680542370973853e-07,0.1,0.000340188666901299
1105,4.622474079951644e-06,1.0,6.385228971339529e-06,1.0,2.2936654886507313e-07,0.0,1.2566286386572756e-05,0.17,6.033844783814857e-07,0.1,0.0003387032496100244
1106,4.687554792326409e-06,1.0,2.8099509563617175e-06,1.0,2.2920681885807426e-07,0.0,1.2310878446442075e-05,0.17083333333333334,1.0119979378941935e-06,0.1,0.0003372194291873564
1107,4.8977053666021675e-06,1.0,5.481262633111328e-06,1.0,2.2938873200928356e-07,0.0,1.2949519259564113e-05,0.17166666666666666,1.2633602182177128e-06,0.1,0.00033573722027800305
1108,4.42963892055559e-06,1.0,1.464017896068981e-05,1.0,2.291033780466023e-07,0.0,1.2550046449177898e-05,0.1725,9.152546454060939e-07,0.1,0.00033425663751076825
1109,4.352600626589265e-06,1.0,1.1047396583308e-05,1.0,2.2885515704729187e-07,0.0,1.2193933798698708e-05,0.17333333333333334,6.808754164921993e-07,0.1,0.0003327776954984061
1110,4.4233233893464785e-06,1.0,2.3826662072679028e-05,1.0,2.2926560916403105e-07,0.0,1.2365754628262948e-05,0.17416666666666666,6.746589633621625e-07,0.1,0.00033130040883747703
1111,4.231244929542299e-06,1.0,8.219067240133882e-06,1.0,2.2931493504074751e-07,0.0,1.2511457498476375e-05,0.175,6.311788638413418e-07,0.1,0.00032982479210820416
1112,4.335553967393935e-06,1.0,9.108656740863807e-06,1.0,2.2967904556026042e-07,0.0,1.3013331226829905e-05,0.17583333333333334,5.391979129854008e-07,0.1,0.0003283508598743288
1113,4.106459527974948e-06,1.0,8.556775355827995e-06,1.0,2.2920173137208621e-07,0.0,1.315917688771151e-05,0.17666666666666667,6.61599926843337e-07,0.1,0.00032687862668296714
1114,4.3871755224245135e-06,1.0,1.4826320693828166e-05,1.0,2.2916636055470008e-07,0.0,1.2796739611076191e-05,0.1775,1.1929156471524038e-06,0.1,0.00032540810706446614
1115,4.501055627770256e-06,1.0,8.899054591893218e-06,1.0,2.2950192146709014e-07,0.0,1.1492100384202786e-05,0.17833333333333334,1.0374124030931853e-06,0.1,0.0003239393155322612
1116,3.820505298790522e-06,1.0,8.436429197899997e-06,1.0,2.2911541464054608e-07,0.0,9.829396731220186e-06,0.17916666666666667,6.583626372957951e-07,0.1,0.00032247226658273134
1117,4.094337782589719e-06,1.0,3.508503141347319e-06,1.0,2.2979543246037792e-07,0.0,1.120243723562453e-05,0.18,5.806979856970429e-07,0.1,0.0003210069746950577
1118,4.252519374858821e-06,1.0,1.1892531802004669e-05,1.0,2.2944590227780282e-07,0.0,1.1145029930048622e-05,0.18083333333333335,6.465458568527538e-07,0.1,0.0003195434543310795
1119,4.265603820385877e-06,1.0,7.2628017733222805e-06,1.0,2.2989650005911244e-07,0.0,1.3352413589018397e-05,0.18166666666666667,7.709081728535239e-07,0.1,0.000318081719935152
1120,4.063064352521906e-06,1.0,8.655548299429938e-06,1.0,2.292719187835246e-07,0.0,1.3388820661930367e-05,0.1825,7.528010996793455e-07,0.1,0.00031662178593400343
1121,4.140020791965071e-06,1.0,1.127851373894373e-05,1.0,2.292097462941456e-07,0.0,1.3558922546508256e-05,0.18333333333333332,8.709438361620414e-07,0.1,0.00031516366673659305
1122,4.058552804053761e-06,1.0,1.1641155651886947e-05,1.0,2.293922420903982e-07,0.0,1.1738846296793781e-05,0.18416666666666667,5.06623678120377e-07,0.1,0.0003137073767339688
1123,3.940407168556703e-06,1.0,6.483731795015046e-06,1.0,2.2897114604347735e-07,0.0,1.1914032256754581e-05,0.185,7.672003903280711e-07,0.1,0.00031225293029912474
1124,4.312303190090461e-06,1.0,1.1645356607914437e-05,1.0,2.2952190192881972e-07,0.0,1.18552534331684e-05,0.18583333333333332,9.885534382192418e-07,0.1,0.00031080034178686044
1125,4.285819159122184e-06,1.0,1.2957014405401424e-05,1.0,2.2924346865238476e-07,0.0,1.1450230886111967e-05,0.18666666666666668,5.34611274360941e-07,0.1,0.00030934962553363774
1126,5.320160198607482e-06,1.0,9.43867507885443e-06,1.0,2.295879824032454e-07,0.0,1.076180433301488e-05,0.1875,2.974771859953762e-07,0.1,0.0003079007958574405
1127,4.484948931349209e-06,1.0,8.261337825388182e-06,1.0,2.2958028011998977e-07,0.0,1.2726513887173496e-05,0.18833333333333332,3.8435189253505087e-07,0.1,0.0003064538670576327
1128,4.273040758562274e-06,1.0,1.2886073818663135e-05,1.0,2.2943740418668312e-07,0.0,1.4124271729087923e-05,0.18916666666666668,7.013817366896546e-07,0.1,0.00030500885341481755
1129,5.356076144380495e-06,1.0,6.4356954680988565e-06,1.0,2.2958285228469322e-07,0.0,1.1325780178594869e-05,0.19,1.5122508330023265e-06,0.1,0.000303565769190696
1130,7.79749643697869e-06,1.0,2.7923108063987456e-05,1.0,2.2959608259043307e-07,0.0,1.1930834261875134e-05,0.19083333333333333,2.20106630877126e-06,0.1,0.0003021246286279271
1131,4.673413968703244e-06,1.0,7.082227966748178e-06,1.0,2.2924538711777132e-07,0.0,1.150949265138479e-05,0.19166666666666668,1.0063554327643942e-06,0.1,0.0003006854459499864
1132,5.095536835142411e-06,1.0,8.702500963408966e-06,1.0,2.2932344734272192e-07,0.0,1.1732411621778738e-05,0.1925,3.6220504284756316e-07,0.1,0.00029924823536102554
1133,6.932623819011496e-06,1.0,1.4425579138332978e-05,1.0,2.3043548935675062e-07,0.0,1.153007906395942e-05,0.19333333333333333,1.9880931745319685e-07,0.1,0.0002978130110457332
1134,5.060151579527883e-06,1.0,8.755293492868077e-06,1.0,2.2955177314543107e-07,0.0,9.49042532738531e-06,0.19416666666666665,3.6872384612252063e-07,0.1,0.00029637978716919375
1135,4.384171006677207e-06,1.0,1.437651280866703e-05,1.0,2.2890233708494634e-07,0.0,1.0876048690988682e-05,0.195,8.769653732088045e-07,0.1,0.00029494857787674825
1136,8.370911018573679e-06,1.0,1.6554753528907895e-05,1.0,2.2915652664323716e-07,0.0,1.1813094715762418e-05,0.19583333333333333,2.263541773572797e-06,0.1,0.00029351939729385467
1137,8.483164492645301e-06,1.0,6.145828137960052e-06,1.0,2.2933686238957307e-07,0.0,1.3496140127244871e-05,0.19666666666666666,2.274874759677914e-06,0.1,0.0002920922595259484
1138,4.895282927463995e-06,1.0,9.630164640839212e-06,1.0,2.2929340559585398e-07,0.0,1.132449870056007e-05,0.1975,1.3051112546236254e-06,0.1,0.0002906671786583028
1139,4.387581611808855e-06,1.0,6.426007985282922e-06,1.0,2.2890901618666248e-07,0.0,9.9401586339809e-06,0.19833333333333333,3.8777233157816227e-07,0.1,0.0002892441687558911
1140,7.206662303360645e-06,1.0,1.511038590251701e-05,1.0,2.2945030764276453e-07,0.0,1.0320811270503327e-05,0.19916666666666666,1.777567035787797e-07,0.1,0.00028782324386324626
1141,6.206490070326254e-06,1.0,1.5780367903062142e-05,1.0,2.2926171538983908e-07,0.0,1.0099884093506262e-05,0.2,2.682046442714636e-07,0.1,0.0002864044180043235
1142,3.959777131967712e-06,1.0,8.192106179194525e-06,1.0,2.2954019129883818e-07,0.0,9.462352863920387e-06,0.20083333333333334,6.846107680757996e-07,0.1,0.00028498770518236124
1143,7.413941148115555e-06,1.0,8.284366231237072e-06,1.0,2.2927960685592552e-07,0.0,9.17911165743135e-06,0.20166666666666666,2.036352270806674e-06,0.1,0.00028357311937974265
1144,8.359980711247772e-06,1.0,2.191081512137316e-05,1.0,2.3063221021857316e-07,0.0,1.093418450182071e-05,0.2025,2.307299382664496e-06,0.1,0.00028216067455785916
1145,4.620769232133171e-06,1.0,3.3901387723744847e-06,1.0,2.293766243610662e-07,0.0,1.1475569408503361e-05,0.20333333333333334,1.1466031537565868e-06,0.1,0.0002807503846569704
1146,4.3360237214074004e-06,1.0,6.0358565860951785e-06,1.0,2.29528325235151e-07,0.0,1.204438740387559e-05,0.20416666666666666,4.485721092351014e-07,0.1,0.0002793422635960688
1147,6.204630608408479e-06,1.0,2.2326483303913847e-05,1.0,2.2920464459730283e-07,0.0,1.1023027582268696e-05,0.205,2.2434838342633157e-07,0.1,0.0002779363252727404
1148,4.640209681383567e-06,1.0,4.085432465217309e-06,1.0,2.288297480390611e-07,0.0,9.55857103690505e-06,0.20583333333333334,3.820439928858832e-07,0.1,0.000276532583563029
1149,4.057027581438888e-06,1.0,1.2365807378955651e-05,1.0,2.295139438501792e-07,0.0,9.941592907125596e-06,0.20666666666666667,8.725464226699842e-07,0.1,0.0002751310523212984
1150,4.265794814273249e-06,1.0,9.902934834826738e-06,1.0,2.2979314451276878e-07,0.0,1.2448406778275967e-05,0.2075,9.847975661614328e-07,0.1,0.00027373174538009644
1151,4.286840521672275e-06,1.0,7.723300768702757e-06,1.0,2.2949264177896112e-07,0.0,8.926953341870103e-06,0.20833333333333334,9.57534325607412e-07,0.1,0.00027233467655001756
1152,3.933479547413299e-06,1.0,6.628475148318103e-06,1.0,2.2921889808458218e-07,0.0,1.0699164704419672e-05,0.20916666666666667,7.879609711380908e-07,0.1,0.00027093985961956687
1153,4.096342308912426e-06,1.0,4.704974799096817e-06,1.0,2.2966091250964382e-07,0.0,1.0060053682536818e-05,0.21,5.83912310503365e-07,0.1,0.00026954730835502454
1154,4.078238362126285e-06,1.0,1.697559855529107e-05,1.0,2.3017321382212685e-07,0.0,9.631359716877341e-06,0.21083333333333334,6.619394525841926e-07,0.1,0.0002681570365003096
1155,3.991455287177814e-06,1.0,1.2171269190730527e-05,1.0,2.297643675319705e-07,0.0,9.407728612131905e-06,0.21166666666666667,5.129243731971656e-07,0.1,0.00026676905777684373
1156,5.073652118881e-06,1.0,1.158428676717449e-05,1.0,2.2937136634482158e-07,0.0,8.82018866832368e-06,0.2125,3.3195857440659893e-07,0.1,0.0002653833858834166
1157,4.380575774121098e-06,1.0,6.260821919568116e-06,1.0,2.2900570684214472e-07,0.0,1.028426686389139e-05,0.21333333333333335,5.677438821294345e-07,0.1,0.00026400003449605013
1158,4.287755018594908e-06,1.0,3.5822797599394107e-06,1.0,2.2920352193978033e-07,0.0,9.427889381186105e-06,0.21416666666666667,8.818160495138727e-07,0.1,0.0002626190172678644
1159,4.0788104342937e-06,1.0,7.10928406988387e-06,1.0,2.293467105118907e-07,0.0,9.185019735014066e-06,0.215,1.0540707080508582e-06,0.1,0.00026124034782894196
1160,4.267076292308047e-06,1.0,9.811938070924953e-06,1.0,2.291047707103644e-07,0.0,8.28500105853891e-06,0.21583333333333332,8.37030370348657e-07,0.1,0.0002598640397861934
1161,4.181788426649291e-06,1.0,7.179824478953378e-06,1.0,2.298051242632937e-07,0.0,9.472908459429163e-06,0.21666666666666667,5.501570967680891e-07,0.1,0.0002584901067232233
1162,4.951717528456356e-06,1.0,8.116489880194422e-06,1.0,2.2935674337531964e-07,0.0,9.98286486719735e-06,0.2175,3.618361006374471e-07,0.1,0.0002571185622001967
1163,4.4090365918236785e-06,1.0,1.78220980160404e-05,1.0,2.2975017088811e-07,0.0,9.919584044837393e-06,0.21833333333333332,3.538517034940014e-07,0.1,0.00025574941975370407
1164,4.250996425980702e-06,1.0,3.0284343210951192e-06,1.0,2.2948398736843956e-07,0.0,9.199875421472825e-06,0.21916666666666668,7.470638365703053e-07,0.1,0.0002543826928966283
1165,4.954578798788134e-06,1.0,1.0901007954089437e-05,1.0,2.290858986953026e-07,0.0,1.054330641636625e-05,0.22,1.19150422506209e-06,0.1,0.00025301839511801245
1166,5.218061687628506e-06,1.0,1.9474897271720693e-05,1.0,2.2976956870479626e-07,0.0,9.657831469667144e-06,0.22083333333333333,1.3347062122193165e-06,0.1,0.0002516565398829244
1167,3.994690814579371e-06,1.0,7.722946065769065e-06,1.0,2.2955100575927645e-07,0.0,9.401299394085072e-06,0.22166666666666668,7.048043926261016e-07,0.1,0.0002502971406323256
1168,4.006049948657164e-06,1.0,1.9485712982714176e-05,1.0,2.291911584961781e-07,0.0,8.62064007378649e-06,0.2225,3.6478940046436037e-07,0.1,0.00024894021078293756
1169,5.602802957582753e-06,1.0,1.973612052097451e-05,1.0,2.292774468060088e-07,0.0,7.209836894617183e-06,0.22333333333333333,2.669835907909146e-07,0.1,0.00024758576372711045
1170,4.718684522231342e-06,1.0,1.7594362361705862e-05,1.0,2.291913290264347e-07,0.0,9.662334377935622e-06,0.22416666666666665,3.319990469208278e-07,0.1,0.00024623381283268956
1171,4.127265128772706e-06,1.0,4.498668658925453e-06,1.0,2.2899776297435892e-07,0.0,9.035252332978416e-06,0.225,7.244336188705347e-07,0.1,0.0002448843714428848
1172,4.817608896701131e-06,1.0,1.154717756435275e-05,1.0,2.2868957216815033e-07,0.0,9.01473504200112e-06,0.22583333333333333,1.1239451396249933e-06,0.1,0.00024353745287613752
1173,4.8823931138031185e-06,1.0,1.1991148312517907e-05,1.0,2.290767326940113e-07,0.0,9.312929250882007e-06,0.22666666666666666,1.259939153896994e-06,0.1,0.00024219307042599054
1174,4.193650056549814e-06,1.0,9.890038199955598e-06,1.0,2.293679131071258e-07,0.0,8.436241841991432e-06,0.2275,7.091025508998428e-07,0.1,0.00024085123736095578
1175,4.132241883780807e-06,1.0,1.1211503988306504e-05,1.0,2.299531161042978e-07,0.0,9.506198693998158e-06,0.22833333333333333,4.3422559770078806e-07,0.1,0.0002395119669243836
1176,4.429029104358051e-06,1.0,1.1807253940787632e-05,1.0,2.2957155465519463e-07,0.0,9.453124221181497e-06,0.22916666666666666,5.032056833442766e-07,0.1,0.00023817527233433277
1177,3.96313589590136e-06,1.0,9.582247912476305e-06,1.0,2.2914477426638769e-07,0.0,9.54869028646499e-06,0.23,7.796868999321305e-07,0.1,0.00023684116678343939
1178,3.923869371647015e-06,1.0,1.3653382666234393e-05,1.0,2.2924028542092856e-07,0.0,8.629958756500855e-06,0.23083333333333333,8.6867055415496e-07,0.1,0.00023550966343878648
1179,3.927370926248841e-06,1.0,1.14153126560268e-05,1.0,2.2920747255739116e-07,0.0,8.461662218905985e-06,0.23166666666666666,8.409379006479867e-07,0.1,0.0002341807754417743
1180,4.047316451760707e-06,1.0,3.340649300298537e-06,1.0,2.294279397574428e-07,0.0,8.805171091808006e-06,0.2325,7.318554935409338e-07,0.1,0.0002328545159079913
1181,3.8297512219287455e-06,1.0,1.0937631486740429e-05,1.0,2.2934970900223561e-07,0.0,8.478733434458263e-06,0.23333333333333334,5.9090177728649e-07,0.1,0.0002315308979270834
1182,3.862171070068143e-06,1.0,7.223238299047807e-06,1.0,2.2922969833416573e-07,0.0,8.508119208272547e-06,0.23416666666666666,6.136738193163183e-07,0.1,0.00023020993456262557
1183,3.654845386336092e-06,1.0,1.1026299944205675e-05,1.0,2.2905985019860964e-07,0.0,1.0130204827873968e-05,0.235,7.101568257894542e-07,0.1,0.0002288916388519931
1184,4.55138706456637e-06,1.0,2.6889217679126887e-06,1.0,2.2939380528441689e-07,0.0,7.691547580179758e-06,0.23583333333333334,1.010694177239202e-06,0.1,0.00022757602380623265
1185,4.485969839151949e-06,1.0,5.145247087057214e-06,1.0,2.2959952161727415e-07,0.0,1.1132062354590744e-05,0.23666666666666666,1.1825760566352983e-06,0.1,0.0002262631024099333
1186,4.399954377731774e-06,1.0,3.7465465538844e-06,1.0,2.2911359565114253e-07,0.0,9.06779860088136e-06,0.2375,9.181242717204441e-07,0.1,0.00022495288762109915
1187,3.936782377422787e-06,1.0,3.605495294323191e-06,1.0,2.2998240467586584e-07,0.0,8.448359039903153e-06,0.23833333333333334,7.213794788185623e-07,0.1,0.0002236453923710214
1188,4.208503924019169e-06,1.0,9.16539465833921e-06,1.0,2.2936096399917005e-07,0.0,7.758589163131546e-06,0.23916666666666667,5.346536227079923e-07,0.1,0.0002223406295641501
1189,5.384584255807567e-06,1.0,1.0279497473675292e-05,1.0,2.2900925955582352e-07,0.0,8.30102180771064e-06,0.24,2.936428131761204e-07,0.1,0.00022103861207796766
1190,5.147552656126209e-06,1.0,5.382326435210416e-06,1.0,2.2922725406715472e-07,0.0,7.413058028760133e-06,0.24083333333333334,3.0549409757441026e-07,0.1,0.00021973935276286074
1191,4.341381554695545e-06,1.0,1.2592881830642e-05,1.0,2.2887300588081416e-07,0.0,8.65664696902968e-06,0.24166666666666667,3.587846322261612e-07,0.1,0.00021844286444199458
1192,4.146823812334333e-06,1.0,8.920192158257123e-06,1.0,2.2920869469089666e-07,0.0,8.51843196869595e-06,0.2425,9.42560632211098e-07,0.1,0.00021714915991118526
1193,5.861425961484201e-06,1.0,8.075342520896811e-06,1.0,2.2979679670243058e-07,0.0,9.688712452771142e-06,0.24333333333333335,1.5539121704932768e-06,0.1,0.00021585825193877432
1194,6.586122253793292e-06,1.0,7.446074505423894e-06,1.0,2.2943201827274606e-07,0.0,8.699264071765356e-06,0.24416666666666667,1.8561194110588985e-06,0.1,0.00021457015326550183
1195,4.665149390348233e-06,1.0,6.096507149777608e-06,1.0,2.291679805921376e-07,0.0,8.053015335462987e-06,0.245,1.261414581676945e-06,0.1,0.00021328487660438237
1196,4.011789769720053e-06,1.0,5.103828698338475e-06,1.0,2.288745406531234e-07,0.0,7.68097561376635e-06,0.24583333333333332,8.389018830712303e-07,0.1,0.00021200243464057744
1197,4.7103808356041554e-06,1.0,1.2932968274981249e-05,1.0,2.2889207684784196e-07,0.0,7.702617040195037e-06,0.24666666666666667,4.344160515756812e-07,0.1,0.00021072284003127123
1198,5.400958798418287e-06,1.0,1.692428850219585e-05,1.0,2.2950499101170863e-07,0.0,8.223126314987894e-06,0.2475,2.6282930321031017e-07,0.1,0.00020944610540554637
1199,4.473120498005301e-06,1.0,8.98955750017194e-06,1.0,2.2874951355333906e-07,0.0,7.174619895522483e-06,0.24833333333333332,3.291006009931152e-07,0.1,0.00020817224336425788
1200,4.071683179063257e-06,1.0,1.0134737749467604e-05,1.0,2.2924820086700493e-07,0.0,7.779688530717976e-06,0.24916666666666668,6.043965186108835e-07,0.1,0.00020690126647990973
1201,4.531956619757693e-06,1.0,1.5165442164288834e-05,1.0,2.2922634457245294e-07,0.0,6.504439170385012e-06,0.25,8.898643955035368e-07,0.1,0.0002056331872965308
1202,3.897748683812097e-06,1.0,9.222483640769497e-06,1.0,2.2933514287615253e-07,0.0,8.267581506515853e-06,0.25083333333333335,9.315035640611313e-07,0.1,0.00020436801832955092
1203,4.0085928958433215e-06,1.0,7.5544407991401386e-06,1.0,2.289732492499752e-07,0.0,8.929808245738968e-06,0.25166666666666665,5.71060127185774e-07,0.1,0.00020310577206567683
1204,4.628282113117166e-06,1.0,1.1388975508452859e-05,1.0,2.2929035026209021e-07,0.0,7.499414550693473e-06,0.2525,2.930508173903945e-07,0.1,0.00020184646096276952
1205,4.687669388658833e-06,1.0,6.48076866127667e-06,1.0,2.289017402290483e-07,0.0,8.596043699071743e-06,0.25333333333333335,3.8799731783001334e-07,0.1,0.000200590097449721
1206,4.673817784350831e-06,1.0,1.3425455108517781e-05,1.0,2.2924196230178495e-07,0.0,7.930423635116313e-06,0.25416666666666665,3.4492745726311114e-07,0.1,0.00019933669392633213
1207,3.968585133407032e-06,1.0,5.02148623127141e-06,1.0,2.2933747345632582e-07,0.0,8.361643267562613e-06,0.255,6.999368906690506e-07,0.1,0.00019808626276318986
1208,5.026948201702908e-06,1.0,1.649916885071434e-05,1.0,2.2873595639794075e-07,0.0,7.90685044194106e-06,0.25583333333333336,1.2363839232421014e-06,0.1,0.00019683881630154458
1209,4.829067620448768e-06,1.0,8.970250746642705e-06,1.0,2.2926823817215336e-07,0.0,7.356018159043742e-06,0.25666666666666665,1.3139476777723758e-06,0.1,0.0001955943668531896
1210,4.533942956186365e-06,1.0,6.835495241830358e-06,1.0,2.2923731535229308e-07,0.0,6.707970896968618e-06,0.2575,1.0337619187339442e-06,0.1,0.00019435292670033839
1211,3.935884706152137e-06,1.0,1.036037974699866e-05,1.0,2.2913003761004802e-07,0.0,7.621132681379095e-06,0.25833333333333336,6.039693971615634e-07,0.1,0.00019311450809550407
1212,4.804026957572205e-06,1.0,7.70032056607306e-06,1.0,2.2931348553356656e-07,0.0,8.013021215447225e-06,0.25916666666666666,2.7509193500918627e-07,0.1,0.0001918791232613779
1213,5.792937372461893e-06,1.0,1.2273445463506505e-05,1.0,2.2922310449757788e-07,0.0,7.100302809703862e-06,0.26,2.380266153068078e-07,0.1,0.00019064678439071028
1214,5.838534889335278e-06,1.0,7.743440619378816e-06,1.0,2.294861758400657e-07,0.0,7.8150969784474e-06,0.2608333333333333,2.680770023744117e-07,0.1,0.0001894175036461879
1215,4.17280534747988e-06,1.0,7.30318924979656e-06,1.0,2.2927660836558061e-07,0.0,8.131253707688302e-06,0.26166666666666666,4.1745170165086165e-07,0.1,0.00018819129316031527
1216,3.988023763668025e-06,1.0,4.5423053052218165e-06,1.0,2.291049554514757e-07,0.0,7.439922683261102e-06,0.2625,7.120632972146268e-07,0.1,0.0001869681650352952
1217,3.711123554239748e-06,1.0,2.5245692540920572e-06,1.0,2.29433169351978e-07,0.0,7.435902261931915e-06,0.2633333333333333,8.055239959503524e-07,0.1,0.00018574813134290824
1218,4.261702542862622e-06,1.0,1.0453515642439015e-05,1.0,2.2972147917244e-07,0.0,9.430714271729812e-06,0.26416666666666666,1.0468736491020536e-06,0.1,0.00018453120412439437
1219,3.9595834095962346e-06,1.0,6.228766778804129e-06,1.0,2.3012788119558536e-07,0.0,7.630797881574836e-06,0.265,7.478417387574154e-07,0.1,0.000183317395390334
1220,4.174579316895688e-06,1.0,1.719365900498815e-05,1.0,2.289131373345299e-07,0.0,8.707767847226933e-06,0.2658333333333333,6.478096565842861e-07,0.1,0.00018210671712052948
1221,3.997847670689225e-06,1.0,1.2063485883118119e-05,1.0,2.2979614300311368e-07,0.0,8.619663276476786e-06,0.26666666666666666,6.078540195630922e-07,0.1,0.00018089918126388646
1222,3.6218561945133843e-06,1.0,1.1864648513437714e-05,1.0,2.292326541919465e-07,0.0,8.532003448635805e-06,0.2675,5.709002834919374e-07,0.1,0.00017969479973829628
1223,4.106773758394411e-06,1.0,6.733702321071178e-06,1.0,2.295419818665323e-07,0.0,6.949267572053941e-06,0.2683333333333333,5.119454158375447e-07,0.1,0.00017849358443051822
1224,3.950288828491466e-06,1.0,1.0910188393609133e-05,1.0,2.296818308877846e-07,0.0,7.151367753976956e-06,0.26916666666666667,5.37648816134606e-07,0.1,0.00017729554719606253
1225,3.902421667589806e-06,1.0,1.4540333722834475e-05,1.0,2.299389052495826e-07,0.0,6.732033398293424e-06,0.27,7.328772539949568e-07,0.1,0.00017610069985907333
1226,3.8734860936529e-06,1.0,3.6625201573770028e-06,1.0,2.2942406019410555e-07,0.0,6.937479156476911e-06,0.2708333333333333,7.127619028324261e-07,0.1,0.000174909054212211
1227,3.6680967241409235e-06,1.0,7.5806078712048475e-06,1.0,2.2918155195839063e-07,0.0,6.909625881235115e-06,0.27166666666666667,6.604424811484932e-07,0.1,0.00017372062201653744
1228,3.859634489344899e-06,1.0,3.84969871447538e-06,1.0,2.2925905796000734e-07,0.0,6.237048182811122e-06,0.2725,6.246821726563212e-07,0.1,0.00017253541500139835
1229,3.788791673287051e-06,1.0,3.976683728978969e-06,1.0,2.2980020730756223e-07,0.0,7.119333986338461e-06,0.2733333333333333,6.363255238284182e-07,0.1,0.00017135344486430857
1230,3.8826656236778945e-06,1.0,6.4519290390308015e-06,1.0,2.3006830929261923e-07,0.0,7.011336947471136e-06,0.27416666666666667,5.802468194815447e-07,0.1,0.00017017472327083582
1231,3.826355168712325e-06,1.0,1.6716787285986356e-05,1.0,2.2971011048866785e-07,0.0,9.276960554416291e-06,0.275,6.620232397835935e-07,0.1,0.00016899926185448696
1232,4.041422471345868e-06,1.0,7.4768818194570486e-06,1.0,2.2925151199615357e-07,0.0,6.534404747071676e-06,0.2758333333333333,6.670010179732344e-07,0.1,0.00016782707221659135
1233,4.061267645738553e-06,1.0,4.267003532731906e-06,1.0,2.2955100575927645e-07,0.0,7.544242180301808e-06,0.27666666666666667,7.638329861947568e-07,0.1,0.0001666581659261875
1234,3.969081262766849e-06,1.0,6.969767582631903e-06,1.0,2.2956454870382004e-07,0.0,7.214646302600158e-06,0.2775,6.926647984073497e-07,0.1,0.00016549255451990836
1235,3.7296176742529497e-06,1.0,8.472550689475611e-06,1.0,2.294292471560766e-07,0.0,6.657860467385035e-06,0.2783333333333333,6.856899972262909e-07,0.1,0.00016433024950186835
1236,3.8628431866527535e-06,1.0,9.0796693257289e-06,1.0,2.2909756580702378e-07,0.0,6.986348125792574e-06,0.2791666666666667,3.3948691680052434e-07,0.1,0.0001631712623435483
1237,3.936161192541476e-06,1.0,1.2384080946503673e-05,1.0,2.2973776481194363e-07,0.0,6.840105925220996e-06,0.28,3.6353003451949917e-07,0.1,0.00016201560448368384
1238,3.665020130938501e-06,1.0,7.444805760314921e-06,1.0,2.2954418454901315e-07,0.0,6.3751313064130954e-06,0.2808333333333333,5.250479944152175e-07,0.1,0.0001608632873281516
1239,4.702084879681934e-06,1.0,2.649897169249016e-06,1.0,2.295534784479969e-07,0.0,7.186302354966756e-06,0.2816666666666667,8.834067557472736e-07,0.1,0.00015971432224985653
1240,4.598428859026171e-06,1.0,1.6970127035165206e-05,1.0,2.291883447469445e-07,0.0,7.677822395635303e-06,0.2825,1.047284740707255e-06,0.1,0.00015856872058862015
1241,3.6497472137853038e-06,1.0,1.1767971045628656e-05,1.0,2.293775622774774e-07,0.0,6.7963383116875775e-06,0.2833333333333333,8.10353697033861e-07,0.1,0.00015742649365106814
1242,3.7572995097434614e-06,1.0,8.07984088169178e-06,1.0,2.2959571310821048e-07,0.0,7.162587735365378e-06,0.2841666666666667,5.443388317871722e-07,0.1,0.00015628765271051938
1243,4.493465894483961e-06,1.0,5.664504897140432e-06,1.0,2.297842911502812e-07,0.0,6.979295449127676e-06,0.285,2.7995250206913624e-07,0.1,0.00015515220900687445
1244,5.272264388622716e-06,1.0,1.0532719898037612e-05,1.0,2.2914653641237237e-07,0.0,6.8002873376826756e-06,0.28583333333333333,2.284120910189813e-07,0.1,0.000154020173746504
1245,4.314920261094812e-06,1.0,5.5422942750738e-06,1.0,2.2948665900912602e-07,0.0,6.569148354174104e-06,0.2866666666666667,2.9504047915906995e-07,0.1,0.00015289155810213902
1246,3.693420239869738e-06,1.0,1.1250589523115195e-05,1.0,2.2887633122081752e-07,0.0,7.255169293785002e-06,0.2875,6.506206773337908e-07,0.1,0.00015176637321276048
1247,4.683891347667668e-06,1.0,1.950267460415489e-06,1.0,2.2915855879546143e-07,0.0,7.120586815290153e-06,0.28833333333333333,1.064583784682327e-06,0.1,0.00015064463018348885
1248,4.586426257446874e-06,1.0,7.841777005523909e-06,1.0,2.2921855702406901e-07,0.0,7.225275112432428e-06,0.2891666666666667,1.005549393084948e-06,0.1,0.00014952634008547473
1249,4.335634457675042e-06,1.0,6.827218840044225e-06,1.0,2.2922084497167816e-07,0.0,7.0980308919388335e-06,0.29,8.385711112168792e-07,0.1,0.00014841151395579046
1250,3.432413450354943e-06,1.0,1.0354099686082918e-05,1.0,2.2918496256352228e-07,0.0,7.111665581760462e-06,0.29083333333333333,5.94892469507613e-07,0.1,0.00014730016279731955
1251,4.098618774150964e-06,1.0,1.1274310054432135e-05,1.0,2.2941249255836738e-07,0.0,6.864206170575926e-06,0.2916666666666667,4.896937753073871e-07,0.1,0.00014619229757864932
1252,3.833550181298051e-06,1.0,3.52307779394323e-06,1.0,2.293238026140898e-07,0.0,7.034246664261445e-06,0.2925,4.468175234251248e-07,0.1,0.00014508792923396198
1253,4.127266947762109e-06,1.0,1.0699547601689119e-05,1.0,2.2914620956271392e-07,0.0,6.703032340737991e-06,0.29333333333333333,4.6626900029878016e-07,0.1,0.00014398706866292763
1254,3.7775359942315845e-06,1.0,2.5950281269615516e-05,1.0,2.2937888388696592e-07,0.0,6.783923254261026e-06,0.2941666666666667,4.4203108018336934e-07,0.1,0.00014288972673059532
1255,3.8077084809629014e-06,1.0,6.031247266946593e-06,1.0,2.2957408418733394e-07,0.0,5.5069781410566065e-06,0.295,4.406900586673146e-07,0.1,0.00014179591426728726
1256,3.812443083006656e-06,1.0,1.0414703865535557e-05,1.0,2.295277710118171e-07,0.0,5.71337113797199e-06,0.29583333333333334,4.917513933833106e-07,0.1,0.0001407056420684905
1257,3.505899258016143e-06,1.0,1.4261290743888821e-05,1.0,2.2928074372430274e-07,0.0,6.626610229432117e-06,0.2966666666666667,4.9957094461206e-07,0.1,0.0001396189208947518
1258,3.8726284401491284e-06,1.0,5.997083462716546e-06,1.0,2.2987782699601667e-07,0.0,7.4146955739706755e-06,0.2975,6.054725076864997e-07,0.1,0.0001385357614715703
1259,3.8871712604304776e-06,1.0,6.008926447975682e-06,1.0,2.2945387456729804e-07,0.0,6.042881068424322e-06,0.29833333333333334,5.04952197388775e-07,0.1,0.0001374561744892921
1260,3.9172755350591615e-06,1.0,8.744336810195819e-06,1.0,2.2952900735617732e-07,0.0,7.148164513637312e-06,0.2991666666666667,3.8032436577850603e-07,0.1,0.0001363801706030049
1261,3.954440217057709e-06,1.0,6.804620170441922e-06,1.0,2.294572993832844e-07,0.0,6.60509704175638e-06,0.3,3.7568756283690163e-07,0.1,0.0001353077604324329
1262,3.7886011341470294e-06,1.0,1.0003419447457418e-05,1.0,2.299624526358457e-07,0.0,6.450904947996605e-06,0.30083333333333334,4.2659866039684857e-07,0.1,0.00013423895456183136
1263,3.7472002532012993e-06,1.0,4.818364686798304e-06,1.0,2.2880524852553208e-07,0.0,6.028521056578029e-06,0.3016666666666667,7.390118526018341e-07,0.1,0.00013317376353988255
1264,4.294292921258602e-06,1.0,1.3678082723345142e-05,1.0,2.295321621659241e-07,0.0,6.312395271379501e-06,0.3025,1.0618563237585477e-06,0.1,0.0001321121978795922
1265,5.033979959989665e-06,1.0,1.3480900634021964e-05,1.0,2.2918038666830398e-07,0.0,7.141632522689179e-06,0.30333333333333334,1.1735050975403283e-06,0.1,0.00013105426805818459
1266,5.0374628699501045e-06,1.0,1.2801663160644239e-06,1.0,2.297754946312125e-07,0.0,7.489115887437947e-06,0.30416666666666664,1.131494627770735e-06,0.1,0.00012999998451699983
1267,4.029534466098994e-06,1.0,5.1599013204395305e-06,1.0,2.294428895766032e-07,0.0,7.128242032194976e-06,0.305,8.504263178110705e-07,0.1,0.00012894935766139096
1268,4.0920276660472155e-06,1.0,4.855474344367394e-06,1.0,2.2977897629061772e-07,0.0,5.845771738677286e-06,0.30583333333333335,7.742099796814728e-07,0.1,0.00012790239786062105
1269,3.838952579826582e-06,1.0,9.643723387853242e-06,1.0,2.2927727627575223e-07,0.0,5.541913651541108e-06,0.30666666666666664,6.980457101235515e-07,0.1,0.00012685911544776056
1270,3.7711215554736555e-06,1.0,1.4104214642429724e-05,1.0,2.2922361608834763e-07,0.0,6.02336103838752e-06,0.3075,4.275333935765957e-07,0.1,0.00012581952071958545
1271,4.028216153528774e-06,1.0,5.92133756072144e-06,1.0,2.2904697516423767e-07,0.0,6.932692940608831e-06,0.30833333333333335,3.6185991802994977e-07,0.1,0.00012478362393647643
1272,4.681188329413999e-06,1.0,1.4280216419138014e-05,1.0,2.2943572730582673e-07,0.0,6.63148512103362e-06,0.30916666666666665,2.6788657692122797e-07,0.1,0.00012375143532231613
1273,4.008878022432327e-06,1.0,9.87758448900422e-06,1.0,2.2911369512712554e-07,0.0,6.134025625215145e-06,0.31,2.696858416584291e-07,0.1,0.00012272296506438986
1274,4.3241798266535625e-06,1.0,1.4542857570631895e-05,1.0,2.29060930223568e-07,0.0,6.741220659023384e-06,0.31083333333333335,3.0441907483691466e-07,0.1,0.00012169822331328343
1275,4.020391315862071e-06,1.0,4.365901531855343e-06,1.0,2.294826231263869e-07,0.0,6.36805953035946e-06,0.31166666666666665,5.489089289767435e-07,0.1,0.00012067722018278456
1276,4.552316568151582e-06,1.0,8.544637239538133e-06,1.0,2.2949735978272656e-07,0.0,7.322810688492609e-06,0.3125,1.072336885954428e-06,0.1,0.0001196599657497819
1277,6.218183443706948e-06,1.0,1.6550458894926123e-05,1.0,2.298986032656103e-07,0.0,5.4140509746503085e-06,0.31333333333333335,1.5445529015778448e-06,0.1,0.0001186464700541659
1278,7.102547897375189e-06,1.0,1.1081942830060143e-05,1.0,2.2956440659527289e-07,0.0,6.159943950478919e-06,0.31416666666666665,1.7699334193821414e-06,0.1,0.00011763674309872971
1279,5.465916274260962e-06,1.0,9.547521585773211e-06,1.0,2.289353915330139e-07,0.0,6.447477062465623e-06,0.315,1.3492384596247575e-06,0.1,0.00011663079484907125
1280,4.81412007502513e-06,1.0,1.559819793328643e-05,1.0,2.2930100840312662e-07,0.0,5.518891157407779e-06,0.31583333333333335,8.841308272167225e-07,0.1,0.00011562863523349333
1281,4.039511622977443e-06,1.0,8.265436918009073e-06,1.0,2.2888092132689053e-07,0.0,7.012394689809298e-06,0.31666666666666665,4.3088618895126274e-07,0.1,0.00011463027414290672
1282,4.491735580813838e-06,1.0,1.0790317901410162e-05,1.0,2.2886160877533257e-07,0.0,6.012242010910995e-06,0.3175,2.839037733792793e-07,0.1,0.00011363572143073251
1283,4.667994289775379e-06,1.0,1.6070198398665525e-05,1.0,2.2945165767396247e-07,0.0,5.377541128837038e-06,0.31833333333333336,2.339518090366255e-07,0.1,0.00011264498691280437
1284,4.625248948286753e-06,1.0,5.91676689509768e-06,1.0,2.2930703380552586e-07,0.0,6.1421214923029765e-06,0.31916666666666665,2.6319963808418834e-07,0.1,0.00011165808036727185
1285,3.91146249967278e-06,1.0,5.6610829233250115e-06,1.0,2.2899631346717797e-07,0.0,5.8955624808731955e-06,0.32,3.498163323456538e-07,0.1,0.00011067501153450427
1286,3.757189460884547e-06,1.0,5.712065558327595e-06,1.0,2.293520253715542e-07,0.0,5.845360647072084e-06,0.32083333333333336,4.6357760652426805e-07,0.1,0.00010969579011699425
1287,3.8097221022326266e-06,1.0,6.463033514592098e-06,1.0,2.2908895402906637e-07,0.0,5.897409664612496e-06,0.32166666666666666,6.671991741313832e-07,0.1,0.00010872042577926176
1288,4.289117896405514e-06,1.0,1.0616606232360937e-05,1.0,2.2922502296296443e-07,0.0,6.286355073825689e-06,0.3225,8.218023594963597e-07,0.1,0.00010774892814775902
1289,4.494815584621392e-06,1.0,2.6985401291312883e-06,1.0,2.2922148446014035e-07,0.0,5.922142463532509e-06,0.3233333333333333,9.449128128835582e-07,0.1,0.00010678130681077525
1290,4.5238330130814575e-06,1.0,1.2274766959308181e-05,1.0,2.2938397137295397e-07,0.0,6.638459581154166e-06,0.32416666666666666,1.044940631800273e-06,0.1,0.00010581757131834264
1291,4.069187525601592e-06,1.0,7.589248980366392e-06,1.0,2.2972263025167194e-07,0.0,6.097951882111374e-06,0.325,8.283611805381952e-07,0.1,0.00010485773118214149
1292,4.0558952605351806e-06,1.0,5.697314009012189e-06,1.0,2.2928736598260002e-07,0.0,5.262391823634971e-06,0.3258333333333333,5.23822677678254e-07,0.1,0.00010390179587540624
1293,3.4909905934910057e-06,1.0,7.076276233419776e-06,1.0,2.2896145424056158e-07,0.0,5.809901267639361e-06,0.32666666666666666,4.0713757698540576e-07,0.1,0.0001029497748328326
1294,4.240887392370496e-06,1.0,4.180521500529721e-06,1.0,2.292027545536257e-07,0.0,5.949860678811092e-06,0.3275,3.4286080108358874e-07,0.1,0.00010200167745048385
1295,4.199859176878817e-06,1.0,9.852007679000963e-06,1.0,2.2933659238333348e-07,0.0,5.761182819696842e-06,0.3283333333333333,3.0889384561305633e-07,0.1,0.00010105751308569843
1296,3.7541194615187123e-06,1.0,1.3570644114224706e-05,1.0,2.291804150900134e-07,0.0,6.747352927050088e-06,0.32916666666666666,3.8876825669831305e-07,0.1,0.00010011729105699707
1297,3.533911694830749e-06,1.0,1.591356522112619e-05,1.0,2.293169814038265e-07,0.0,7.278501470864285e-06,0.33,5.019809350415017e-07,0.1,9.918102064399226e-05
1298,3.6365156574902358e-06,1.0,4.587977400660748e-06,1.0,2.29501978310509e-07,0.0,6.427202606573701e-06,0.3308333333333333,7.398269303848792e-07,0.1,9.824871108729462e-05
1299,4.578089829010423e-06,1.0,8.471613000438083e-06,1.0,2.2969589963395265e-07,0.0,5.619676812784746e-06,0.33166666666666667,1.0578912679193309e-06,0.1,9.732037158842317e-05
1300,4.3346735765226185e-06,1.0,4.09708309234702e-06,1.0,2.292238718837325e-07,0.0,5.557348231377546e-06,0.3325,1.0623344905980048e-06,0.1,9.639601130971382e-05
1301,4.234947027725866e-06,1.0,1.5952247849781998e-05,1.0,2.2999512339083594e-07,0.0,5.275455350783886e-06,0.3333333333333333,8.950714800448623e-07,0.1,9.547563937422954e-05
1302,3.4998729461221956e-06,1.0,5.839889581693569e-06,1.0,2.288729490373953e-07,0.0,5.693408184015425e-06,0.33416666666666667,6.126812195361708e-07,0.1,9.455926486566959e-05
1303,3.876590199070051e-06,1.0,7.813650881871581e-06,1.0,2.292563010541926e-07,0.0,5.532878731173696e-06,0.335,4.0270276713272324e-07,0.1,9.364689682828052e-05
1304,4.84185738969245e-06,1.0,7.47548210711102e-06,1.0,2.2924056963802286e-07,0.0,5.505955414264463e-06,0.3358333333333333,2.7979893957308377e-07,0.1,9.273854426676663e-05
1305,4.749096660816576e-06,1.0,1.1275100405327976e-05,1.0,2.298173740200582e-07,0.0,5.761361080658389e-06,0.33666666666666667,2.582554543550941e-07,0.1,9.183421614620087e-05
1306,4.0780050767352805e-06,1.0,4.0005020309763495e-06,1.0,2.290509257818485e-07,0.0,5.322552624420496e-06,0.3375,3.3256259257541387e-07,0.1,9.093392139193666e-05
1307,4.103996616322547e-06,1.0,5.902460543438792e-06,1.0,2.2984512781931699e-07,0.0,6.316045073617715e-06,0.3383333333333333,4.6635040007458883e-07,0.1,9.003766888951973e-05
1308,3.650194685178576e-06,1.0,7.153474143706262e-06,1.0,2.293376297757277e-07,0.0,5.696456355508417e-06,0.33916666666666667,6.220753903107834e-07,0.1,8.91454674846005e-05
1309,3.9535675568913575e-06,1.0,1.1133033694932237e-05,1.0,2.292522935931629e-07,0.0,5.512004008778604e-06,0.34,8.908383506422979e-07,0.1,8.825732598284672e-05
1310,5.021165634389035e-06,1.0,2.195348497480154e-05,1.0,2.289422980084055e-07,0.0,6.34519028608338e-06,0.3408333333333333,1.2188911568955518e-06,0.1,8.737325314985643e-05
1311,4.570456894725794e-06,1.0,7.67996516515268e-06,1.0,2.3022641926218057e-07,0.0,6.392704563040752e-06,0.3416666666666667,1.1692021644194028e-06,0.1,8.649325771107144e-05
1312,4.059810635226313e-06,1.0,4.2379974729556125e-06,1.0,2.2907639163349813e-07,0.0,5.894392415939365e-06,0.3425,8.471106980323384e-07,0.1,8.561734835169163e-05
1313,3.820336587523343e-06,1.0,5.098278961668257e-06,1.0,2.290027794060734e-07,0.0,5.2555724323610775e-06,0.3433333333333333,5.270147767078015e-07,0.1,8.474553371658871e-05
1314,3.895906047546305e-06,1.0,1.3397725524555426e-05,1.0,2.2925979692445253e-07,0.0,5.104817319079302e-06,0.3441666666666667,3.5039306567341555e-07,0.1,8.387782241022091e-05
1315,4.261669801053358e-06,1.0,1.0928523806796875e-05,1.0,2.2961712886626628e-07,0.0,5.939832590229344e-06,0.345,2.992868530782289e-07,0.1,8.3014222996549e-05
1316,4.3899644879275e-06,1.0,1.6687459719832987e-05,1.0,2.29377832283717e-07,0.0,4.9289546950603835e-06,0.3458333333333333,2.4156412337106303e-07,0.1,8.215474399895026e-05
1317,4.2409810703247786e-06,1.0,9.491875061939936e-06,1.0,2.2962169055062986e-07,0.0,6.027321887813741e-06,0.3466666666666667,3.752136876755685e-07,0.1,8.129939390013542e-05
1318,3.780351107707247e-06,1.0,5.22952404935495e-06,1.0,2.2998735005330673e-07,0.0,6.092012881708797e-06,0.3475,4.4773298668587813e-07,0.1,8.044818114206456e-05
1319,3.6904148146277294e-06,1.0,7.386917786789127e-06,1.0,2.289845610903285e-07,0.0,5.857827090949286e-06,0.34833333333333333,5.381487540034868e-07,0.1,7.96011141258642e-05
1320,3.892573204211658e-06,1.0,3.1635329378332244e-06,1.0,2.294656127332928e-07,0.0,5.6740364016150124e-06,0.3491666666666667,7.601024663017597e-07,0.1,7.875820121174348e-05
1321,3.7711338336521294e-06,1.0,5.521554612641921e-06,1.0,2.2894317908139783e-07,0.0,5.34543414687505e-06,0.35,8.52494565606321e-07,0.1,7.791945071891287e-05
1322,4.502274350670632e-06,1.0,7.547493169113295e-06,1.0,2.289967255819647e-07,0.0,6.540738013427472e-06,0.35083333333333333,9.830046110437252e-07,0.1,7.708487092550093e-05
1323,4.629419890989084e-06,1.0,1.9570812582969666e-05,1.0,2.290520626502257e-07,0.0,5.115875865158159e-06,0.3516666666666667,9.932009561453015e-07,0.1,7.625447006847342e-05
1324,3.7996160244802013e-06,1.0,1.9736396552616498e-06,1.0,2.2906628771579562e-07,0.0,4.772181455336977e-06,0.3525,7.582980288134422e-07,0.1,7.542825634355149e-05
1325,3.7920792692602845e-06,1.0,8.229752893385012e-06,1.0,2.283405677871997e-07,0.0,6.454505637520924e-06,0.35333333333333333,6.640149763370573e-07,0.1,7.460623790513096e-05
1326,3.6702467696159147e-06,1.0,4.734133199235657e-06,1.0,2.2915070019280392e-07,0.0,5.691748356184689e-06,0.3541666666666667,4.904165393782023e-07,0.1,7.378842286620202e-05
1327,4.168781742919236e-06,1.0,2.1155914510018192e-05,1.0,2.295518015671405e-07,0.0,5.2416307880776e-06,0.355,3.5705943446373567e-07,0.1,7.297481929826908e-05
1328,3.7908419017185224e-06,1.0,4.200297553325072e-06,1.0,2.2863106607928785e-07,0.0,6.160591510706581e-06,0.35583333333333333,3.715671255122288e-07,0.1,7.216543523127078e-05
1329,3.8306561691570096e-06,1.0,6.122561899246648e-06,1.0,2.2940965038742434e-07,0.0,5.869012056791689e-06,0.3566666666666667,4.2654434651012707e-07,0.1,7.136027865350092e-05
1330,3.7370441532402765e-06,1.0,8.081454325292725e-06,1.0,2.2953221900934295e-07,0.0,5.549948582483921e-06,0.3575,4.846948513659299e-07,0.1,7.055935751153021e-05
1331,3.764939265238354e-06,1.0,8.154916031344328e-06,1.0,2.296535939194655e-07,0.0,5.9214007706032135e-06,0.35833333333333334,4.6088641170172195e-07,0.1,6.976267971012678e-05
1332,4.140842065680772e-06,1.0,7.368462775048101e-06,1.0,2.29019065045577e-07,0.0,5.51965058548376e-06,0.3591666666666667,7.673026516386017e-07,0.1,6.897025311217868e-05
1333,4.04492220695829e-06,1.0,9.511235475656576e-06,1.0,2.2996478321601899e-07,0.0,5.306316779751796e-06,0.36,8.574285175200203e-07,0.1,6.818208553861701e-05
1334,4.252247890690342e-06,1.0,1.1504519534355495e-05,1.0,2.2875869376548508e-07,0.0,5.642868927679956e-06,0.36083333333333334,8.192724862965406e-07,0.1,6.739818476833723e-05
1335,3.701892183016753e-06,1.0,5.339879862731323e-06,1.0,2.291426426381804e-07,0.0,5.707737273041857e-06,0.3616666666666667,7.431408448610455e-07,0.1,6.661855853812355e-05
1336,3.740599368029507e-06,1.0,1.3866468179912772e-05,1.0,2.2942023747418716e-07,0.0,5.8713740145321935e-06,0.3625,5.865864523002529e-07,0.1,6.584321454257193e-05
1337,3.936707798857242e-06,1.0,1.6939984561759047e-05,1.0,2.2946593958295125e-07,0.0,5.25990344613092e-06,0.36333333333333334,5.257104476186214e-07,0.1,6.507216043401487e-05
1338,3.833083155768691e-06,1.0,1.2616545063792728e-05,1.0,2.2961766887874546e-07,0.0,5.620201136480318e-06,0.3641666666666667,5.091826551506529e-07,0.1,6.430540382244489e-05
1339,3.8009827676432906e-06,1.0,7.0931564550846815e-06,1.0,2.2994527171249501e-07,0.0,6.401203336281469e-06,0.365,4.3377502834118786e-07,0.1,6.354295227544038e-05
1340,3.843227659672266e-06,1.0,7.782801731082145e-06,1.0,2.292260319336492e-07,0.0,5.051395874033915e-06,0.36583333333333334,4.31452917837305e-07,0.1,6.278481331809015e-05
1341,3.819158791884547e-06,1.0,1.2018274901492987e-05,1.0,2.2917267017419363e-07,0.0,5.633206910715671e-06,0.36666666666666664,3.796737360062252e-07,0.1,6.203099443291977e-05
1342,3.9829665183788165e-06,1.0,6.807942099840147e-06,1.0,2.2964610479903058e-07,0.0,5.115019121149089e-06,0.3675,4.431392710557702e-07,0.1,6.128150305981723e-05
1343,3.552868065526127e-06,1.0,3.371498905835324e-06,1.0,2.29468696488766e-07,0.0,5.969055109744659e-06,0.36833333333333335,5.266196012598812e-07,0.1,6.053634659595971e-05
1344,4.083105977770174e-06,1.0,8.584591341787018e-06,1.0,2.2965362234117492e-07,0.0,5.544432951865019e-06,0.36916666666666664,6.57908174162003e-07,0.1,5.979553239574079e-05
1345,3.65006076208374e-06,1.0,1.2874307685706299e-05,1.0,2.2945263822293782e-07,0.0,5.526682798517868e-06,0.37,6.647836130468932e-07,0.1,5.9059067770697614e-05
1346,3.653881094578537e-06,1.0,6.745280643372098e-06,1.0,2.2897256712894887e-07,0.0,5.528352630790323e-06,0.37083333333333335,6.83575763105182e-07,0.1,5.832695998943866e-05
1347,3.867080067720963e-06,1.0,3.841810666926904e-06,1.0,2.289795162369046e-07,0.0,5.845053237862885e-06,0.37166666666666665,7.069294269967941e-07,0.1,5.759921627757201e-05
1348,3.836283212876879e-06,1.0,9.876153853838332e-06,1.0,2.2931084231458954e-07,0.0,5.863774276804179e-06,0.3725,7.086072173478897e-07,0.1,5.6875843817634534e-05
1349,3.522084170981543e-06,1.0,6.5776598603406455e-06,1.0,2.2975498836785846e-07,0.0,5.428031727205962e-06,0.37333333333333335,5.555137931878562e-07,0.1,5.6156849749020276e-05
1350,3.72888166566554e-06,1.0,9.035161383508239e-06,1.0,2.2962407797422202e-07,0.0,5.5312066251644865e-06,0.37416666666666665,5.796665618618135e-07,0.1,5.544224116791029e-05
1351,3.6832161640631966e-06,1.0,4.540946974884719e-06,1.0,2.2938831989449682e-07,0.0,5.517320460057817e-06,0.375,5.347267801880662e-07,0.1,5.473202512720286e-05
1352,3.7386862459243275e-06,1.0,4.609536063071573e-06,1.0,2.291803156140304e-07,0.0,6.557883352797944e-06,0.37583333333333335,5.161857075108855e-07,0.1,5.402620863644375e-05
1353,3.713668547788984e-06,1.0,9.950740604836028e-06,1.0,2.2999820714630914e-07,0.0,5.514951226359699e-06,0.37666666666666665,4.866001290793065e-07,0.1,5.332479866175662e-05
1354,4.141300451010466e-06,1.0,5.546505235543009e-06,1.0,2.2932896115435142e-07,0.0,5.770139068772551e-06,0.3775,3.8977270833129296e-07,0.1,5.262780212577468e-05
1355,3.6243218346498907e-06,1.0,5.122459242556943e-06,1.0,2.2940844246477354e-07,0.0,5.4173556236492004e-06,0.37833333333333335,3.6819591286985087e-07,0.1,5.193522590757254e-05
1356,3.8557618609047495e-06,1.0,5.171183602215024e-06,1.0,2.2914548480912345e-07,0.0,5.889425210625632e-06,0.37916666666666665,3.830913328783936e-07,0.1,5.1247076842597646e-05
1357,4.035408892377745e-06,1.0,3.283274281784543e-06,1.0,2.2923811116015713e-07,0.0,5.749293904955266e-06,0.38,4.042814225613256e-07,0.1,5.056336172260367e-05
1358,3.7843274185433984e-06,1.0,6.188345651025884e-06,1.0,2.2909830477146897e-07,0.0,5.541510290640872e-06,0.38083333333333336,4.2164214164586156e-07,0.1,4.988408729558268e-05
1359,3.7065360629640054e-06,1.0,6.136871888884343e-06,1.0,2.2945610567148833e-07,0.0,5.145652266946854e-06,0.38166666666666665,4.558347654892714e-07,0.1,4.9209260265699105e-05
1360,3.552364887582371e-06,1.0,1.5034911484690383e-05,1.0,2.2938928623261745e-07,0.0,4.964717390976148e-06,0.3825,6.240111360966694e-07,0.1,4.853888729322333e-05
1361,4.427926796779502e-06,1.0,9.779006177268457e-06,1.0,2.2886811734679213e-07,0.0,5.012635028833756e-06,0.38333333333333336,9.243179306395177e-07,0.1,4.787297499446581e-05
1362,4.531902050075587e-06,1.0,9.057077477336861e-06,1.0,2.2915529029887693e-07,0.0,5.640858034894336e-06,0.38416666666666666,1.0668178447303944e-06,0.1,4.721152994171206e-05
1363,4.8887013690546155e-06,1.0,1.1382829143258277e-05,1.0,2.2904421825842292e-07,0.0,5.001193130738102e-06,0.385,1.2237526334502036e-06,0.1,4.655455866315795e-05
1364,5.105888703837991e-06,1.0,1.4403614841285162e-05,1.0,2.2916449893273239e-07,0.0,5.365071046981029e-06,0.3858333333333333,1.1364020338078262e-06,0.1,4.590206764284467e-05
1365,4.3717627704609185e-06,1.0,9.195033271680586e-06,1.0,2.2916178465948178e-07,0.0,5.589993634202983e-06,0.38666666666666666,1.006609522846702e-06,0.1,4.5254063320595075e-05
1366,4.1776611396926455e-06,1.0,8.221253665396944e-06,1.0,2.2967063273426902e-07,0.0,5.628720828099176e-06,0.3875,7.406688951050455e-07,0.1,4.461055209195037e-05
1367,3.4128963761759223e-06,1.0,4.354189968580613e-06,1.0,2.2847797254144098e-07,0.0,5.414393854152877e-06,0.3883333333333333,4.7574769723723875e-07,0.1,4.3971540308106486e-05
1368,4.247463039064314e-06,1.0,1.4276154615799896e-05,1.0,2.28802008450657e-07,0.0,5.0336016101937275e-06,0.38916666666666666,3.340965122333728e-07,0.1,4.33370342758517e-05
1369,4.6636782826681156e-06,1.0,7.996040949365124e-06,1.0,2.2968170299009216e-07,0.0,5.860489636688726e-06,0.39,2.298837387115782e-07,0.1,4.2707040257504446e-05
1370,4.6224799916672055e-06,1.0,6.301118901319569e-06,1.0,2.292467797815334e-07,0.0,5.22845721206977e-06,0.3908333333333333,2.451394323088607e-07,0.1,4.208156447085142e-05
1371,5.237313416728284e-06,1.0,2.1578493033302948e-05,1.0,2.2909063090992277e-07,0.0,5.892537501495099e-06,0.39166666666666666,2.467284048179863e-07,0.1,4.1460613089086104e-05
1372,4.557658940029796e-06,1.0,8.01457281340845e-06,1.0,2.2901973295574862e-07,0.0,5.143372163729509e-06,0.3925,2.6436629241288756e-07,0.1,4.0844192240747854e-05
1373,4.091786195203895e-06,1.0,1.001665532385232e-05,1.0,2.302302846146631e-07,0.0,5.1676715884241275e-06,0.3933333333333333,3.145356117784104e-07,0.1,4.023230800966157e-05
1374,3.868360181513708e-06,1.0,1.2305009477131534e-05,1.0,2.2960458068155276e-07,0.0,5.474003955896478e-06,0.39416666666666667,3.4888486766249116e-07,0.1,3.962496643487761e-05
1375,3.600088803068502e-06,1.0,1.0003890565712936e-05,1.0,2.298192498528806e-07,0.0,5.34554692421807e-06,0.395,5.105514446768211e-07,0.1,3.902217351061228e-05
1376,3.658087052826886e-06,1.0,7.932660082587972e-06,1.0,2.2942975874684635e-07,0.0,5.828070243296679e-06,0.3958333333333333,5.78000594941841e-07,0.1,3.8423935186188154e-05
1377,3.7894199067523004e-06,1.0,1.073571911547333e-05,1.0,2.2950959532863635e-07,0.0,5.059859176981263e-06,0.39666666666666667,6.879001261950179e-07,0.1,3.783025736597623e-05
1378,3.709937573148636e-06,1.0,6.95106746206875e-06,1.0,2.2954714040679391e-07,0.0,5.349005277821561e-06,0.3975,7.352166448981734e-07,0.1,3.72411459093367e-05
1379,4.141303634241922e-06,1.0,5.113272436574334e-06,1.0,2.2965025436860742e-07,0.0,5.681840775650926e-06,0.3983333333333333,8.183183126675431e-07,0.1,3.665660663056195e-05
1380,4.010656994068995e-06,1.0,5.973377938062185e-06,1.0,2.294779477551856e-07,0.0,5.892344233870972e-06,0.39916666666666667,9.461277841182891e-07,0.1,3.60766452988184e-05
1381,4.184502813586732e-06,1.0,9.538547601550817e-06,1.0,2.2939123311971343e-07,0.0,5.434991635411279e-06,0.4,8.719470088180969e-07,0.1,3.550126763809059e-05
1382,4.3000154619221576e-06,1.0,5.323583991412306e-06,1.0,2.3003411797617446e-07,0.0,4.5520182538894005e-06,0.4008333333333333,8.166140332832583e-07,0.1,3.493047932712363e-05
1383,4.139674274483696e-06,1.0,1.4397773156815674e-05,1.0,2.2935617494113103e-07,0.0,5.6249627959914505e-06,0.40166666666666667,7.842337481633876e-07,0.1,3.436428599936774e-05
1384,3.4411027627356816e-06,1.0,2.419728843960911e-06,1.0,2.2943201827274606e-07,0.0,6.0936254158150405e-06,0.4025,5.171652901481139e-07,0.1,3.3802693242922295e-05
1385,4.017488208774012e-06,1.0,3.6771264149138005e-06,1.0,2.294079308740038e-07,0.0,5.126521955389762e-06,0.4033333333333333,4.925215648654557e-07,0.1,3.32457066004813e-05
1386,3.942610874219099e-06,1.0,7.468317107850453e-06,1.0,2.2908520236342156e-07,0.0,5.26895746588707e-06,0.4041666666666667,3.824137877472822e-07,0.1,3.2693331569277954e-05
1387,4.237259418005124e-06,1.0,7.241162620630348e-06,1.0,2.2955742906560772e-07,0.0,4.648047706723446e-06,0.405,2.9585908123408444e-07,0.1,3.214557360103074e-05
1388,3.963422841479769e-06,1.0,2.0045308701810427e-05,1.0,2.2891831008564623e-07,0.0,5.1729625738516916e-06,0.4058333333333333,2.448375084895815e-07,0.1,3.16024381018899e-05
1389,4.349623850430362e-06,1.0,1.378649722028058e-05,1.0,2.2915605768503156e-07,0.0,5.491076535690809e-06,0.4066666666666667,2.825935325745377e-07,0.1,3.106393043238334e-05
1390,4.275287665223004e-06,1.0,7.735694453003816e-06,1.0,2.2959665102462168e-07,0.0,5.440851964522153e-06,0.4075,3.372427954673185e-07,0.1,3.0530055907364446e-05
1391,3.4857471291616093e-06,1.0,7.5060929702885915e-06,1.0,2.2894275275575637e-07,0.0,5.090129889140371e-06,0.4083333333333333,3.3905260465871834e-07,0.1,3.0000819795959132e-05
1392,3.741599357454106e-06,1.0,7.4889017014356796e-06,1.0,2.3025049245006812e-07,0.0,4.7050452849362046e-06,0.4091666666666667,4.410454721437418e-07,0.1,2.9476227321514176e-05
1393,3.564464805094758e-06,1.0,9.152206985163502e-06,1.0,2.301160577644623e-07,0.0,5.5301652537309565e-06,0.41,5.001105591873056e-07,0.1,2.8956283661545698e-05
1394,3.522637143760221e-06,1.0,9.869711902865674e-06,1.0,2.2962726120567822e-07,0.0,5.112065082357731e-06,0.41083333333333333,5.047070317232283e-07,0.1,2.8440993947687555e-05
1395,3.4918712117359973e-06,1.0,2.8884041967103258e-06,1.0,2.293223104743447e-07,0.0,4.761827312904643e-06,0.4116666666666667,5.766715958088753e-07,0.1,2.7930363265641128e-05
1396,3.800641252382775e-06,1.0,8.576614163757768e-06,1.0,2.2934327148504963e-07,0.0,5.17780426889658e-06,0.4125,6.997914852036047e-07,0.1,2.742439665512526e-05
1397,3.7913539472356206e-06,1.0,3.768245505852974e-06,1.0,2.2927216036805476e-07,0.0,5.4785969041404314e-06,0.41333333333333333,7.643095614184858e-07,0.1,2.6923099109826065e-05
1398,4.0689246816327795e-06,1.0,7.27792439647601e-06,1.0,2.3011281768958725e-07,0.0,5.439007054519607e-06,0.4141666666666667,8.422447308475967e-07,0.1,2.6426475577347794e-05
1399,3.903913238900714e-06,1.0,7.5143566391489e-06,1.0,2.301178341213017e-07,0.0,5.655976565321907e-06,0.415,8.976368235380505e-07,0.1,2.5934530959164486e-05
1400,3.891117103194119e-06,1.0,5.234311174717732e-06,1.0,2.2943305566514027e-07,0.0,5.700085694115842e-06,0.41583333333333333,8.220362133215531e-07,0.1,2.5447270110570814e-05
1401,3.851294877676992e-06,1.0,1.1271759831288364e-05,1.0,2.2964815116210957e-07,0.0,5.054539087723242e-06,0.4166666666666667,7.033116276033979e-07,0.1,2.4964697840634583e-05
1402,4.025600446766475e-06,1.0,4.081980023329379e-06,1.0,2.2994251480668026e-07,0.0,5.188506293052342e-06,0.4175,6.852922638245218e-07,0.1,2.448681891214924e-05
1403,3.949880920117721e-06,1.0,2.3004261038295226e-06,1.0,2.2977926050771202e-07,0.0,5.583089659921825e-06,0.41833333333333333,5.945538532614592e-07,0.1,2.4013638041586974e-05
1404,3.411705620237626e-06,1.0,2.9301081667654216e-06,1.0,2.2921176423551515e-07,0.0,4.703510512626963e-06,0.4191666666666667,5.317880322763813e-07,0.1,2.354515989905185e-05
1405,3.7735167097707745e-06,1.0,4.030408035760047e-06,1.0,2.294287924087257e-07,0.0,6.188220140757039e-06,0.42,4.907234369966318e-07,0.1,2.3081389108234106e-05
1406,3.968621967942454e-06,1.0,7.931768777780235e-06,1.0,2.2966293045101338e-07,0.0,4.955439180776011e-06,0.42083333333333334,4.840744622924831e-07,0.1,2.2622330246364145e-05
1407,3.3885883112816373e-06,1.0,6.719034445268335e-06,1.0,2.2885916450832156e-07,0.0,4.749224899569526e-06,0.4216666666666667,4.2190367821604013e-07,0.1,2.2167987844167702e-05
1408,3.803634626819985e-06,1.0,1.4388135241460986e-05,1.0,2.2928682597012084e-07,0.0,4.401451860758243e-06,0.4225,4.5820735294910264e-07,0.1,2.1718366385820772e-05
1409,3.5116408980684355e-06,1.0,6.740071057720343e-06,1.0,2.2938819199680438e-07,0.0,5.3226017371343914e-06,0.42333333333333334,3.9923224903759547e-07,0.1,2.1273470308905638e-05
1410,3.770170224015601e-06,1.0,4.447405899554724e-06,1.0,2.2952050926505763e-07,0.0,5.2601626521209255e-06,0.4241666666666667,4.493369090141641e-07,0.1,2.0833304004366943e-05
1411,3.687173602884286e-06,1.0,8.937710845202673e-06,1.0,2.287895597419265e-07,0.0,5.324608537193853e-06,0.425,5.208233915254823e-07,0.1,2.0397871816468482e-05
1412,3.375666437932523e-06,1.0,6.885515176691115e-06,1.0,2.2943072508496698e-07,0.0,4.812073711946141e-06,0.42583333333333334,6.021512035658816e-07,0.1,1.9967178042750136e-05
1413,3.892303539032582e-06,1.0,1.0496180038899183e-05,1.0,2.2856787040836934e-07,0.0,4.550917765300255e-06,0.4266666666666667,6.068631250855105e-07,0.1,1.954122693398548e-05
1414,3.784439513765392e-06,1.0,6.830765869381139e-06,1.0,2.2957716794280714e-07,0.0,5.493791832122952e-06,0.4275,7.070079846016597e-07,0.1,1.9120022694140153e-05
1415,3.7846091345272725e-06,1.0,2.0441273591131903e-05,1.0,2.294899275057105e-07,0.0,5.383420102589298e-06,0.42833333333333334,7.996953854672029e-07,0.1,1.8703569480329918e-05
1416,3.975345862272661e-06,1.0,8.245496246672701e-06,1.0,2.2966017354519863e-07,0.0,5.106445314595476e-06,0.42916666666666664,8.062181677814806e-07,0.1,1.82918714027797e-05
1417,4.253753559169127e-06,1.0,8.049658390518744e-06,1.0,2.2960631440582802e-07,0.0,5.545768544834573e-06,0.43,8.357930028068949e-07,0.1,1.788493252478347e-05
1418,3.683307568280725e-06,1.0,9.541506187815685e-06,1.0,2.290436498242343e-07,0.0,5.1761630857072305e-06,0.43083333333333335,8.745672630539048e-07,0.1,1.748275686266372e-05
1419,4.022766916023102e-06,1.0,1.0532225132919848e-05,1.0,2.294873979735712e-07,0.0,5.084539679955924e-06,0.43166666666666664,8.850284984873724e-07,0.1,1.7085348385731762e-05
1420,4.055333647556836e-06,1.0,3.151749297103379e-06,1.0,2.3012123051557865e-07,0.0,4.883803285338217e-06,0.4325,8.552402164241357e-07,0.1,1.669271101624878e-05
1421,4.279345375834964e-06,1.0,1.4572699910786469e-05,1.0,2.2974195701408462e-07,0.0,5.059208433522144e-06,0.43333333333333335,8.000005777830665e-07,0.1,1.630484862938719e-05
1422,3.4799688819475705e-06,1.0,6.87677129462827e-06,1.0,2.291082381589149e-07,0.0,5.090364084026078e-06,0.43416666666666665,6.240521770450869e-07,0.1,1.5921765053192156e-05
1423,3.8799416870460846e-06,1.0,9.623220648791175e-06,1.0,2.288862219756993e-07,0.0,5.6306062106159516e-06,0.435,6.734995849910774e-07,0.1,1.554346406854387e-05
1424,3.7855929804209154e-06,1.0,1.2467985470721032e-05,1.0,2.297918513249897e-07,0.0,5.445532224257477e-06,0.43583333333333335,5.600786039394734e-07,0.1,1.5169949409120352e-05
1425,3.660501079139067e-06,1.0,4.152109795541037e-06,1.0,2.2921332742953382e-07,0.0,5.211439201957546e-06,0.43666666666666665,5.046233013672463e-07,0.1,1.4801224761360563e-05
1426,3.524679868860403e-06,1.0,5.810735729028238e-06,1.0,2.2946105104892922e-07,0.0,5.877905095985625e-06,0.4375,4.023548854092951e-07,0.1,1.4437293764427806e-05
1427,3.6370418001752114e-06,1.0,7.987034223333467e-06,1.0,2.298068153550048e-07,0.0,5.168325060367351e-06,0.43833333333333335,4.051682935823919e-07,0.1,1.4078160010174188e-05
1428,3.871401986543788e-06,1.0,5.986426003801171e-06,1.0,2.2962595380704443e-07,0.0,4.918992090097163e-06,0.43916666666666665,4.086918181656074e-07,0.1,1.3723827043104673e-05
1429,3.7714812606282067e-06,1.0,6.369740276568336e-06,1.0,2.293994185720294e-07,0.0,5.234975105850026e-06,0.44,3.7000648944740533e-07,0.1,1.3374298360342926e-05
1430,3.619906237872783e-06,1.0,1.1453322258603293e-05,1.0,2.299064618682678e-07,0.0,5.066361609351588e-06,0.44083333333333335,3.281971885371604e-07,0.1,1.3029577411595713e-05
1431,4.012676072306931e-06,1.0,1.70788262039423e-05,1.0,2.2963271817388886e-07,0.0,5.574092938331887e-06,0.44166666666666665,3.6464524555412936e-07,0.1,1.2689667599119625e-05
1432,3.7482175230252324e-06,1.0,6.824362571933307e-06,1.0,2.2956857037570444e-07,0.0,5.093423169455491e-06,0.4425,3.5885898341803113e-07,0.1,1.2354572277687358e-05
1433,3.856904186250176e-06,1.0,6.4532346186751965e-06,1.0,2.2894475648627122e-07,0.0,4.376902325020637e-06,0.44333333333333336,4.053345890042692e-07,0.1,1.2024294754554501e-05
1434,3.6092219488637056e-06,1.0,1.2183137187093962e-05,1.0,2.293502490147148e-07,0.0,5.175415026315022e-06,0.44416666666666665,4.4244669084037014e-07,0.1,1.1698838289426704e-05
1435,3.5543812373362016e-06,1.0,7.338338491535978e-06,1.0,2.2968222879171662e-07,0.0,5.500627594301477e-06,0.445,4.1735123090802517e-07,0.1,1.1378206094427955e-05
1436,3.5530349578039022e-06,1.0,1.6083573427749798e-05,1.0,2.2872490035297233e-07,0.0,5.359830083762063e-06,0.44583333333333336,4.4502496621134924e-07,0.1,1.1062401334068695e-05
1437,3.7486802284547593e-06,1.0,9.121647963183932e-06,1.0,2.2965684820519527e-07,0.0,4.506700861384161e-06,0.44666666666666666,4.631942829291802e-07,0.1,1.075142712521432e-05
1438,3.922283667634474e-06,1.0,7.5110751822649036e-06,1.0,2.2949596711896447e-07,0.0,5.688662895408925e-06,0.4475,4.1592255684008705e-07,0.1,1.044528653705468e-05
1439,3.7067197808937635e-06,1.0,1.1884440027642995e-05,1.0,2.292279930315999e-07,0.0,5.074372893432155e-06,0.4483333333333333,4.864559741690755e-07,0.1,1.01439825910738e-05
1440,3.5649522942549083e-06,1.0,5.8347895901533775e-06,1.0,2.2972159285927773e-07,0.0,5.161171884537907e-06,0.44916666666666666,4.7143507231339754e-07,0.1,9.847518261019985e-06
1441,3.831910817098105e-06,1.0,6.581334673683159e-06,1.0,2.2936636412396183e-07,0.0,5.281374342303025e-06,0.45,4.773355612996966e-07,0.1,9.555896472876606e-06
1442,3.4085314837284386e-06,1.0,1.1230165910092182e-05,1.0,2.2908835717316833e-07,0.0,5.940032679063734e-06,0.4508333333333333,4.7220356691468623e-07,0.1,9.269120104832804e-06
1443,3.5998248222313123e-06,1.0,8.496216651110444e-06,1.0,2.289444722691769e-07,0.0,5.190994215809042e-06,0.45166666666666666,4.608066035416414e-07,0.1,8.987191987255723e-06
1444,3.7826746392966015e-06,1.0,3.842706064460799e-06,1.0,2.2956686507313862e-07,0.0,4.841537702304777e-06,0.4525,4.7598859964637086e-07,0.1,8.710114902661938e-06
1445,3.878319148498122e-06,1.0,6.93284619046608e-06,1.0,2.2920491460354242e-07,0.0,5.3287108130462e-06,0.4533333333333333,5.088196530778077e-07,0.1,8.437891585690453e-06
1446,3.5420396216068184e-06,1.0,7.071710115269525e-06,1.0,2.296563934578444e-07,0.0,4.941824954585172e-06,0.45416666666666666,4.676920752899605e-07,0.1,8.170524723075476e-06
1447,3.846593244816177e-06,1.0,8.092386451608036e-06,1.0,2.290250336045574e-07,0.0,5.487458111019805e-06,0.455,5.638925699713582e-07,0.1,7.908016953620067e-06
1448,3.730420758074615e-06,1.0,5.965016043774085e-06,1.0,2.2947003230910923e-07,0.0,5.294463790050941e-06,0.4558333333333333,5.682322807842866e-07,0.1,7.650370868169916e-06
1449,3.459539357208996e-06,1.0,5.965906893834472e-06,1.0,2.2875499894325912e-07,0.0,5.321290700521786e-06,0.45666666666666667,5.263519256004656e-07,0.1,7.3975890095878345e-06
1450,3.820752681349404e-06,1.0,1.1313974937365856e-05,1.0,2.2899479290572344e-07,0.0,5.050075287726941e-06,0.4575,5.427143605629681e-07,0.1,7.149673872728739e-06
1451,3.3644614632066805e-06,1.0,9.568900168233085e-06,1.0,2.2960557544138283e-07,0.0,5.572748705162667e-06,0.4583333333333333,5.637195386043459e-07,0.1,6.906627904414922e-06
1452,3.7634288219123846e-06,1.0,4.148619609622983e-06,1.0,2.2972794511133543e-07,0.0,5.166485152585665e-06,0.45916666666666667,5.985965572108398e-07,0.1,6.668453503411982e-06
1453,3.7299860196071677e-06,1.0,3.1466893233300652e-06,1.0,2.289926044340973e-07,0.0,4.8877682274905965e-06,0.46,5.440381301013986e-07,0.1,6.4351530204050885e-06
1454,3.823631686827866e-06,1.0,8.025578608794603e-06,1.0,2.292045166996104e-07,0.0,5.974250143481186e-06,0.4608333333333333,6.264149305934552e-07,0.1,6.206728757975859e-06
1455,3.544893615980982e-06,1.0,5.5882542255858425e-06,1.0,2.2937253163490823e-07,0.0,5.679389687429648e-06,0.46166666666666667,6.366947218339192e-07,0.1,5.983182970579511e-06
1456,3.653255589597393e-06,1.0,7.900156560936011e-06,1.0,2.2921659592611832e-07,0.0,5.1957049436168745e-06,0.4625,5.788354542346497e-07,0.1,5.764517864522732e-06
1457,3.7108979995537084e-06,1.0,8.176471055776346e-06,1.0,2.2953453537866153e-07,0.0,5.577881893259473e-06,0.4633333333333333,5.196915253691259e-07,0.1,5.550735597941835e-06
1458,3.6786120745091466e-06,1.0,5.758473889727611e-06,1.0,2.2926758447283646e-07,0.0,5.697854248865042e-06,0.46416666666666667,5.707532864107634e-07,0.1,5.341838280781458e-06
1459,3.483196906017838e-06,1.0,9.065523045137525e-06,1.0,2.2929036447294493e-07,0.0,5.44977137906244e-06,0.465,6.142346933302179e-07,0.1,5.137827974773886e-06
1460,3.7943871120660333e-06,1.0,1.012397297017742e-05,1.0,2.299260870586295e-07,0.0,5.114237865200266e-06,0.4658333333333333,5.32578781076154e-07,0.1,4.938706693418357e-06
1461,3.909743554686429e-06,1.0,6.938337264728034e-06,1.0,2.2902061402874097e-07,0.0,5.245239663054235e-06,0.4666666666666667,6.566309025402006e-07,0.1,4.744476401961549e-06
1462,3.6505884963844437e-06,1.0,8.202836397686042e-06,1.0,2.3000052351562772e-07,0.0,5.406816853792407e-06,0.4675,5.568452365878329e-07,0.1,4.555139017378113e-06
1463,3.4432530355843483e-06,1.0,4.134229584451532e-06,1.0,2.293678278419975e-07,0.0,6.180841410241555e-06,0.4683333333333333,5.254333927950938e-07,0.1,4.370696408351486e-06
1464,3.6345804801385384e-06,1.0,1.014686768030515e-05,1.0,2.2914635167126107e-07,0.0,4.773783985001501e-06,0.4691666666666667,5.192936782805191e-07,0.1,4.191150395255807e-06
1465,3.6269225347496103e-06,1.0,5.804171905765543e-06,1.0,2.2944678335079516e-07,0.0,5.179584150027949e-06,0.47,5.153556230652612e-07,0.1,4.0165027501377365e-06
1466,3.7564423109870404e-06,1.0,8.732559763302561e-06,1.0,2.2927048348719836e-07,0.0,5.126562427903991e-06,0.4708333333333333,5.446250384011364e-07,0.1,3.8467551966990375e-06
1467,3.63191634278337e-06,1.0,8.178333700925577e-06,1.0,2.2941283361888054e-07,0.0,5.768880328105297e-06,0.4716666666666667,5.022941422794247e-07,0.1,3.6819094102795517e-06
1468,3.6362253013066947e-06,1.0,6.372540610755095e-06,1.0,2.303284247773263e-07,0.0,5.115964995638933e-06,0.4725,5.282435040498967e-07,0.1,3.5219670178405637e-06
1469,3.4302356652915478e-06,1.0,9.06746481632581e-06,1.0,2.292607064191543e-07,0.0,5.100884663988836e-06,0.47333333333333333,5.354723953132634e-07,0.1,3.366929597948994e-06
1470,3.1883118936093524e-06,1.0,9.232896445610095e-06,1.0,2.2916063358024985e-07,0.0,7.531401024607476e-06,0.4741666666666667,5.115922476761625e-07,0.1,3.2167986807615416e-06
1471,3.3338806133542676e-06,1.0,1.2167944987595547e-05,1.0,2.292623833000107e-07,0.0,5.59414729650598e-06,0.475,6.001481551720644e-07,0.1,3.0715757480097664e-06
1472,3.728849833350978e-06,1.0,8.854557563608978e-06,1.0,2.295308547672903e-07,0.0,5.485705059982138e-06,0.47583333333333333,5.356873202799761e-07,0.1,2.9312622329853344e-06
1473,3.6255185023037484e-06,1.0,1.2359207175904885e-05,1.0,2.2903810759089538e-07,0.0,5.7523839132045396e-06,0.4766666666666667,5.862938223799574e-07,0.1,2.7958595205261005e-06
1474,3.525806960169575e-06,1.0,6.31449302090914e-06,1.0,2.2947480715629354e-07,0.0,5.4670372264808975e-06,0.4775,5.698743166249187e-07,0.1,2.6653689470020808e-06
1475,3.599760020733811e-06,1.0,1.2986645742785186e-05,1.0,2.2972527347064897e-07,0.0,5.710962796001695e-06,0.47833333333333333,5.213390750213875e-07,0.1,2.539791800302582e-06
1476,3.691517122206278e-06,1.0,4.328587692725705e-06,1.0,2.2925198095435917e-07,0.0,4.772744887304725e-06,0.4791666666666667,5.822372486363747e-07,0.1,2.41912931982334e-06
1477,3.5170314731658436e-06,1.0,9.931208296620753e-06,1.0,2.2891610740316537e-07,0.0,4.664838797907578e-06,0.48,4.950653078594769e-07,0.1,2.3033826964543165e-06
1478,3.5070800095127197e-06,1.0,4.749933850689558e-06,1.0,2.2969402380113024e-07,0.0,5.225275344855618e-06,0.48083333333333333,5.617385454570467e-07,0.1,2.1925530725679995e-06
1479,3.3352062018821016e-06,1.0,3.169213641740498e-06,1.0,2.294194416663231e-07,0.0,5.71536656934768e-06,0.4816666666666667,5.848457362844783e-07,0.1,2.0866415420079797e-06
1480,3.779394774028333e-06,1.0,4.517300567385973e-06,1.0,2.2943005717479537e-07,0.0,5.3916774049866945e-06,0.4825,5.662079729518155e-07,0.1,1.9856491500783564e-06
1481,3.5739867598749697e-06,1.0,8.221669304475654e-06,1.0,2.290426266426948e-07,0.0,5.865800630999729e-06,0.48333333333333334,5.25998132161476e-07,0.1,1.8895768935332043e-06
1482,3.7324768982216483e-06,1.0,1.3551954907597974e-05,1.0,2.2994746018412116e-07,0.0,5.860701094206888e-06,0.4841666666666667,5.724287461816857e-07,0.1,1.7984257205669765e-06
1483,3.785806711675832e-06,1.0,4.129042736167321e-06,1.0,2.2944836075566855e-07,0.0,4.810423888557125e-06,0.485,5.052172582509229e-07,0.1,1.7121965308048569e-06
1484,3.3679771149763837e-06,1.0,1.0606233445287216e-05,1.0,2.2928990972559404e-07,0.0,4.909714334644377e-06,0.48583333333333334,6.151108777885383e-07,0.1,1.6308901752942749e-06
1485,3.6423032270249678e-06,1.0,3.94452990803984e-06,1.0,2.2887311956765188e-07,0.0,4.705110768554732e-06,0.4866666666666667,5.26368921782705e-07,0.1,1.5545074564960331e-06
1486,3.8349221540556755e-06,1.0,6.479692274297122e-06,1.0,2.2997184601081244e-07,0.0,5.287243311613565e-06,0.4875,5.849024091730826e-07,0.1,1.483049128276709e-06
1487,3.5387292882660404e-06,1.0,8.806402547634207e-06,1.0,2.2973722479946446e-07,0.0,4.629118848242797e-06,0.48833333333333334,5.227983592703822e-07,0.1,1.4165158959012245e-06
1488,3.335265319037717e-06,1.0,7.451419605786214e-06,1.0,2.3006923299817572e-07,0.0,6.043678240530426e-06,0.4891666666666667,4.875724926023395e-07,0.1,1.3549084160256922e-06
1489,3.2783464121166617e-06,1.0,5.065430741524324e-06,1.0,2.29240612270587e-07,0.0,5.766694812336937e-06,0.49,5.481043672261876e-07,0.1,1.2982272966910377e-06
1490,3.649654900073074e-06,1.0,5.265389063424664e-06,1.0,2.2963399715081323e-07,0.0,6.326496531983139e-06,0.49083333333333334,5.348465492716059e-07,0.1,1.2464730973170658e-06
1491,3.4910613067040686e-06,1.0,5.726549261453329e-06,1.0,2.292474334808503e-07,0.0,5.03547016705852e-06,0.49166666666666664,5.344999749468116e-07,0.1,1.19964632869686e-06
1492,3.44312820743653e-06,1.0,7.712527803960256e-06,1.0,2.2900925955582352e-07,0.0,5.125396455696318e-06,0.4925,4.701157649833476e-07,0.1,1.15774745299168e-06
1493,3.6025485314894468e-06,1.0,6.043976554792607e-06,1.0,2.2972322710756998e-07,0.0,4.803403044206789e-06,0.49333333333333335,4.965168045600876e-07,0.1,1.1207768837264701e-06
1494,3.59648925041256e-06,1.0,1.3564353139372543e-05,1.0,2.2908855612513435e-07,0.0,5.273283477436053e-06,0.49416666666666664,5.854508913216705e-07,0.1,1.0887349857859219e-06
1495,3.932537765649613e-06,1.0,9.627392500988208e-06,1.0,2.2980296421337698e-07,0.0,5.066362064098939e-06,0.495,5.843231747348909e-07,0.1,1.0616220754105364e-06
1496,3.748874405573588e-06,1.0,6.6543821048981044e-06,1.0,2.2962589696362556e-07,0.0,4.330945557740051e-06,0.49583333333333335,5.098931410429941e-07,0.1,1.0394384201938522e-06
1497,3.701636387631879e-06,1.0,5.645417786581675e-06,1.0,2.293324996571755e-07,0.0,5.384228188631823e-06,0.49666666666666665,5.845522537129e-07,0.1,1.0221842390795608e-06
1498,3.5511084206518717e-06,1.0,1.2154398973507341e-05,1.0,2.2923839537725144e-07,0.0,4.862205059907865e-06,0.4975,5.209443543208181e-07,0.1,1.0098597023595108e-06
1499,3.6542551242746413e-06,1.0,1.3147850950190332e-05,1.0,2.294509471312267e-07,0.0,5.022223831474548e-06,0.49833333333333335,4.863798608312209e-07,0.1,1.0024649316718226e-06
1500,3.455598971413565e-06,1.0,3.142703690173221e-06,1.0,2.2858480974718987e-07,0.0,5.424878509074915e-06,0.49916666666666665,4.742904025079042e-07,0.1,0.001
1501,3.478169674053788e-06,1.0,3.147688403259963e-06,1.0,2.2884374573095556e-07,0.0,5.942992174823303e-06,0.5,5.05568436892645e-07,0.1,0.000999999383766702
1502,1.1964083569182549e-05,1.0,2.6454272301634774e-05,1.0,2.2973898694544914e-07,0.0,5.344954388419865e-06,0.5008333333333334,3.3295169288294346e-08,0.1,0.0009999975350683283
1503,3.7670048186555505e-05,1.0,8.68867282406427e-05,1.0,2.300650123743253e-07,0.0,6.8220165303500835e-06,0.5016666666666667,1.0141482562175952e-05,0.1,0.0009999944539094403
1504,7.409457612084225e-05,1.0,0.00014524775906465948,1.0,2.2893834739079466e-07,0.0,6.069972187106032e-06,0.5025,0.0,0.1,0.0009999901402976406
1505,6.424701132345945e-05,1.0,0.0001446146925445646,1.0,2.2995270398951106e-07,0.0,6.749573458364466e-06,0.5033333333333333,1.753465403453447e-05,0.1,0.0009999845942435725
1506,3.777241363422945e-05,1.0,8.436482312390581e-05,1.0,2.2923011044895247e-07,0.0,5.697851065633586e-06,0.5041666666666667,4.912987794369883e-10,0.1,0.0009999778157609204
1507,1.2290066479181405e-05,1.0,4.030272611998953e-05,1.0,2.2972925250996923e-07,0.0,5.94679204368731e-06,0.505,2.8184163056721445e-06,0.1,0.0009999698048664097
1508,5.6382405091426335e-06,1.0,1.62325977726141e-05,1.0,2.2910742814019613e-07,0.0,5.0876296882051975e-06,0.5058333333333334,1.5860128144140617e-07,0.1,0.0009999605615798061
1509,8.063412678893656e-06,1.0,1.3114816283632535e-05,1.0,2.2932528054298018e-07,0.0,6.425469109672122e-06,0.5066666666666667,1.5878013073233888e-06,0.1,0.000999950085923917
1510,6.9334882937255315e-06,1.0,1.7611471776035614e-05,1.0,2.294435432759201e-07,0.0,4.863761205342598e-06,0.5075,1.1538982391812169e-07,0.1,0.0009999383779245895
1511,4.509025529841892e-06,1.0,5.732808858738281e-06,1.0,2.2931325815989112e-07,0.0,3.954735802835785e-06,0.5083333333333333,7.755984370305669e-07,0.1,0.0009999254376107122
1512,8.126298780553043e-06,1.0,1.4163630112307146e-05,1.0,2.2923553899545368e-07,0.0,4.3230302253505215e-06,0.5091666666666667,1.7824331735027954e-06,0.1,0.0009999112650142142
1513,2.2918904505786486e-05,1.0,5.068423706688918e-05,1.0,2.2919277853361564e-07,0.0,4.965263542544562e-06,0.51,5.968483485219167e-09,0.1,0.0009998958601700645
1514,3.570227272575721e-05,1.0,7.523812382714823e-05,1.0,2.295194576618087e-07,0.0,5.6991457313415594e-06,0.5108333333333334,8.361704203707632e-06,0.1,0.0009998792231162737
1515,2.801602749968879e-05,1.0,5.1718066970352083e-05,1.0,2.2922353082321933e-07,0.0,4.329947842052206e-06,0.5116666666666667,2.1969013275224825e-09,0.1,0.0009998613538938913
1516,6.12218354945071e-06,1.0,1.3269599548948463e-05,1.0,2.2967026325204642e-07,0.0,4.516838089330122e-06,0.5125,1.3232832998255617e-06,0.1,0.0009998422525470084
1517,5.153305210114922e-06,1.0,2.09514400921762e-05,1.0,2.2914875330570794e-07,0.0,4.114376224606531e-06,0.5133333333333333,1.0945849453491974e-06,0.1,0.0009998219191227555
1518,6.034428224666044e-06,1.0,1.9650087779155e-05,1.0,2.2951360278966604e-07,0.0,3.4605739074322628e-06,0.5141666666666667,1.1216763340371472e-07,0.1,0.000999800353671303
1519,1.2678106031671632e-05,1.0,4.0659939259057865e-05,1.0,2.2914257158390683e-07,0.0,3.7380086723715067e-06,0.515,2.673732296898379e-06,0.1,0.0009997775562458622
1520,3.950666723540053e-05,1.0,9.003303421195596e-05,1.0,2.2990437287262466e-07,0.0,4.016181264887564e-06,0.5158333333333334,6.480653791385294e-10,0.1,0.0009997535269026829
1521,4.98324261570815e-05,1.0,0.00011905761493835598,1.0,2.3005773641671112e-07,0.0,6.598563231818844e-06,0.5166666666666667,1.2301907190703787e-05,0.1,0.0009997282657010554
1522,4.92195576953236e-05,1.0,9.1528934717644e-05,1.0,2.2900890428445564e-07,0.0,5.5382761274813674e-06,0.5175,2.118180283949833e-11,0.1,0.000999701772703309
1523,1.6805555787868798e-05,1.0,3.73829752788879e-05,1.0,2.2939323685022828e-07,0.0,4.268164047971368e-06,0.5183333333333333,3.8338366721291095e-06,0.1,0.0009996740479748126
1524,4.565315066429321e-06,1.0,6.32067440164974e-06,1.0,2.2931862986297347e-07,0.0,4.040779003844364e-06,0.5191666666666667,3.458045512161334e-07,0.1,0.0009996450915839743
1525,2.402797144895885e-05,1.0,5.858854638063349e-05,1.0,2.29827762154855e-07,0.0,4.945023647451308e-06,0.52,1.0521486792924861e-08,0.1,0.0009996149036022412
1526,7.229266338981688e-05,1.0,0.0001930840517161414,1.0,2.290370133550823e-07,0.0,5.769208655692637e-06,0.5208333333333334,1.843393692979589e-05,0.1,0.0009995834841040987
1527,0.00014471536269411445,1.0,0.00026467247516848147,1.0,2.2917662079180445e-07,0.0,7.126425771275535e-06,0.5216666666666666,0.0,0.1,0.0009995508331670719
1528,6.815066444687545e-05,1.0,0.00014025710697751492,1.0,2.298272931966494e-07,0.0,5.246889486443251e-06,0.5225,1.717581835691817e-05,0.1,0.0009995169508717234
1529,4.437717052496737e-06,1.0,1.0312913218513131e-05,1.0,2.2965755874793103e-07,0.0,4.906602498522261e-06,0.5233333333333333,3.5757170735450927e-07,0.1,0.0009994818373016542
1530,3.1819970899960026e-05,1.0,5.394615072873421e-05,1.0,2.2910072061677056e-07,0.0,5.559917099162703e-06,0.5241666666666667,5.22617227272093e-10,0.1,0.000999445492543504
1531,4.5216707803774625e-05,1.0,7.261947757797316e-05,1.0,2.2968328039496555e-07,0.0,5.368470738176256e-06,0.525,9.787325325305574e-06,0.1,0.0009994079166869496
1532,1.0698023288568947e-05,1.0,1.7324156942777336e-05,1.0,2.293654119966959e-07,0.0,5.055644123785896e-06,0.5258333333333334,5.211702358565162e-08,0.1,0.0009993691098247057
1533,1.246851752512157e-05,1.0,4.2890071199508384e-05,1.0,2.297480108381933e-07,0.0,5.460577995108906e-06,0.5266666666666666,4.284132160137233e-08,0.1,0.0009993290720525245
1534,7.357746653724462e-05,1.0,0.00020108517492190003,1.0,2.2956146494834684e-07,0.0,4.602491571858991e-06,0.5275,1.778525438567158e-05,0.1,0.000999287803469195
1535,0.00010844181088032201,1.0,0.0002116075047524646,1.0,2.2984920633462025e-07,0.0,7.130425274226582e-06,0.5283333333333333,0.0,0.1,0.0009992453041765437
1536,2.2984952011029236e-05,1.0,4.7419245674973354e-05,1.0,2.292661349656555e-07,0.0,3.3669889489829075e-06,0.5291666666666667,5.526721452042693e-06,0.1,0.0009992015742794332
1537,2.5127927074208856e-05,1.0,6.560505426023155e-05,1.0,2.2919353170891554e-07,0.0,3.275365543231601e-06,0.53,5.737519586546114e-06,0.1,0.0009991566138857623
1538,0.00012257631169632077,1.0,0.00026390940183773637,1.0,2.2978885283464479e-07,0.0,5.675628017343115e-06,0.5308333333333334,0.0,0.1,0.0009991104231064668
1539,7.007156091276556e-05,1.0,0.00013880334154237062,1.0,2.2900573526385415e-07,0.0,5.48890193385887e-06,0.5316666666666666,1.7948255845112726e-05,0.1,0.0009990630020555176
1540,7.868810826039407e-06,1.0,1.9814409824903123e-05,1.0,2.2961970103096974e-07,0.0,3.0855969725962495e-06,0.5325,1.780474349288852e-06,0.1,0.0009990143508499217
1541,0.00012120376050006598,1.0,0.00021840968111064285,1.0,2.297880286050713e-07,0.0,5.826705546496669e-06,0.5333333333333333,0.0,0.1,0.0009989644696097207
1542,8.359311323147267e-05,1.0,0.0002156941482098773,1.0,2.295779779615259e-07,0.0,5.087594672659179e-06,0.5341666666666667,2.1555068087764084e-05,0.1,0.0009989133584579922
1543,9.133027560892515e-06,1.0,1.2476805750338826e-05,1.0,2.2904697516423767e-07,0.0,2.4489145289408043e-06,0.535,5.402187142067305e-08,0.1,0.0009988610175208472
1544,5.29826975252945e-05,1.0,8.636134589323774e-05,1.0,2.2991069670297293e-07,0.0,2.941282218671404e-06,0.5358333333333334,8.221810038344657e-11,0.1,0.000998807446927432
1545,6.653288437519222e-05,1.0,0.00015199660265352577,1.0,2.2935515175959154e-07,0.0,4.495838311413536e-06,0.5366666666666666,1.7087597370846197e-05,0.1,0.000998752646809927
1546,1.1371379514457658e-05,1.0,1.9854727725032717e-05,1.0,2.2911208930054272e-07,0.0,2.7879389108420582e-06,0.5375,5.98901124249096e-08,0.1,0.0009986966173035456
1547,2.56724888458848e-05,1.0,4.4817472371505573e-05,1.0,2.2892237439009477e-07,0.0,3.0701189643878024e-06,0.5383333333333333,3.591371422473344e-09,0.1,0.0009986393585465355
1548,3.447390190558508e-05,1.0,4.357762009021826e-05,1.0,2.2942687394333916e-07,0.0,3.720760105352383e-06,0.5391666666666667,8.667971997056156e-06,0.1,0.0009985808706801766
1549,5.203713044465985e-06,1.0,1.0649133400875144e-05,1.0,2.2997990356543596e-07,0.0,2.3254901861946564e-06,0.54,1.0788680810946971e-06,0.1,0.0009985211538487823
1550,4.9357578973285854e-05,1.0,0.0001261825964320451,1.0,2.2938959887142119e-07,0.0,3.7022132346464787e-06,0.5408333333333334,2.256122025312557e-11,0.1,0.0009984602081996976
1551,4.989704757463187e-05,1.0,0.00011512321361806244,1.0,2.2926792553334963e-07,0.0,3.605196297939983e-06,0.5416666666666666,1.2013057130388916e-05,0.1,0.0009983980338832998
1552,4.83719941257732e-06,1.0,9.677968591859099e-06,1.0,2.2974415969656548e-07,0.0,2.9415425615297863e-06,0.5425,2.456395691297075e-07,0.1,0.0009983346310529979
1553,2.864616908482276e-05,1.0,5.5130021792137995e-05,1.0,2.296640673193906e-07,0.0,3.7110826269781683e-06,0.5433333333333333,2.0126935673658863e-09,0.1,0.0009982699998652323
1554,2.022971966653131e-05,1.0,6.637446495005861e-05,1.0,2.2951333278342645e-07,0.0,2.964083705592202e-06,0.5441666666666667,4.740251824841835e-06,0.1,0.000998204140479474
1555,5.270876499707811e-06,1.0,1.202980820380617e-05,1.0,2.299059076449339e-07,0.0,2.931444669229677e-06,0.545,1.6786698608939332e-07,0.1,0.0009981370530582241
1556,1.0853476851480082e-05,1.0,1.9095461539109237e-05,1.0,2.2903367380422424e-07,0.0,2.3972443159436807e-06,0.5458333333333333,4.346457060933062e-08,0.1,0.0009980687377670148
1557,1.76494249899406e-05,1.0,5.05612297274638e-05,1.0,2.2885697603669541e-07,0.0,2.9574232485174434e-06,0.5466666666666666,4.467941380426055e-06,0.1,0.0009979991947744065
1558,8.701005754119251e-06,1.0,5.452083769341698e-06,1.0,2.287010403279055e-07,0.0,2.515578898965032e-06,0.5475,6.456751577843534e-08,0.1,0.0009979284242519902
1559,2.779797068797052e-05,1.0,6.734470662195235e-05,1.0,2.2961664569720597e-07,0.0,2.8986012239329284e-06,0.5483333333333333,2.600744952729883e-09,0.1,0.000997856426374385
1560,4.520175571087748e-05,1.0,8.364662062376738e-05,1.0,2.2934106880256877e-07,0.0,3.0858698210067814e-06,0.5491666666666667,1.1023472325177863e-05,0.1,0.0009977832013192385
1561,3.872100478474749e-06,1.0,1.0497486982785631e-05,1.0,2.2880726646690164e-07,0.0,2.0697575564554427e-06,0.55,5.026508915761951e-07,0.1,0.0009977087492672263
1562,3.459558865870349e-05,1.0,6.276696512941271e-05,1.0,2.2950055722503748e-07,0.0,2.8853060030087363e-06,0.5508333333333333,4.135740361288498e-10,0.1,0.000997633070402051
1563,1.9206680008210242e-05,1.0,5.255212090560235e-05,1.0,2.301890447142796e-07,0.0,2.7002711249224376e-06,0.5516666666666666,4.763824563269736e-06,0.1,0.0009975561649104433
1564,4.068750058650039e-06,1.0,1.6889243852347136e-05,1.0,2.2921520326235623e-07,0.0,1.8348930552747333e-06,0.5525,6.879462830511329e-07,0.1,0.0009974780329821595
1565,3.258109063608572e-05,1.0,5.0677477702265605e-05,1.0,2.2974195701408462e-07,0.0,1.960442659765249e-06,0.5533333333333333,8.43809355721703e-10,0.1,0.0009973986748099824
1566,9.221886102750432e-06,1.0,1.846763007051777e-05,1.0,2.2920895048628154e-07,0.0,1.916573637572583e-06,0.5541666666666667,2.4259347810584586e-06,0.1,0.0009973180905897205
1567,1.2743030310957693e-05,1.0,3.050601480936166e-05,1.0,2.2989512160620507e-07,0.0,2.3954871721798554e-06,0.555,3.197539399479865e-06,0.1,0.0009972362805202072
1568,3.802731225732714e-05,1.0,5.037141454522498e-05,1.0,2.290085774347972e-07,0.0,2.274011421832256e-06,0.5558333333333333,3.6540421799458045e-09,0.1,0.000997153244803301
1569,3.8408898035413586e-06,1.0,1.2519787560449913e-05,1.0,2.2983088854289235e-07,0.0,2.078424586215988e-06,0.5566666666666666,3.9618601022084476e-07,0.1,0.0009970689836438838
1570,4.353046460892074e-05,1.0,0.00010428558016428724,1.0,2.291856446845486e-07,0.0,2.8344738893792965e-06,0.5575,1.1546080713742413e-05,0.1,0.0009969834972498623
1571,3.5764089261647314e-05,1.0,7.644926517968997e-05,1.0,2.299841526109958e-07,0.0,2.390622285020072e-06,0.5583333333333333,1.0462359867347004e-09,0.1,0.0009968967858321651
1572,5.145194791111862e-06,1.0,2.364548527111765e-05,1.0,2.2908488972461782e-07,0.0,1.6863421024027048e-06,0.5591666666666667,2.2797686938247352e-07,0.1,0.0009968088496047443
1573,2.3970558686414734e-05,1.0,3.145332811982371e-05,1.0,2.2928747966943774e-07,0.0,2.551107627368765e-06,0.56,6.229483460629126e-06,0.1,0.0009967196887845735
1574,4.363124389783479e-06,1.0,4.020584128738847e-06,1.0,2.2941244992580323e-07,0.0,1.6388173662562622e-06,0.5608333333333333,2.475553060321545e-07,0.1,0.0009966293035916485
1575,1.221425918629393e-05,1.0,2.900257459259592e-05,1.0,2.2975646629674884e-07,0.0,1.8023456505034119e-06,0.5616666666666666,1.8080864805369856e-08,0.1,0.0009965376942489858
1576,1.676742613199167e-05,1.0,3.8633490476058796e-05,1.0,2.293736258707213e-07,0.0,2.1771918454760453e-06,0.5625,3.6610595088859554e-06,0.1,0.000996444860982622
1577,4.342308784544002e-06,1.0,1.0565979209786747e-05,1.0,2.290771021762339e-07,0.0,1.6688536561559886e-06,0.5633333333333334,1.639047155777007e-07,0.1,0.000996350804021614
1578,4.53584834758658e-06,1.0,1.774144584487658e-05,1.0,2.2913408770364185e-07,0.0,2.0108595890633296e-06,0.5641666666666667,1.4925169011803519e-07,0.1,0.0009962555235980386
1579,1.4918641682015732e-05,1.0,4.087140041519888e-05,1.0,2.2920801256987033e-07,0.0,1.8743328382697655e-06,0.565,3.4346908250881825e-06,0.1,0.00099615901994699
1580,1.1589774658204988e-05,1.0,1.2254069588379934e-05,1.0,2.2939134680655116e-07,0.0,1.4936883871996542e-06,0.5658333333333333,1.0005880568542125e-08,0.1,0.0009960612933065818
1581,8.519014954799786e-06,1.0,1.4654745427833404e-05,1.0,2.2915219233254902e-07,0.0,1.5063333194120787e-06,0.5666666666666667,2.9351989283554758e-08,0.1,0.0009959623439179444
1582,1.6377955034840852e-05,1.0,5.382332165027037e-05,1.0,2.2994608173121378e-07,0.0,2.092386239382904e-06,0.5675,3.698034561239183e-06,0.1,0.0009958621720252262
1583,1.2020171197946183e-05,1.0,2.107338877976872e-05,1.0,2.2897742724126147e-07,0.0,1.747344754221558e-06,0.5683333333333334,6.438143351772396e-09,0.1,0.0009957607778755908
1584,4.943392013956327e-06,1.0,1.727287053654436e-05,1.0,2.2938610300116125e-07,0.0,1.5566430420221877e-06,0.5691666666666667,9.482467788757276e-08,0.1,0.0009956581617192185
1585,3.0599992896895856e-05,1.0,4.685226667788811e-05,1.0,2.294183190088006e-07,0.0,2.4299092729052063e-06,0.57,7.498489139834419e-06,0.1,0.0009955543238093045
1586,7.140612069633789e-06,1.0,1.5844396330066957e-05,1.0,2.2952499989514763e-07,0.0,1.648460170144972e-06,0.5708333333333333,7.822525560641225e-08,0.1,0.0009954492644020582
1587,9.440564099350013e-06,1.0,1.8937129425466992e-05,1.0,2.2936723098609946e-07,0.0,1.8227988221042324e-06,0.5716666666666667,3.4747802857282295e-08,0.1,0.0009953429837567035
1588,1.556464485474862e-05,1.0,3.507936708047055e-05,1.0,2.2955933332013956e-07,0.0,2.072488314297516e-06,0.5725,4.087288743903628e-06,0.1,0.0009952354821354773
1589,3.830567948170938e-06,1.0,6.952403055038303e-06,1.0,2.292200491638141e-07,0.0,1.6888317304619704e-06,0.5733333333333334,2.981105922117422e-07,0.1,0.0009951267598036291
1590,1.3673927242052741e-05,1.0,3.1897827284410596e-05,1.0,2.2920856679320423e-07,0.0,1.8614304053699016e-06,0.5741666666666667,9.299777836702106e-09,0.1,0.0009950168170294205
1591,1.701032124401536e-05,1.0,4.333548713475466e-05,1.0,2.2939613586459018e-07,0.0,1.988480562431505e-06,0.575,3.988058324466692e-06,0.1,0.0009949056540841242
1592,5.606303602689877e-06,1.0,1.4172754163155332e-05,1.0,2.2919455489045504e-07,0.0,1.416866666659189e-06,0.5758333333333333,1.0525076987732973e-07,0.1,0.0009947932712420242
1593,5.721796696889214e-06,1.0,1.5364368664450012e-05,1.0,2.2891063622410002e-07,0.0,1.53548717207741e-06,0.5766666666666667,1.3117896457970346e-07,0.1,0.0009946796687804135
1594,6.401214704965241e-06,1.0,9.07591856957879e-06,1.0,2.2900911744727637e-07,0.0,1.4781139725528192e-06,0.5775,1.4340457710204646e-06,0.1,0.0009945648469795948
1595,3.2999980703607434e-06,1.0,7.2156349233409856e-06,1.0,2.2928347220840806e-07,0.0,1.494626530984533e-06,0.5783333333333334,3.4137482884943893e-07,0.1,0.0009944488061228802
1596,7.70477345213294e-06,1.0,2.2982900190982036e-05,1.0,2.295012393460638e-07,0.0,1.5104052408787538e-06,0.5791666666666667,3.482420041223122e-08,0.1,0.000994331546496588
1597,1.3814293197356164e-05,1.0,2.2844718841952272e-05,1.0,2.2911574149020453e-07,0.0,1.6128412880789256e-06,0.58,3.2148395803233143e-06,0.1,0.0009942130683900454
1598,5.404674993769731e-06,1.0,9.816499186854344e-06,1.0,2.2921585696167313e-07,0.0,1.254002881978522e-06,0.5808333333333333,1.2805637652490987e-06,0.1,0.0009940933720955852
1599,2.447919723636005e-05,1.0,7.499148341594264e-05,1.0,2.2889653905622254e-07,0.0,1.5577211343043018e-06,0.5816666666666667,1.0094712843411457e-09,0.1,0.0009939724579085458
1600,1.4862031093798578e-05,1.0,4.249843550496735e-05,1.0,2.2894610651746916e-07,0.0,1.3955475424154429e-06,0.5825,3.3716730740707135e-06,0.1,0.0009938503261272714
1601,3.4664617487578653e-06,1.0,4.859269211010542e-06,1.0,2.2890019124588434e-07,0.0,1.1864613043144345e-06,0.5833333333333334,5.036894208387821e-07,0.1,0.0009937269770531095
1602,1.4976125385146588e-05,1.0,3.313534762128256e-05,1.0,2.2913894781595445e-07,0.0,1.3660643389812321e-06,0.5841666666666666,7.017121994579156e-09,0.1,0.0009936024109904122
1603,6.6111201704188716e-06,1.0,2.6853842427954078e-05,1.0,2.296278864832857e-07,0.0,1.3447188393911347e-06,0.585,1.3950511856819503e-06,0.1,0.0009934766282465337
1604,3.3634073588473257e-06,1.0,4.210126007819781e-06,1.0,2.2897383189501852e-07,0.0,1.0956600817735307e-06,0.5858333333333333,2.36066611591923e-07,0.1,0.00099334962913183
1605,1.1773306141549256e-05,1.0,3.580908014555462e-05,1.0,2.289020102352879e-07,0.0,1.3725073131354293e-06,0.5866666666666667,7.869322971032489e-09,0.1,0.0009932214139596594
1606,1.6075908206403255e-05,1.0,1.9437100490904413e-05,1.0,2.294902827770784e-07,0.0,1.311335608988884e-06,0.5875,3.7273537145665614e-06,0.1,0.00099309198304638
1607,7.179003659985028e-06,1.0,1.2981821782886982e-05,1.0,2.2950828793000255e-07,0.0,1.1512154287629528e-06,0.5883333333333334,1.5319423027904122e-06,0.1,0.0009929613367113492
1608,1.5175282896962017e-05,1.0,2.9243532480904832e-05,1.0,2.2871626015330548e-07,0.0,1.3619984429169563e-06,0.5891666666666666,5.860578244920589e-09,0.1,0.0009928294752769246
1609,3.6256333260098472e-06,1.0,8.711263944860548e-06,1.0,2.2900199780906405e-07,0.0,1.2367041790639632e-06,0.59,5.529381610358541e-07,0.1,0.0009926963990684605
1610,5.072339263278991e-06,1.0,2.5942319552996196e-05,1.0,2.287693803282309e-07,0.0,1.2182886166556273e-06,0.5908333333333333,9.182368216897885e-07,0.1,0.0009925621084143096
1611,2.5553374143783003e-05,1.0,3.2183397706830874e-05,1.0,2.3042466068545764e-07,0.0,1.6044498352130176e-06,0.5916666666666667,1.262400628476712e-09,0.1,0.0009924266036458206
1612,3.789228230743902e-06,1.0,1.0234046385448892e-05,1.0,2.2968917789967236e-07,0.0,1.2801860975741874e-06,0.5925,6.779743557672191e-07,0.1,0.0009922898850973382
1613,1.1343444384692702e-05,1.0,3.7127643736312166e-05,1.0,2.2926541021206504e-07,0.0,1.2966108897671802e-06,0.5933333333333334,2.561112523835618e-06,0.1,0.0009921519531062015
1614,1.9040991901420057e-05,1.0,4.106950655113906e-05,1.0,2.2937800281397358e-07,0.0,1.35111599774973e-06,0.5941666666666666,3.1069709027775616e-09,0.1,0.0009920128080127444
1615,3.2633274713589344e-06,1.0,6.569498509634286e-06,1.0,2.2887972761509445e-07,0.0,1.1082257742600632e-06,0.595,5.787629788756021e-07,0.1,0.0009918724501602931
1616,2.051023329840973e-05,1.0,3.6327543057268485e-05,1.0,2.2892447759659262e-07,0.0,1.683317577771959e-06,0.5958333333333333,4.9591226343181916e-06,0.1,0.0009917308798951673
1617,1.2588420759129804e-05,1.0,2.6927686121780425e-05,1.0,2.3041147301228193e-07,0.0,1.0885980827879393e-06,0.5966666666666667,5.857577534129632e-09,0.1,0.0009915880975666768
1618,5.514270469575422e-06,1.0,1.6576128473388962e-05,1.0,2.2916532316230587e-07,0.0,1.1290294423815794e-06,0.5975,5.4603322752200256e-08,0.1,0.0009914441035271235
1619,2.729295374592766e-05,1.0,6.016596671543084e-05,1.0,2.2998270310381486e-07,0.0,1.980388788069831e-06,0.5983333333333334,6.6758743741957005e-06,0.1,0.000991298898131798
1620,1.0971066330967005e-05,1.0,2.8078677132725716e-05,1.0,2.2956709244681406e-07,0.0,1.0062573210234405e-06,0.5991666666666666,1.1628619844827881e-08,0.1,0.00099115248173898
1621,6.934887096576858e-06,1.0,1.7551925338921137e-05,1.0,2.2894806761541986e-07,0.0,9.540607379676658e-07,0.6,3.332015197088367e-08,0.1,0.0009910048547099378
1622,3.113463753834367e-05,1.0,4.862482819589786e-05,1.0,2.2838662516733166e-07,0.0,2.000057293116697e-06,0.6008333333333333,7.016888957878109e-06,0.1,0.0009908560174089263
1623,5.127103122504195e-06,1.0,1.0160179954255e-05,1.0,2.2917802766642126e-07,0.0,1.071921587936231e-06,0.6016666666666667,7.458953632522025e-08,0.1,0.0009907059702031866
1624,1.4705588910146616e-05,1.0,3.061052848352119e-05,1.0,2.2936580990062794e-07,0.0,1.2469760122257867e-06,0.6025,2.7385376188959754e-09,0.1,0.0009905547134629452
1625,2.0369316189317033e-05,1.0,5.247169247013517e-05,1.0,2.293911904871493e-07,0.0,1.4173331237543607e-06,0.6033333333333334,4.56932093584328e-06,0.1,0.0009904022475614137
1626,3.0388418963411823e-06,1.0,1.2897491615149193e-05,1.0,2.295772389970807e-07,0.0,8.618997071607737e-07,0.6041666666666666,2.332259327886277e-07,0.1,0.0009902485728747858
1627,2.340480568818748e-05,1.0,5.223918196861632e-05,1.0,2.299975250252828e-07,0.0,1.4150778042676393e-06,0.605,2.3661281822739966e-09,0.1,0.0009900936897822388
1628,1.4056326108402573e-05,1.0,2.9095222998876125e-05,1.0,2.2941702582102153e-07,0.0,1.2352691101114033e-06,0.6058333333333333,2.911169758590404e-06,0.1,0.0009899375986659313
1629,5.307692845235579e-06,1.0,1.8280827134731226e-05,1.0,2.292280782967282e-07,0.0,9.360643389300094e-07,0.6066666666666667,1.0345183909521438e-06,0.1,0.0009897802999110027
1630,3.161624408676289e-05,1.0,7.422229828080162e-05,1.0,2.294590615292691e-07,0.0,1.7717179616738576e-06,0.6075,1.4832106376427845e-10,0.1,0.000989621793905572
1631,8.946507477958221e-06,1.0,3.3489912311779335e-05,1.0,2.290151428496756e-07,0.0,1.2091047665307997e-06,0.6083333333333333,1.634352997825772e-06,0.1,0.000989462081040737
1632,5.9751600929303095e-06,1.0,2.666398540895898e-05,1.0,2.295423655596096e-07,0.0,1.1281862271061982e-06,0.6091666666666666,1.1881074897246435e-06,0.1,0.0009893011617105733
1633,3.717625804711133e-05,1.0,6.198421033332124e-05,1.0,2.2978264269113424e-07,0.0,1.679097749729408e-06,0.61,4.5567813411473423e-11,0.1,0.0009891390363121334
1634,4.450442247616593e-06,1.0,2.4349006707780063e-05,1.0,2.2902040086592024e-07,0.0,8.577946459809027e-07,0.6108333333333333,8.796941415312176e-07,0.1,0.0009889757052454456
1635,5.84860572416801e-06,1.0,1.302590681007132e-05,1.0,2.29807653795433e-07,0.0,9.513727832199947e-07,0.6116666666666667,1.1771461458920385e-06,0.1,0.000988811168913513
1636,1.5810703189345077e-05,1.0,2.97632777801482e-05,1.0,2.3027686779641954e-07,0.0,1.2134113376305322e-06,0.6125,6.45255582298887e-09,0.1,0.0009886454277223127
1637,3.842641035589622e-06,1.0,6.980655598454177e-06,1.0,2.2926411702428595e-07,0.0,8.678616154611518e-07,0.6133333333333333,8.412084753217641e-07,0.1,0.0009884784820807944
1638,1.5382247511297464e-05,1.0,2.0970557670807466e-05,1.0,2.293146508236532e-07,0.0,1.4006088804308092e-06,0.6141666666666666,3.4982226679858286e-06,0.1,0.0009883103324008803
1639,9.863117156783119e-06,1.0,1.6795027477201074e-05,1.0,2.2980817959705746e-07,0.0,1.0560941063886276e-06,0.615,1.0839527497807921e-08,0.1,0.0009881409790974628
1640,4.965931111655664e-06,1.0,1.9176506611984223e-05,1.0,2.2914942121587956e-07,0.0,1.0571338862064295e-06,0.6158333333333333,8.678756557856104e-08,0.1,0.0009879704225884043
1641,3.2354357244912535e-05,1.0,9.260797378374264e-05,1.0,2.2944801969515538e-07,0.0,1.8138143786927685e-06,0.6166666666666667,8.071758202277124e-06,0.1,0.000987798663294536
1642,2.3486718419007957e-05,1.0,4.960437581758015e-05,1.0,2.2951658706915623e-07,0.0,1.3769076758762822e-06,0.6175,4.0705336323831887e-10,0.1,0.0009876257016396572
1643,4.1474490899418015e-06,1.0,9.85626957117347e-06,1.0,2.2894448648003163e-07,0.0,9.021916866913671e-07,0.6183333333333333,1.1472057792616397e-07,0.1,0.000987451538050533
1644,2.6364257792010903e-05,1.0,4.387308581499383e-05,1.0,2.2954139922148897e-07,0.0,1.5497330423386302e-06,0.6191666666666666,6.387618668668438e-06,0.1,0.0009872761729568954
1645,5.2891773520968854e-06,1.0,2.1300727894413285e-05,1.0,2.295369370131084e-07,0.0,9.993896128435154e-07,0.62,6.53313065868133e-08,0.1,0.0009870996067914398
1646,4.897946382698137e-06,1.0,1.098902885132702e-05,1.0,2.287490019625693e-07,0.0,1.0444437066325918e-06,0.6208333333333333,8.549950791802985e-08,0.1,0.000986921839989826
1647,7.914696652733255e-06,1.0,1.2168635294074193e-05,1.0,2.2933329546503955e-07,0.0,1.0834829708983307e-06,0.6216666666666667,1.6825961210997775e-06,0.1,0.0009867428729906755
1648,4.95819313073298e-06,1.0,9.635874448576942e-06,1.0,2.290684051331482e-07,0.0,9.63845877777203e-07,0.6225,9.664471463111113e-07,0.1,0.0009865627062355723
1649,1.2930163393320981e-05,1.0,2.871947617677506e-05,1.0,2.2999500970399822e-07,0.0,1.2740463262161938e-06,0.6233333333333333,8.996724254473065e-09,0.1,0.0009863813401690593
1650,6.0789257076976355e-06,1.0,1.493640593253076e-05,1.0,2.2948940170408605e-07,0.0,1.1056764606109937e-06,0.6241666666666666,1.0129740530828713e-06,0.1,0.0009861987752386395
1651,5.853383299836423e-06,1.0,1.5002675354480743e-05,1.0,2.2941776478546672e-07,0.0,1.0014709914685227e-06,0.625,1.126788447436411e-06,0.1,0.0009860150118947736
1652,1.0104688044521026e-05,1.0,2.5924857254722156e-05,1.0,2.3011327243693813e-07,0.0,1.2130000186516554e-06,0.6258333333333334,1.589134868140718e-08,0.1,0.0009858300505908796
1653,3.0564533517463133e-06,1.0,6.750769443897298e-06,1.0,2.2964636059441546e-07,0.0,1.0377953003626317e-06,0.6266666666666667,2.7670509439303714e-07,0.1,0.000985643891783331
1654,1.0952342563541606e-05,1.0,2.631414281495381e-05,1.0,2.2973284785621217e-07,0.0,1.2647062703763368e-06,0.6275,2.2527201508637518e-06,0.1,0.0009854565359314561
1655,5.012902875023428e-06,1.0,5.550903097173432e-06,1.0,2.295776937444316e-07,0.0,1.3335192079466651e-06,0.6283333333333333,7.091007603321486e-08,0.1,0.000985267983497537
1656,1.1020814781659283e-05,1.0,4.266905307304114e-05,1.0,2.2941593158520845e-07,0.0,1.3316225704329554e-06,0.6291666666666667,1.892509793322006e-08,0.1,0.0009850782349468078
1657,1.8404231013846584e-05,1.0,3.83163096557837e-05,1.0,2.294628984600422e-07,0.0,1.3851447420165641e-06,0.63,4.142179022892378e-06,0.1,0.0009848872907474546
1658,3.2041239137470257e-06,1.0,7.83557516115252e-06,1.0,2.2948893274588045e-07,0.0,9.630782642489066e-07,0.6308333333333334,4.808991320714995e-07,0.1,0.0009846951513706127
1659,2.4645371013320982e-05,1.0,3.248335997341201e-05,1.0,2.2875258309795754e-07,0.0,1.6180922557396116e-06,0.6316666666666667,1.5974616074387882e-10,0.1,0.0009845018172903676
1660,3.0984328986960463e-06,1.0,2.7035553102905396e-06,1.0,2.287513325427426e-07,0.0,8.834301752358442e-07,0.6325,4.773579576067277e-07,0.1,0.0009843072889837512
1661,1.6659201719448902e-05,1.0,3.842786463792436e-05,1.0,2.2944892918985715e-07,0.0,1.0913357755271136e-06,0.6333333333333333,3.913400178134907e-06,0.1,0.0009841115669307432
1662,1.6097765183076262e-05,1.0,2.9961032851133496e-05,1.0,2.293411967002612e-07,0.0,1.1962308690272039e-06,0.6341666666666667,2.087270356554427e-09,0.1,0.0009839146516142684
1663,3.469082457741024e-06,1.0,7.481057309632888e-06,1.0,2.2969355484292464e-07,0.0,1.0961616681015585e-06,0.635,1.325903724591626e-07,0.1,0.0009837165435201954
1664,1.2249573046574369e-05,1.0,1.5615602023899555e-05,1.0,2.2934850107958482e-07,0.0,1.5803830137883779e-06,0.6358333333333334,3.0462445010925876e-06,0.1,0.0009835172431373364
1665,2.484055812601582e-06,1.0,3.1599811336491257e-06,1.0,2.2965647872297268e-07,0.0,1.0820783700182801e-06,0.6366666666666667,3.261052938796638e-07,0.1,0.0009833167509574452
1666,1.4138980986899696e-05,1.0,3.600621857913211e-05,1.0,2.2930582588287507e-07,0.0,1.2694032420768053e-06,0.6375,4.767770178659703e-09,0.1,0.0009831150674752165
1667,1.0919475244008936e-05,1.0,2.80419390037423e-05,1.0,2.287661118316464e-07,0.0,1.0536208492339938e-06,0.6383333333333333,2.4537459921702975e-06,0.1,0.0009829121931882842
1668,3.0711235012859106e-06,1.0,3.944490799767664e-06,1.0,2.2912283270670741e-07,0.0,1.0526279083933332e-06,0.6391666666666667,4.402204183406866e-07,0.1,0.0009827081285972202
1669,6.5744557105062995e-06,1.0,8.260225513367914e-06,1.0,2.2939693167245423e-07,0.0,1.0031171768787317e-06,0.64,2.7906631672180993e-08,0.1,0.000982502874205534
1670,2.4516643861716148e-06,1.0,1.1004699445038568e-05,1.0,2.2967535073803447e-07,0.0,9.589992941982928e-07,0.6408333333333334,3.234060272916395e-07,0.1,0.0009822964305196702
1671,6.954162017791532e-06,1.0,1.8042572264675982e-05,1.0,2.2910828079147905e-07,0.0,9.777239711183938e-07,0.6416666666666667,1.4257661860028747e-06,0.1,0.0009820887980490078
1672,8.089820767054334e-06,1.0,1.471893392590573e-05,1.0,2.2950396783016913e-07,0.0,1.077520437320345e-06,0.6425,1.6167916783160763e-08,0.1,0.00098187997730586
1673,2.393752083662548e-06,1.0,4.962234015692957e-06,1.0,2.2942693078675802e-07,0.0,8.190560834009375e-07,0.6433333333333333,1.759867416240013e-07,0.1,0.0009816699688054704
1674,4.0633976823301055e-06,1.0,1.247346335730981e-05,1.0,2.298819623547388e-07,0.0,7.432141728713759e-07,0.6441666666666667,7.314601475627569e-07,0.1,0.0009814587730660146
1675,3.420740767978714e-06,1.0,1.4772559552511666e-05,1.0,2.2984207248555322e-07,0.0,9.357791554975847e-07,0.645,7.359926712524612e-08,0.1,0.0009812463906085968
1676,4.242821432853816e-06,1.0,5.1037786761298776e-06,1.0,2.2927352461010742e-07,0.0,7.655942226847401e-07,0.6458333333333334,5.538526792747689e-08,0.1,0.0009810328219572498
1677,4.472255568543915e-06,1.0,3.6514154544420308e-06,1.0,2.293896983474042e-07,0.0,7.795806595822796e-07,0.6466666666666666,8.068140004979796e-07,0.1,0.0009808180676389331
1678,6.769221272406867e-06,1.0,8.377765880140942e-06,1.0,2.295725494150247e-07,0.0,8.538587508155615e-07,0.6475,1.3890055470255902e-06,0.1,0.0009806021281835316
1679,6.219100214366335e-06,1.0,8.491310836689081e-06,1.0,2.2939505583963182e-07,0.0,9.105160643230192e-07,0.6483333333333333,3.662594849629386e-08,0.1,0.000980385004123854
1680,3.700477009260794e-06,1.0,5.646972567774355e-06,1.0,2.2933636500965804e-07,0.0,8.063433369898121e-07,0.6491666666666667,6.384519224411633e-08,0.1,0.000980166695995633
1681,4.656117198464926e-06,1.0,2.2952479412197135e-05,1.0,2.293031400313339e-07,0.0,8.561916047256091e-07,0.65,9.691304967418546e-07,0.1,0.0009799472043375218
1682,4.356480530987028e-06,1.0,1.0935984391835518e-05,1.0,2.289288403289902e-07,0.0,8.283943770948099e-07,0.6508333333333334,8.256141370566183e-08,0.1,0.0009797265296910944
1683,2.604431529107387e-06,1.0,7.977051609486807e-06,1.0,2.2931261867142894e-07,0.0,7.861253266128188e-07,0.6516666666666666,1.5334194358729292e-07,0.1,0.0009795046726008435
1684,3.2056709642347414e-06,1.0,4.254443865647772e-06,1.0,2.293213725579335e-07,0.0,7.461437689926242e-07,0.6525,6.147027988845366e-07,0.1,0.0009792816336141792
1685,3.884651050611865e-06,1.0,1.241582867805846e-05,1.0,2.2937959442970168e-07,0.0,8.221596772273188e-07,0.6533333333333333,7.821359986337484e-07,0.1,0.0009790574132814286
1686,8.291293852380477e-06,1.0,1.6654268620186485e-05,1.0,2.2896931284321909e-07,0.0,8.419117989433289e-07,0.6541666666666667,1.7038477295727716e-08,0.1,0.0009788320121558323
1687,2.3571724341309164e-06,1.0,5.877601779502584e-06,1.0,2.2988217551755952e-07,0.0,7.961928076838376e-07,0.655,2.9836940029781545e-07,0.1,0.0009786054307935458
1688,2.972391484945547e-06,1.0,7.99186818767339e-06,1.0,2.2938482402423688e-07,0.0,7.993845088094531e-07,0.6558333333333334,5.389983925851993e-07,0.1,0.000978377669753636
1689,5.81291169510223e-06,1.0,1.606365549378097e-05,1.0,2.2922316134099674e-07,0.0,7.318843699977151e-07,0.6566666666666666,3.078314136928384e-08,0.1,0.0009781487295980802
1690,4.8357833293266594e-06,1.0,9.090360435948242e-06,1.0,2.2914800013040804e-07,0.0,8.926526788854972e-07,0.6575,9.436594154976774e-07,0.1,0.000977918610891766
1691,3.719887899933383e-06,1.0,1.8324893972021528e-05,1.0,2.2941833321965532e-07,0.0,6.98348969763174e-07,0.6583333333333333,7.64604351388698e-07,0.1,0.0009776873142024881
1692,1.0337318599340506e-05,1.0,2.2425345377996564e-05,1.0,2.294067087404983e-07,0.0,1.0418497140562977e-06,0.6591666666666667,6.5957603823108e-09,0.1,0.0009774548401009482
1693,3.6693018046207726e-06,1.0,1.0905712770181708e-05,1.0,2.2931506293843995e-07,0.0,9.161592515738448e-07,0.66,6.845950224487751e-07,0.1,0.000977221189160753
1694,2.6736843210528605e-06,1.0,4.071539024153026e-06,1.0,2.2993538095761323e-07,0.0,7.873695153648441e-07,0.6608333333333334,3.9531616380372725e-07,0.1,0.0009769863619584131
1695,4.343104137660703e-06,1.0,1.098771008400945e-05,1.0,2.2930129262022092e-07,0.0,8.292317943414673e-07,0.6616666666666666,8.501440618147171e-08,0.1,0.0009767503590733411
1696,4.824138159165159e-06,1.0,1.0359780389990192e-05,1.0,2.2900897533872921e-07,0.0,8.335396159964148e-07,0.6625,1.014443910207774e-06,0.1,0.000976513181087851
1697,2.5445801838941406e-06,1.0,4.453111614566296e-06,1.0,2.2939892119211436e-07,0.0,7.669169690416311e-07,0.6633333333333333,2.2269556154697057e-07,0.1,0.0009762748285871553
1698,6.689686870231526e-06,1.0,1.7116883100243285e-05,1.0,2.298665577882275e-07,0.0,7.7184495239635e-07,0.6641666666666667,1.8904410481468403e-08,0.1,0.0009760353021593656
1699,5.465970389195718e-06,1.0,6.8249405558162834e-06,1.0,2.2862408854962268e-07,0.0,7.797511329954432e-07,0.665,1.2748043900501216e-06,0.1,0.0009757946023954893
1700,3.5351085898582824e-06,1.0,1.4704351087857503e-05,1.0,2.2947904199099867e-07,0.0,7.010818876551639e-07,0.6658333333333334,7.192564908109489e-07,0.1,0.0009755527298894294
1701,1.660686029936187e-05,1.0,2.0434958059922792e-05,1.0,2.3007044092082651e-07,0.0,1.0135370303032687e-06,0.6666666666666666,2.744599547632731e-10,0.1,0.000975309685237982
1702,2.4412006496277172e-06,1.0,6.1684404499828815e-06,1.0,2.292069467557667e-07,0.0,6.70765643917548e-07,0.6675,2.2104487129581685e-07,0.1,0.0009750654690408356
1703,2.1653086150763556e-05,1.0,5.362609954318032e-05,1.0,2.299747876577385e-07,0.0,1.24752023111796e-06,0.6683333333333333,5.094918833492557e-06,0.1,0.0009748200819005697
1704,1.678778608038556e-05,1.0,3.362904317327775e-05,1.0,2.2932114518425806e-07,0.0,9.591424259269843e-07,0.6691666666666667,2.7193709506434516e-09,0.1,0.0009745735244226523
1705,6.106730324972887e-06,1.0,9.093363587453496e-06,1.0,2.2911700625627418e-07,0.0,9.880856168820173e-07,0.67,1.6279843251254533e-08,0.1,0.0009743257972154397
1706,1.8056807675748132e-05,1.0,3.0931045330362394e-05,1.0,2.2894748497037654e-07,0.0,1.1352783531037858e-06,0.6708333333333333,4.174251444055699e-06,0.1,0.000974076900890174
1707,2.4361597752431408e-06,1.0,2.7125361157231964e-06,1.0,2.2912152530807361e-07,0.0,8.450417681160616e-07,0.6716666666666666,1.9602077827585163e-07,0.1,0.0009738268360609825
1708,1.5527009963989258e-05,1.0,3.419522909098305e-05,1.0,2.2986844783190463e-07,0.0,1.198295194626553e-06,0.6725,1.1144404288288001e-09,0.1,0.0009735756033448748
1709,1.1017210454156157e-05,1.0,2.4473065423080698e-05,1.0,2.2928746545858303e-07,0.0,9.406310823578679e-07,0.6733333333333333,2.4082746676867828e-06,0.1,0.0009733232033617431
1710,4.731986336992122e-06,1.0,1.746072666719556e-05,1.0,2.2933825505333516e-07,0.0,8.199529588637233e-07,0.6741666666666667,1.043191105054575e-06,0.1,0.000973069636734359
1711,3.2533862395212054e-05,1.0,8.492350752931088e-05,1.0,2.3021490846986126e-07,0.0,1.6078854514489649e-06,0.675,7.502115248469998e-12,0.1,0.000972814904088373
1712,1.3202061381889507e-05,1.0,2.539592060202267e-05,1.0,2.291643141916211e-07,0.0,8.90792136942764e-07,0.6758333333333333,3.1459480851481203e-06,0.1,0.0009725590060523126
1713,9.317246622231323e-06,1.0,1.3832756849296857e-05,1.0,2.2968507096265967e-07,0.0,9.503071396466112e-07,0.6766666666666666,2.0949164536432363e-06,0.1,0.0009723019432575809
1714,1.9206760043743998e-05,1.0,5.5387357861036435e-05,1.0,2.2899826035427395e-07,0.0,1.3614946965390118e-06,0.6775,1.988712305944773e-09,0.1,0.0009720437163384545
1715,5.547364708036184e-06,1.0,1.1911129149666522e-05,1.0,2.2938888832868543e-07,0.0,9.559969385009026e-07,0.6783333333333333,1.228898895533348e-06,0.1,0.0009717843259320828
1716,6.112893970566802e-06,1.0,1.4563679542334285e-05,1.0,2.2965249968365242e-07,0.0,8.041182582019246e-07,0.6791666666666667,1.4474934459940414e-06,0.1,0.0009715237726784859
1717,1.6094225429696962e-05,1.0,2.154827416234184e-05,1.0,2.2905035734765988e-07,0.0,1.2405305369611597e-06,0.68,1.2102856494777825e-09,0.1,0.000971262057220553
1718,3.2326470318366773e-06,1.0,1.2004142263322137e-05,1.0,2.2931817511562258e-07,0.0,8.931631327868672e-07,0.6808333333333333,1.266825222501211e-07,0.1,0.000970999180204041
1719,2.2129785065772012e-05,1.0,5.2021332521690056e-05,1.0,2.2950555944589723e-07,0.0,1.0437629498483147e-06,0.6816666666666666,5.2027744459337555e-06,0.1,0.0009707351422775728
1720,9.262379535357468e-06,1.0,2.097142169077415e-05,1.0,2.2942572286410723e-07,0.0,1.138433844971587e-06,0.6825,1.172289643136537e-08,0.1,0.0009704699440926358
1721,6.025497896189336e-06,1.0,1.792008515622001e-05,1.0,2.2935589072403673e-07,0.0,8.305140113407106e-07,0.6833333333333333,2.299408663475333e-08,0.1,0.00097020358630358
1722,1.705459908407647e-05,1.0,3.794400254264474e-05,1.0,2.290127980586476e-07,0.0,8.673705451656133e-07,0.6841666666666667,3.795308202825254e-06,0.1,0.0009699360695676168
1723,4.107235326955561e-06,1.0,6.295480943663279e-06,1.0,2.2980972858022142e-07,0.0,7.858831168050529e-07,0.685,7.053252204514138e-08,0.1,0.0009696673945448173
1724,8.96487199497642e-06,1.0,2.2361595256370492e-05,1.0,2.288156508711836e-07,0.0,1.0059732176159741e-06,0.6858333333333333,5.872437647269635e-09,0.1,0.0009693975618981103
1725,1.3797486644762103e-05,1.0,3.595227099140175e-05,1.0,2.2992705339675013e-07,0.0,8.879504775904934e-07,0.6866666666666666,3.2165175980480853e-06,0.1,0.000969126572293281
1726,2.627516551001463e-06,1.0,2.8201670829730574e-06,1.0,2.295425360898662e-07,0.0,7.194187219283776e-07,0.6875,1.7331220192318142e-07,0.1,0.0009688544263989693
1727,1.710875403659884e-05,1.0,4.865382288699038e-05,1.0,2.2952156086830655e-07,0.0,1.247454520125757e-06,0.6883333333333334,2.3341053534409184e-09,0.1,0.0009685811248866683
1728,2.0961339032510296e-05,1.0,3.793507130467333e-05,1.0,2.29570687793057e-07,0.0,1.0744003020590753e-06,0.6891666666666667,4.898192855762318e-06,0.1,0.0009683066684307223
1729,3.3925621210073587e-06,1.0,4.76590412290534e-06,1.0,2.2956851353228558e-07,0.0,7.220304496513563e-07,0.69,7.621785016453941e-07,0.1,0.000968031057708325
1730,1.1098609320470132e-05,1.0,3.367845783941448e-05,1.0,2.2924430709281296e-07,0.0,8.072371429079794e-07,0.6908333333333333,7.406662394515706e-09,0.1,0.0009677542933995189
1731,6.356094672810286e-06,1.0,1.5411524145747535e-05,1.0,2.290090606038575e-07,0.0,7.402954906865489e-07,0.6916666666666667,1.5251852119035902e-06,0.1,0.000967476376187192
1732,3.864311565848766e-06,1.0,4.464825906325132e-06,1.0,2.2963924095620314e-07,0.0,7.637751764377754e-07,0.6925,8.518727554474026e-07,0.1,0.0009671973067570779
1733,5.1747729230555706e-06,1.0,1.0355242920923047e-05,1.0,2.2916168518349878e-07,0.0,8.027568014767894e-07,0.6933333333333334,5.680911030481184e-08,0.1,0.0009669170857977521
1734,3.297628836662625e-06,1.0,7.479800842702389e-06,1.0,2.2909839003659727e-07,0.0,6.115518544902443e-07,0.6941666666666667,5.91217030887492e-07,0.1,0.0009666357140006325
1735,3.3216165320482105e-06,1.0,4.68697044198052e-06,1.0,2.2914102260074287e-07,0.0,7.496241778426338e-07,0.695,6.69376731821103e-07,0.1,0.0009663531920599757
1736,4.686867214331869e-06,1.0,1.805101055651903e-05,1.0,2.290667282522918e-07,0.0,5.87335762247676e-07,0.6958333333333333,6.664099316822103e-08,0.1,0.0009660695206728764
1737,5.245540705800522e-06,1.0,9.78004391072318e-06,1.0,2.290530858317652e-07,0.0,8.527823638360132e-07,0.6966666666666667,1.2063883332302794e-06,0.1,0.000965784700539266
1738,4.228675607009791e-06,1.0,2.714330321396119e-06,1.0,2.2976431068855163e-07,0.0,6.906515181981376e-07,0.6975,9.084449175134068e-07,0.1,0.0009654987323619095
1739,4.6667623792018276e-06,1.0,5.67786719329888e-06,1.0,2.2934926846573944e-07,0.0,6.941285164430155e-07,0.6983333333333334,5.165564687104052e-08,0.1,0.0009652116168464051
1740,3.075852418987779e-06,1.0,8.15309067547787e-06,1.0,2.2937422272661934e-07,0.0,5.686284794137464e-07,0.6991666666666667,1.3275196408812917e-07,0.1,0.0009649233547011816
1741,8.05403215053957e-06,1.0,2.0755634977831505e-05,1.0,2.2953747702558758e-07,0.0,6.954136893000396e-07,0.7,1.7955671864910983e-06,0.1,0.0009646339466374977
1742,4.585996975947637e-06,1.0,7.500683750549797e-06,1.0,2.2922856146578852e-07,0.0,6.738301863151719e-07,0.7008333333333333,4.50936497031762e-08,0.1,0.0009643433933694383
1743,4.407610958878649e-06,1.0,1.1402722520870157e-05,1.0,2.2975051194862317e-07,0.0,6.230657163541764e-07,0.7016666666666667,5.755060783485533e-08,0.1,0.0009640516956139153
1744,9.886276529869065e-06,1.0,2.5881021429086104e-05,1.0,2.2971747171141033e-07,0.0,7.58080432206043e-07,0.7025,2.331872110516997e-06,0.1,0.0009637588540906634
1745,3.876647042488912e-06,1.0,9.34394574869657e-06,1.0,2.293288474675137e-07,0.0,6.284807341216947e-07,0.7033333333333334,6.458616041982168e-08,0.1,0.0009634648695222404
1746,4.057164915138856e-06,1.0,1.1652850844257046e-05,1.0,2.29138620966296e-07,0.0,6.511379524454242e-07,0.7041666666666667,5.314937112643747e-08,0.1,0.0009631697426340239
1747,8.898227861209307e-06,1.0,2.3524207790615037e-05,1.0,2.2918763420420873e-07,0.0,8.77644311003678e-07,0.705,2.056432776953443e-06,0.1,0.0009628734741542101
1748,3.3203498333023163e-06,1.0,3.5780290090769995e-06,1.0,2.2945104660720972e-07,0.0,7.4217359724571e-07,0.7058333333333333,9.516683974197804e-08,0.1,0.0009625760648138119
1749,9.075296475202776e-06,1.0,1.6925239833653904e-05,1.0,2.2978304059506627e-07,0.0,8.939711619859736e-07,0.7066666666666667,1.8540049495641142e-08,0.1,0.0009622775153466576
1750,9.58233249548357e-06,1.0,1.6024025171645917e-05,1.0,2.2932057675006945e-07,0.0,7.735612825854332e-07,0.7075,2.1590080905298237e-06,0.1,0.0009619778264893878
1751,3.5723219298233744e-06,1.0,1.0761474413811811e-06,1.0,2.2986679937275767e-07,0.0,6.31650038940279e-07,0.7083333333333334,7.185873300841195e-07,0.1,0.0009616769989814555
1752,5.6703634072619025e-06,1.0,1.6289959603454918e-05,1.0,2.2951863343223522e-07,0.0,6.583519507330493e-07,0.7091666666666666,3.425845562787799e-08,0.1,0.0009613750335651225
1753,4.0530558180762455e-06,1.0,1.9844068447127938e-05,1.0,2.3008401228707953e-07,0.0,7.76862748352869e-07,0.71,7.754354669486929e-07,0.1,0.0009610719309854583
1754,5.833942850586027e-06,1.0,1.037675428960938e-05,1.0,2.2966190726947389e-07,0.0,8.088927643257193e-07,0.7108333333333333,3.2011659101272016e-08,0.1,0.0009607676919903386
1755,2.82630890069413e-06,1.0,3.823983206530102e-06,1.0,2.2939910593322566e-07,0.0,7.041344360914081e-07,0.7116666666666667,1.7690095432953967e-07,0.1,0.0009604623173304428
1756,2.4264913918159436e-06,1.0,3.184399702149676e-06,1.0,2.2966486312725465e-07,0.0,6.450762839449453e-07,0.7125,2.74274270850583e-07,0.1,0.0009601558077592524
1757,3.667077635327587e-06,1.0,7.668633770663291e-06,1.0,2.297842911502812e-07,0.0,5.691865681001218e-07,0.7133333333333334,6.886075425427407e-07,0.1,0.0009598481640330494
1758,2.469398168614134e-06,1.0,1.1584403409869992e-06,1.0,2.2920818310012692e-07,0.0,6.549488489326905e-07,0.7141666666666666,1.3548097399507242e-07,0.1,0.000959539386910914
1759,2.8034944534738315e-06,1.0,3.079565885855118e-06,1.0,2.2883288863795315e-07,0.0,6.900106654939009e-07,0.715,1.0855535492737545e-07,0.1,0.0009592294771547233
1760,2.3820725800760556e-06,1.0,6.113809263297298e-07,1.0,2.295700340937401e-07,0.0,5.769467747995805e-07,0.7158333333333333,3.3799003062995325e-07,0.1,0.0009589184355291487
1761,3.837829353869893e-06,1.0,6.965937245695386e-06,1.0,2.29612652447031e-07,0.0,6.718795475535444e-07,0.7166666666666667,7.429207471432164e-07,0.1,0.0009586062628016543
1762,4.327327587816399e-06,1.0,7.603564881719649e-06,1.0,2.2920099240764102e-07,0.0,5.48319007975806e-07,0.7175,3.550062288582012e-08,0.1,0.0009582929597424956
1763,2.153883997380035e-06,1.0,3.54246367351152e-06,1.0,2.2976338698299514e-07,0.0,5.427424412118853e-07,0.7183333333333334,1.7989808043239464e-07,0.1,0.0009579785271247166
1764,2.9141745017113863e-06,1.0,4.458597686607391e-06,1.0,2.2930964860279346e-07,0.0,6.257885161176091e-07,0.7191666666666666,4.6517956775460334e-07,0.1,0.0009576629657241484
1765,3.7029394661658444e-06,1.0,1.3065421626379248e-05,1.0,2.2912004737918323e-07,0.0,6.253488891161396e-07,0.72,3.4663688808223014e-08,0.1,0.0009573462763194077
1766,3.7009754123573657e-06,1.0,4.398948021844262e-06,1.0,2.2965058121826587e-07,0.0,6.852583283034619e-07,0.7208333333333333,6.369613174683764e-07,0.1,0.0009570284596918937
1767,2.9200364224379882e-06,1.0,6.539315108966548e-06,1.0,2.2936937682516145e-07,0.0,6.151549314381555e-07,0.7216666666666667,4.686108923124266e-07,0.1,0.0009567095166257875
1768,3.657047727756435e-06,1.0,1.7913725969265215e-05,1.0,2.2979051550464646e-07,0.0,6.122408535702561e-07,0.7225,5.9550714581746433e-08,0.1,0.0009563894479080498
1769,6.4231508076773025e-06,1.0,1.856805829447694e-05,1.0,2.293364218530769e-07,0.0,6.854602929706743e-07,0.7233333333333334,1.2600307854881976e-06,0.1,0.0009560682543284178
1770,3.721805569512071e-06,1.0,5.796497134724632e-06,1.0,2.2911699204541947e-07,0.0,5.850092748005409e-07,0.7241666666666666,3.7625198956448e-08,0.1,0.000955745936679405
1771,2.3471916392736603e-06,1.0,1.1738056855392642e-05,1.0,2.291296539169707e-07,0.0,6.369899665514822e-07,0.725,8.445498167475307e-08,0.1,0.000955422495756298
1772,7.779626685078256e-06,1.0,2.9832788641215302e-05,1.0,2.293919578733039e-07,0.0,7.204119469861325e-07,0.7258333333333333,1.7411456383342738e-06,0.1,0.0009550979323571555
1773,8.536404493497685e-06,1.0,2.329029121028725e-05,1.0,2.28855100203873e-07,0.0,6.514940196211683e-07,0.7266666666666667,5.003876424325426e-09,0.1,0.0009547722472828049
1774,1.9037652236875147e-06,1.0,3.624180408223765e-06,1.0,2.2944689703763288e-07,0.0,4.861789193455479e-07,0.7275,2.283989033458056e-07,0.1,0.0009544454413368422
1775,3.902698153979145e-06,1.0,9.405532182427123e-06,1.0,2.3038390395413444e-07,0.0,5.982095672152354e-07,0.7283333333333334,8.051545137277571e-07,0.1,0.0009541175153256283
1776,4.08233427151572e-06,1.0,3.523747182043735e-06,1.0,2.2991177672793128e-07,0.0,4.824361212740769e-07,0.7291666666666666,2.5149820004344292e-08,0.1,0.000953788470058288
1777,3.832217771559954e-06,1.0,9.424000381841324e-06,1.0,2.2906276342382625e-07,0.0,5.654919732478447e-07,0.73,3.3126141829598055e-08,0.1,0.0009534583063467081
1778,9.716134627524298e-06,1.0,1.967713797057513e-05,1.0,2.2937366850328544e-07,0.0,6.648621706517588e-07,0.7308333333333333,2.345740313103306e-06,0.1,0.0009531270250055344
1779,2.200019252995844e-06,1.0,3.988940079580061e-06,1.0,2.297655044003477e-07,0.0,4.5061150899528e-07,0.7316666666666667,1.1113924358596705e-07,0.1,0.0009527946268521709
1780,8.151960173563566e-06,1.0,1.7578156985109672e-05,1.0,2.2922142761672148e-07,0.0,5.746913416260213e-07,0.7325,8.035845766585226e-09,0.1,0.0009524611127067769
1781,7.523332442360697e-06,1.0,1.695785795163829e-05,1.0,2.2939738641980512e-07,0.0,8.508793598593911e-07,0.7333333333333333,1.828970425776788e-06,0.1,0.0009521264833922655
1782,2.121476882166462e-06,1.0,1.0417544217489194e-05,1.0,2.2876943717164977e-07,0.0,5.519750629900955e-07,0.7341666666666666,3.286799028501264e-07,0.1,0.000951790739734301
1783,1.5066701053001452e-05,1.0,2.243506423837971e-05,1.0,2.2926992926386447e-07,0.0,7.727190336481726e-07,0.735,8.080035529545171e-10,0.1,0.0009514538825612978
1784,2.24283144234505e-06,1.0,2.3708898879704066e-06,1.0,2.2939929067433695e-07,0.0,4.863734375248896e-07,0.7358333333333333,4.450918709153484e-07,0.1,0.0009511159127044174
1785,1.778905061655678e-05,1.0,3.953264604206197e-05,1.0,2.291048843972021e-07,0.0,8.858958153723506e-07,0.7366666666666667,4.6976879275462124e-06,0.1,0.0009507768309975668
1786,1.1320019439153839e-05,1.0,2.7316169507685117e-05,1.0,2.2976666969043436e-07,0.0,6.909655212439247e-07,0.7375,4.638517125954422e-09,0.1,0.0009504366382773965
1787,2.6838349640456727e-06,1.0,5.239346137386747e-06,1.0,2.295360133075519e-07,0.0,6.008911554999941e-07,0.7383333333333333,1.2393442716529535e-07,0.1,0.000950095335383298
1788,1.6078636690508574e-05,1.0,3.667977580334991e-05,1.0,2.290728104981099e-07,0.0,9.425232860849064e-07,0.7391666666666666,3.883732006215723e-06,0.1,0.0009497529231574025
1789,8.700424587004818e-06,1.0,2.5746059691300616e-05,1.0,2.2893064510753902e-07,0.0,5.984454674035078e-07,0.74,1.1843448888271269e-08,0.1,0.000949409402444578
1790,1.996175342355855e-06,1.0,4.53520715382183e-06,1.0,2.294871137564769e-07,0.0,5.523061759049597e-07,0.7408333333333333,1.9747079704757198e-07,0.1,0.0009490647740924275
1791,5.741606855735881e-06,1.0,1.3036752534389962e-05,1.0,2.2924382392375264e-07,0.0,5.731545797971194e-07,0.7416666666666667,1.3937451512902044e-06,0.1,0.0009487190389512878
1792,4.481506948650349e-06,1.0,5.243219675321598e-06,1.0,2.2886183614900801e-07,0.0,5.068301902610983e-07,0.7425,3.9857255274000636e-08,0.1,0.0009483721978742255
1793,3.772887566810823e-06,1.0,5.832388069393346e-06,1.0,2.294165284411065e-07,0.0,4.972260967406328e-07,0.7433333333333333,5.606752395692638e-08,0.1,0.0009480242517170365
1794,3.065927558054682e-06,1.0,7.838903911761008e-06,1.0,2.295628291903995e-07,0.0,5.693027560482733e-07,0.7441666666666666,6.415826874217601e-07,0.1,0.0009476752013382435
1795,2.1390310394053813e-06,1.0,2.238941760879243e-06,1.0,2.2920869469089666e-07,0.0,5.142886152498249e-07,0.745,3.1424832513948786e-07,0.1,0.0009473250475990937
1796,3.402570655453019e-06,1.0,1.1468545380921569e-05,1.0,2.2994308324086887e-07,0.0,5.06906701502885e-07,0.7458333333333333,6.527884011120477e-08,0.1,0.0009469737913635564
1797,2.679517820070032e-06,1.0,1.1378676390449982e-05,1.0,2.29998164513745e-07,0.0,4.870297516390565e-07,0.7466666666666667,5.784719405710348e-07,0.1,0.0009466214334983216
1798,2.3003094611340202e-06,1.0,3.998093689006055e-06,1.0,2.2939786958886543e-07,0.0,5.531850888473855e-07,0.7475,3.9198891954583814e-07,0.1,0.0009462679748727972
1799,4.654495569411665e-06,1.0,7.401280527119525e-06,1.0,2.2924841402982565e-07,0.0,5.523144182006945e-07,0.7483333333333333,3.820800031917315e-08,0.1,0.0009459134163591073
1800,2.2977339995122747e-06,1.0,6.27481313131284e-06,1.0,2.2955876488595095e-07,0.0,5.159664624443394e-07,0.7491666666666666,3.735914333446999e-07,0.1,0.0009455577588320898
1801,2.3046027308737393e-06,1.0,3.816895969066536e-06,1.0,2.2951348910282832e-07,0.0,5.362402362152352e-07,0.75,3.6659017155216134e-07,0.1,0.0009452010031692944
1802,2.8702611416520085e-06,1.0,3.2604941679892363e-06,1.0,2.2944477962028031e-07,0.0,4.987022066416102e-07,0.7508333333333334,7.374269728188665e-08,0.1,0.0009448431502509801
1803,2.7459996090328787e-06,1.0,5.744299869547831e-06,1.0,2.2975703473093745e-07,0.0,4.758830982609652e-07,0.7516666666666667,8.533498885299196e-08,0.1,0.000944484200960113
1804,7.84426083555445e-06,1.0,1.7618454876355827e-05,1.0,2.2928401222088723e-07,0.0,6.286071538852411e-07,0.7525,1.5978787359927082e-06,0.1,0.0009441241561823656
1805,2.2607569007959682e-06,1.0,6.493614364444511e-06,1.0,2.295142280672735e-07,0.0,5.791888497697073e-07,0.7533333333333333,1.2395133808240644e-07,0.1,0.0009437630168061122
1806,3.811955821220181e-06,1.0,1.0898382242885418e-05,1.0,2.295129206686397e-07,0.0,6.570212462975178e-07,0.7541666666666667,5.166008065771166e-08,0.1,0.0009434007837224282
1807,4.826127224077936e-06,1.0,6.187344297359232e-06,1.0,2.2935805077395344e-07,0.0,7.478367933799746e-07,0.755,1.1302277016511653e-06,0.1,0.0009430374578250876
1808,4.245001946401317e-06,1.0,4.983384314982686e-06,1.0,2.2963354240346234e-07,0.0,6.431172892007453e-07,0.7558333333333334,9.095758741750615e-07,0.1,0.0009426730400105615
1809,6.3250763560063206e-06,1.0,1.5228092706820462e-05,1.0,2.2973719637775503e-07,0.0,7.433122846123297e-07,0.7566666666666667,2.0029430558565764e-08,0.1,0.0009423075311780142
1810,2.4128148652380332e-06,1.0,4.783635176863754e-06,1.0,2.2893945583746245e-07,0.0,6.302026349658263e-07,0.7575,4.980619223715621e-07,0.1,0.0009419409322293026
1811,2.809355009958381e-06,1.0,1.609908508726221e-06,1.0,2.293608218906229e-07,0.0,6.119654472058755e-07,0.7583333333333333,6.214908125912189e-07,0.1,0.0009415732440689728
1812,2.410689830867341e-06,1.0,1.4702446833325666e-06,1.0,2.291414205046749e-07,0.0,5.806286367260327e-07,0.7591666666666667,1.1300577540396262e-07,0.1,0.0009412044676042593
1813,2.779341684799874e-06,1.0,4.1989414967247285e-06,1.0,2.2923512688066694e-07,0.0,5.574319743573142e-07,0.76,9.001617939929929e-08,0.1,0.0009408346037450809
1814,3.411891157156788e-06,1.0,8.099337719613686e-06,1.0,2.2942995769881236e-07,0.0,5.243538225840894e-07,0.7608333333333334,7.250387739077269e-07,0.1,0.0009404636534040404
1815,2.0649727048294153e-06,1.0,5.1671390792762395e-06,1.0,2.2956568557219725e-07,0.0,5.476789510794333e-07,0.7616666666666667,2.2208473637874704e-07,0.1,0.0009400916174964206
1816,2.179693638026947e-06,1.0,3.198551439709263e-06,1.0,2.2935975607651926e-07,0.0,5.489977183970041e-07,0.7625,1.2380058933558757e-07,0.1,0.0009397184969401829
1817,2.145909093087539e-06,1.0,2.657206778167165e-06,1.0,2.289306166858296e-07,0.0,5.316938995747478e-07,0.7633333333333333,3.130410561880126e-07,0.1,0.0009393442926559656
1818,2.1298794763424667e-06,1.0,4.313768840802368e-06,1.0,2.298030779002147e-07,0.0,5.390555770645733e-07,0.7641666666666667,3.550122471551731e-07,0.1,0.0009389690055670804
1819,2.965717158076586e-06,1.0,8.659943887323607e-06,1.0,2.296522865208317e-07,0.0,4.379969880119461e-07,0.765,5.778429112979211e-08,0.1,0.0009385926365995109
1820,3.341577667015372e-06,1.0,7.207354428828694e-06,1.0,2.2974545288434456e-07,0.0,4.746118520415621e-07,0.7658333333333334,6.497318736364832e-07,0.1,0.0009382151866819099
1821,1.8505296566218021e-06,1.0,3.076224857068155e-06,1.0,2.2894786866345385e-07,0.0,4.417902346176561e-07,0.7666666666666667,2.1637865188495198e-07,0.1,0.000937836656745598
1822,8.131361937557813e-06,1.0,2.5582639864296652e-05,1.0,2.2928253429199685e-07,0.0,6.035928663550294e-07,0.7675,3.7504439553970315e-09,0.1,0.0009374570477245598
1823,7.498299055441748e-06,1.0,1.7360825950163417e-05,1.0,2.2974664659614064e-07,0.0,5.283548034640262e-07,0.7683333333333333,1.685098482084868e-06,0.1,0.0009370763605554429
1824,2.5129716050287243e-06,1.0,3.994921371486271e-06,1.0,2.294002570124576e-07,0.0,5.095503183838446e-07,0.7691666666666667,5.153688107384369e-07,0.1,0.0009366945961775552
1825,8.309150871355087e-06,1.0,9.372049134981353e-06,1.0,2.2922253606338927e-07,0.0,6.28833049631794e-07,0.77,3.0076572343773478e-09,0.1,0.0009363117555328623
1826,1.9634976524685044e-06,1.0,3.958405613957439e-06,1.0,2.2981197389526642e-07,0.0,4.822096570933354e-07,0.7708333333333334,1.387873567182396e-07,0.1,0.0009359278395659853
1827,1.412239271303406e-05,1.0,3.077714427490719e-05,1.0,2.2913826569492812e-07,0.0,7.295950581465149e-07,0.7716666666666666,3.0366709324880503e-06,0.1,0.0009355428492241988
1828,7.263033694471233e-06,1.0,1.2848959158873186e-05,1.0,2.295917198580355e-07,0.0,5.66681478630926e-07,0.7725,5.903545208241212e-09,0.1,0.0009351567854574282
1829,6.379399110301165e-06,1.0,2.268558273499366e-05,1.0,2.2957999590289546e-07,0.0,5.825376092616352e-07,0.7733333333333333,1.4123159530754492e-08,0.1,0.0009347696492182474
1830,2.2272030037129298e-05,1.0,4.018792969873175e-05,1.0,2.289395126808813e-07,0.0,8.428001478932856e-07,0.7741666666666667,4.841771442443132e-06,0.1,0.0009343814414618767
1831,2.4231705992860952e-06,1.0,3.1636843687010696e-06,1.0,2.2927699205865792e-07,0.0,4.553597250378516e-07,0.775,1.360429564556398e-07,0.1,0.00093399216314618
1832,1.9546409021131694e-05,1.0,4.360733146313578e-05,1.0,2.294580383477296e-07,0.0,9.92466425486782e-07,0.7758333333333334,1.0118290649785422e-09,0.1,0.0009336018152316629
1833,1.6841258911881596e-05,1.0,3.856164403259754e-05,1.0,2.2956410816732387e-07,0.0,7.584739023513976e-07,0.7766666666666666,3.620843017415609e-06,0.1,0.0009332103986814702
1834,2.592722921690438e-06,1.0,5.923252956563374e-06,1.0,2.2890458239999134e-07,0.0,4.349219011601235e-07,0.7775,4.1514209669912816e-07,0.1,0.0009328179144613831
1835,1.1084906873293221e-05,1.0,3.129362448817119e-05,1.0,2.2981257075116446e-07,0.0,5.937792479926429e-07,0.7783333333333333,5.102807953960564e-09,0.1,0.0009324243635398176
1836,8.267824341601226e-06,1.0,1.6936986867222004e-05,1.0,2.2944958288917405e-07,0.0,5.28367536389851e-07,0.7791666666666667,1.6956785202637548e-06,0.1,0.0009320297468878212
1837,2.8364452191453893e-06,1.0,1.4242699535316206e-06,1.0,2.2921130948816426e-07,0.0,4.195888720914809e-07,0.78,4.971822136212722e-07,0.1,0.0009316340654790718
1838,4.940030066791223e-06,1.0,7.82220740802586e-06,1.0,2.2927498832814308e-07,0.0,4.91638104449521e-07,0.7808333333333334,2.180278357855059e-08,0.1,0.0009312373202898734
1839,2.150373120457516e-06,1.0,1.5266369928212953e-06,1.0,2.2989877379586687e-07,0.0,4.4144758248876315e-07,0.7816666666666666,1.7498020099537825e-07,0.1,0.0009308395122991556
1840,2.975624511236674e-06,1.0,1.1244940651522484e-05,1.0,2.2897995677340077e-07,0.0,4.282232737295999e-07,0.7825,5.379769163482706e-07,0.1,0.00093044064248847
1841,3.420386292418698e-06,1.0,1.0511939763091505e-05,1.0,2.2890549189469311e-07,0.0,4.4324389136818354e-07,0.7833333333333333,3.817187987920079e-08,0.1,0.0009300407118419882
1842,2.7614789814833784e-06,1.0,8.789523235464003e-06,1.0,2.2994200321591052e-07,0.0,4.6663299713145534e-07,0.7841666666666667,9.54566843347493e-08,0.1,0.0009296397213464993
1843,4.954462383466307e-06,1.0,1.7629297872190364e-05,1.0,2.2956606926527456e-07,0.0,5.788167527498445e-07,0.785,1.0869141533476068e-06,0.1,0.0009292376719914074
1844,4.042221917188726e-06,1.0,1.1730333426385187e-05,1.0,2.2904529828338127e-07,0.0,4.983010057912907e-07,0.7858333333333334,3.438342588424348e-08,0.1,0.0009288345647687294
1845,4.4001126298098825e-06,1.0,7.405291853501694e-06,1.0,2.2954915834816347e-07,0.0,4.993525521967968e-07,0.7866666666666666,2.243661256784435e-08,0.1,0.0009284304006730925
1846,5.6570097513031214e-06,1.0,1.1832934433186892e-05,1.0,2.293236178729785e-07,0.0,5.17209741701663e-07,0.7875,1.0366278502260684e-06,0.1,0.0009280251807017311
1847,1.7750562619767152e-06,1.0,1.2889429399365326e-06,1.0,2.2914186104117107e-07,0.0,3.924022280443751e-07,0.7883333333333333,1.788146164471982e-07,0.1,0.0009276189058544853
1848,5.832699571328703e-06,1.0,1.0420525541121606e-05,1.0,2.293654119966959e-07,0.0,4.3387683490436757e-07,0.7891666666666667,1.1603708216512132e-08,0.1,0.000927211577133798
1849,2.2442516183218686e-06,1.0,4.290534434403526e-06,1.0,2.2929611986910459e-07,0.0,4.3775952462965506e-07,0.79,3.761722950912372e-07,0.1,0.0009268031955447124
1850,2.412032927168184e-06,1.0,6.13291012996342e-06,1.0,2.2923421738596517e-07,0.0,3.948293851863127e-07,0.7908333333333334,3.983048486588814e-07,0.1,0.0009263937620948692
1851,2.972725951622124e-06,1.0,4.122639438719489e-06,1.0,2.2945548039388086e-07,0.0,3.876322409723798e-07,0.7916666666666666,5.082096521391577e-08,0.1,0.0009259832777945049
1852,1.9695580704137683e-06,1.0,5.212864834902575e-06,1.0,2.289068703476005e-07,0.0,3.908982648681558e-07,0.7925,2.469932383064588e-07,0.1,0.0009255717436564487
1853,2.1266403109621024e-06,1.0,3.0676976621180074e-06,1.0,2.2952241351958946e-07,0.0,3.8748589759052265e-07,0.7933333333333333,3.487537298951793e-07,0.1,0.0009251591606961202
1854,1.9415710994508117e-06,1.0,2.6368818453192944e-06,1.0,2.2931895671263192e-07,0.0,3.688243168653571e-07,0.7941666666666667,1.2182458419829345e-07,0.1,0.0009247455299315266
1855,1.7753457086655544e-06,1.0,4.898851329926401e-06,1.0,2.292032093009766e-07,0.0,4.015829517811653e-07,0.795,1.7419299069842964e-07,0.1,0.0009243308523832613
1856,2.6763909772853367e-06,1.0,5.659574526362121e-06,1.0,2.289202427618875e-07,0.0,4.6169492406988866e-07,0.7958333333333333,4.384621661301935e-07,0.1,0.0009239151290744992
1857,1.8724347228271654e-06,1.0,3.1247966489900136e-06,1.0,2.3026433382256073e-07,0.0,3.263069174863631e-07,0.7966666666666666,1.1825945733789922e-07,0.1,0.0009234983610309967
1858,1.863312832028896e-06,1.0,2.8580341222550487e-06,1.0,2.2873304317272414e-07,0.0,3.975424647251202e-07,0.7975,1.8784913891067845e-07,0.1,0.0009230805492810873
1859,1.8427411987431697e-06,1.0,2.0403954295034055e-06,1.0,2.29630316539442e-07,0.0,3.304689357719326e-07,0.7983333333333333,1.7672763874543307e-07,0.1,0.0009226616948556801
1860,4.189071660221089e-06,1.0,7.385834123851964e-06,1.0,2.2937940968859039e-07,0.0,4.262280413058761e-07,0.7991666666666667,2.010325061974072e-08,0.1,0.0009222417987882566
1861,1.7508892824480426e-06,1.0,7.617845767526887e-07,1.0,2.2931737930775853e-07,0.0,3.8674852476106025e-07,0.8,2.022363361220414e-07,0.1,0.0009218208621148689
1862,3.9370179365505464e-06,1.0,5.967488959868206e-06,1.0,2.297441739074202e-07,0.0,4.1996034383373626e-07,0.8008333333333333,7.974873028615548e-07,0.1,0.000921398885874136
1863,2.0019160729134455e-06,1.0,1.6575589825151837e-06,1.0,2.2909469521437131e-07,0.0,3.77235579662738e-07,0.8016666666666666,9.05263064510109e-08,0.1,0.0009209758711072426
1864,4.477087713894434e-06,1.0,9.581725862517487e-06,1.0,2.2930653642561083e-07,0.0,4.3295369778206805e-07,0.8025,2.3953379724162005e-08,0.1,0.0009205518188579356
1865,5.667155619448749e-06,1.0,1.9682720449054614e-05,1.0,2.296411736324444e-07,0.0,5.236497599980794e-07,0.8033333333333333,1.2476760957724764e-06,0.1,0.0009201267301725216
1866,2.75244087788451e-06,1.0,2.9116133646311937e-06,1.0,2.2950209199734672e-07,0.0,3.864057021019107e-07,0.8041666666666667,3.9258971185063274e-08,0.1,0.0009197006060998647
1867,4.945233740727417e-06,1.0,1.236247771885246e-05,1.0,2.2928310272618546e-07,0.0,4.6052147695263557e-07,0.805,1.2660427373134553e-08,0.1,0.0009192734476913838
1868,7.69901271269191e-06,1.0,2.3655635231989436e-05,1.0,2.2979995151217736e-07,0.0,5.333198487278423e-07,0.8058333333333333,1.6892078065211535e-06,0.1,0.00091884525600105
1869,2.770152377706836e-06,1.0,1.4024065421835985e-05,1.0,2.2951952871608228e-07,0.0,3.882630323914782e-07,0.8066666666666666,4.4102328899953136e-08,0.1,0.0009184160320853831
1870,2.8439812922442798e-06,1.0,6.849719284218736e-06,1.0,2.2963823198551836e-07,0.0,3.629834850471525e-07,0.8075,4.253411489685277e-08,0.1,0.0009179857770034512
1871,7.596719569846755e-06,1.0,1.2285886441532057e-05,1.0,2.288112455062219e-07,0.0,5.023703124606982e-07,0.8083333333333333,1.7122955568993348e-06,0.1,0.0009175544918168653
1872,1.8438236111251172e-06,1.0,5.484990197146544e-06,1.0,2.2999286386493623e-07,0.0,3.874144454130146e-07,0.8091666666666667,1.891731358227844e-07,0.1,0.0009171221775897792
1873,2.0780801150976913e-06,1.0,5.1670390348590445e-06,1.0,2.290284157879796e-07,0.0,3.282929981196503e-07,0.81,9.205150774960202e-08,0.1,0.0009166888353888849
1874,2.2847007130621932e-06,1.0,2.424381591481506e-06,1.0,2.2941038935186953e-07,0.0,4.4159651224617846e-07,0.8108333333333333,3.8177688566065626e-07,0.1,0.0009162544662834115
1875,1.977165538846748e-06,1.0,5.3142102842684835e-06,1.0,2.295871439628172e-07,0.0,4.287559249860351e-07,0.8116666666666666,2.9959556968606194e-07,0.1,0.0009158190713451216
1876,3.5891830520995427e-06,1.0,4.451545919437194e-06,1.0,2.292207881282593e-07,0.0,4.640183988158242e-07,0.8125,1.579976682819506e-08,0.1,0.0009153826516483085
1877,1.9038853906749864e-06,1.0,5.250432877801359e-06,1.0,2.2955069312047272e-07,0.0,3.564432518032845e-07,0.8133333333333334,1.0858514798428587e-07,0.1,0.0009149452082697949
1878,3.257981461501913e-06,1.0,6.923688033566577e-06,1.0,2.3009395988538017e-07,0.0,4.386260457067692e-07,0.8141666666666667,6.602978146474925e-07,0.1,0.0009145067422889286
1879,1.9873277778970078e-06,1.0,7.591680969198933e-06,1.0,2.2940135124827066e-07,0.0,3.64216191428568e-07,0.815,1.0304513864412002e-07,0.1,0.0009140672547875811
1880,2.057440724456683e-06,1.0,2.4355588266189443e-06,1.0,2.2934209198410827e-07,0.0,4.0197409134634654e-07,0.8158333333333333,2.8539761842694134e-07,0.1,0.0009136267468501438
1881,1.9094491108262446e-06,1.0,3.4411366414133226e-06,1.0,2.2924635345589195e-07,0.0,4.4808876964452793e-07,0.8166666666666667,1.1213649031560635e-07,0.1,0.0009131852195635263
1882,2.8081303753424436e-06,1.0,4.272133537597256e-06,1.0,2.2872984573041322e-07,0.0,4.132915307764051e-07,0.8175,4.69678838044274e-08,0.1,0.0009127426740171534
1883,2.586970822449075e-06,1.0,7.481543889298337e-06,1.0,2.2978193214839848e-07,0.0,3.761808216040663e-07,0.8183333333333334,5.090298031973362e-07,0.1,0.0009122991113029622
1884,3.198220156264142e-06,1.0,9.734258128446527e-06,1.0,2.2911623887011956e-07,0.0,3.693936037052481e-07,0.8191666666666667,6.163095349620562e-07,0.1,0.0009118545325153995
1885,7.149150405894034e-06,1.0,2.326773392269388e-05,1.0,2.2929356191525585e-07,0.0,4.5572676299343584e-07,0.82,4.459190350303288e-09,0.1,0.0009114089387514196
1886,3.246457481509424e-06,1.0,3.591172571759671e-06,1.0,2.292797773861821e-07,0.0,4.1353274582434096e-07,0.8208333333333333,5.903623900849198e-07,0.1,0.0009109623311104805
1887,5.503628926817328e-06,1.0,1.1819219253084157e-05,1.0,2.2971330793097877e-07,0.0,4.798552026841207e-07,0.8216666666666667,1.1808849649241893e-06,0.1,0.000910514710694542
1888,8.754870577831753e-06,1.0,2.4474675228702836e-05,1.0,2.29391304173987e-07,0.0,4.5926546476948715e-07,0.8225,1.5727668056797484e-09,0.1,0.0009100660786080636
1889,2.419169732092996e-06,1.0,3.934910182579188e-06,1.0,2.2941361521588988e-07,0.0,3.6557011640070414e-07,0.8233333333333334,4.89199692310649e-07,0.1,0.0009096164359579999
1890,9.285269698011689e-06,1.0,2.756812136794906e-05,1.0,2.2943493149796268e-07,0.0,5.988138127577258e-07,0.8241666666666667,2.0484037577261915e-06,0.1,0.0009091657838537993
1891,1.4947616364224814e-05,1.0,3.206565816071816e-05,1.0,2.2961066292737087e-07,0.0,6.695693173242034e-07,0.825,4.84172216208556e-11,0.1,0.0009087141234074015
1892,1.9703052203112748e-06,1.0,3.500135335343657e-06,1.0,2.2963607193560165e-07,0.0,3.9669833995503723e-07,0.8258333333333333,8.72446435096208e-08,0.1,0.0009082614557332335
1893,1.913102823891677e-05,1.0,4.513792009674944e-05,1.0,2.2910556651822844e-07,0.0,7.312328307307325e-07,0.8266666666666667,4.262652510078624e-06,0.1,0.0009078077819482078
1894,8.382117812288925e-06,1.0,1.0915254279098008e-05,1.0,2.2937837229619618e-07,0.0,4.5153930727792613e-07,0.8275,5.646387357671756e-09,0.1,0.0009073531031717196
1895,9.93491084955167e-06,1.0,2.6468123905942775e-05,1.0,2.2965039647715457e-07,0.0,5.19587729286286e-07,0.8283333333333334,1.9995627376090397e-09,0.1,0.0009068974205256433
1896,2.5690223992569372e-05,1.0,6.412501534214243e-05,1.0,2.2945251032524538e-07,0.0,8.14038514818094e-07,0.8291666666666667,5.411320216808235e-06,0.1,0.0009064407351343305
1897,2.8998679226788227e-06,1.0,8.348450137418695e-06,1.0,2.2925692633180006e-07,0.0,3.5368216799724905e-07,0.83,3.14953503277593e-08,0.1,0.0009059830481246073
1898,1.7455789929954335e-05,1.0,4.907839684165083e-05,1.0,2.2871370219945675e-07,0.0,6.745440828126448e-07,0.8308333333333333,8.556019781558177e-11,0.1,0.0009055243606257707
1899,2.1026797185186297e-05,1.0,4.1819748730631545e-05,1.0,2.292003244974694e-07,0.0,7.88912416282983e-07,0.8316666666666667,4.510878625296755e-06,0.1,0.0009050646737695865
1900,2.9920915949332993e-06,1.0,4.298572548577795e-06,1.0,2.2928712439806986e-07,0.0,3.6061203445569845e-07,0.8325,5.314750524121337e-07,0.1,0.0009046039886902864
1901,2.008872979786247e-05,1.0,3.9678430766798556e-05,1.0,2.2967168433751795e-07,0.0,6.506945737783099e-07,0.8333333333333334,1.3765107109708907e-10,0.1,0.000904142306524565
1902,3.6008730148751056e-06,1.0,1.0458097676746547e-05,1.0,2.3010909444565186e-07,0.0,4.395254791234038e-07,0.8341666666666666,6.551083515660139e-07,0.1,0.000903679628411577
1903,1.0663065040716901e-05,1.0,3.053422551602125e-05,1.0,2.2926337805984076e-07,0.0,5.748871103605779e-07,0.835,2.1618134269374423e-06,0.1,0.0009032159554929351
1904,1.965239061973989e-05,1.0,4.835150684812106e-05,1.0,2.300064920746081e-07,0.0,7.066134344313468e-07,0.8358333333333333,1.1863265578226923e-11,0.1,0.0009027512889127054
1905,1.7825154827733058e-06,1.0,1.3161958349883207e-06,1.0,2.2996420057097566e-07,0.0,4.3206404143347754e-07,0.8366666666666667,1.7999202839291684e-07,0.1,0.0009022856298174073
1906,1.8777825971483253e-05,1.0,3.9185062632896006e-05,1.0,2.2908423602530092e-07,0.0,7.638694796696655e-07,0.8375,4.098139015695779e-06,0.1,0.0009018189793560079
1907,9.26609482121421e-06,1.0,1.4826592632743996e-05,1.0,2.293522101126655e-07,0.0,4.6370524842132e-07,0.8383333333333334,1.7731205392834681e-09,0.1,0.0009013513386799208
1908,9.242658052244224e-06,1.0,1.1102621101599652e-05,1.0,2.2897322082826577e-07,0.0,5.214394604990957e-07,0.8391666666666666,1.981894204305945e-09,0.1,0.000900882708943003
1909,8.991268259705976e-06,1.0,1.2211920875415672e-05,1.0,2.2931021703698207e-07,0.0,5.248216439213138e-07,0.84,1.9655019514175365e-06,0.1,0.0009004130913015517
1910,6.158222277008463e-06,1.0,9.892346497508697e-06,1.0,2.2900965745975554e-07,0.0,4.459722617866646e-07,0.8408333333333333,1.1392442047508666e-06,0.1,0.0008999424869143019
1911,1.3552871678257361e-05,1.0,3.98191150452476e-05,1.0,2.2919266484677792e-07,0.0,6.053696779417805e-07,0.8416666666666667,4.706426803835484e-09,0.1,0.0008994708969424229
1912,3.034853762073908e-06,1.0,6.955256139917765e-06,1.0,2.2913565089766053e-07,0.0,3.684857290409127e-07,0.8425,4.6534364628314506e-07,0.1,0.0008989983225495163
1913,7.258712685143109e-06,1.0,1.6406616850872524e-05,1.0,2.2922296238903073e-07,0.0,4.616308615368325e-07,0.8433333333333334,1.4075201306695817e-06,0.1,0.0008985247649016125
1914,7.179351996455807e-06,1.0,2.5968769477913156e-05,1.0,2.2921983600099338e-07,0.0,4.919040748063708e-07,0.8441666666666666,4.184998125822403e-09,0.1,0.0008980502251671675
1915,2.2335320863930974e-06,1.0,2.619598944875179e-06,1.0,2.2941614474802918e-07,0.0,3.903731737864291e-07,0.845,2.9619030783578637e-07,0.1,0.0008975747045170614
1916,1.0556675988482311e-05,1.0,1.6102978406706825e-05,1.0,2.2861227932935435e-07,0.0,5.529242343982332e-07,0.8458333333333333,2.0659022084146272e-06,0.1,0.0008970982041245938
1917,3.81130121240858e-06,1.0,1.2383708963170648e-05,1.0,2.2972234603457764e-07,0.0,3.8118804468467715e-07,0.8466666666666667,2.471490745392657e-08,0.1,0.0008966207251654823
1918,3.231330538255861e-06,1.0,3.2288535294355825e-06,1.0,2.2834717583464226e-07,0.0,4.21165992747774e-07,0.8475,2.415669619892924e-08,0.1,0.0008961422688178587
1919,2.7356422833690885e-06,1.0,1.6396518276451388e-06,1.0,2.2982416680861206e-07,0.0,4.109772362426156e-07,0.8483333333333334,4.929208898829529e-07,0.1,0.0008956628362622663
1920,6.119490990386112e-06,1.0,2.3646622139494866e-05,1.0,2.2915430974990159e-07,0.0,4.938627853334765e-07,0.8491666666666666,1.2447080735000782e-06,0.1,0.0008951824286816573
1921,1.431431792298099e-05,1.0,3.0080251235631295e-05,1.0,2.2955613587782864e-07,0.0,6.151246907393215e-07,0.85,2.7628781484878573e-09,0.1,0.0008947010472613901
1922,1.8642592749529285e-06,1.0,6.455338279920397e-06,1.0,2.2933190280127747e-07,0.0,3.1015659374133975e-07,0.8508333333333333,1.6265586566532875e-07,0.1,0.0008942186931892248
1923,1.282185985473916e-05,1.0,3.064126576646231e-05,1.0,2.293372602935051e-07,0.0,6.669908998446772e-07,0.8516666666666667,2.7371679607313126e-06,0.1,0.0008937353676553227
1924,6.22419156570686e-06,1.0,7.626185833942145e-06,1.0,2.2917220121598803e-07,0.0,4.602150625032664e-07,0.8525,1.0533977246041104e-08,0.1,0.0008932510718522412
1925,9.811311429075431e-06,1.0,1.8963302863994613e-05,1.0,2.29304930599028e-07,0.0,5.609230129266507e-07,0.8533333333333334,4.330946268282787e-09,0.1,0.0008927658069749322
1926,1.272252484341152e-05,1.0,3.576589733711444e-05,1.0,2.3021163997327676e-07,0.0,5.724323273170739e-07,0.8541666666666666,2.7043329282605555e-06,0.1,0.0008922795742207384
1927,2.2923304641153663e-06,1.0,6.761098575225333e-06,1.0,2.2955342160457803e-07,0.0,3.862147082145384e-07,0.855,1.0324831123398326e-07,0.1,0.000891792374789391
1928,1.0287045370205306e-05,1.0,1.968525793927256e-05,1.0,2.2897040707903216e-07,0.0,5.055005658505252e-07,0.8558333333333333,3.474855958529588e-09,0.1,0.0008913042098830058
1929,5.782138941867743e-06,1.0,9.179228982247878e-06,1.0,2.2935336119189742e-07,0.0,4.2302377778469236e-07,0.8566666666666667,1.0684104836400365e-06,0.1,0.0008908150807060816
1930,6.339420906442683e-06,1.0,1.2201377103338018e-05,1.0,2.2935842025617603e-07,0.0,4.4751624272976187e-07,0.8575,1.1895536999873002e-06,0.1,0.0008903249884654958
1931,6.404648956959136e-06,1.0,1.1252599506406114e-05,1.0,2.292031098249936e-07,0.0,4.4596333736990346e-07,0.8583333333333333,4.258302155335514e-09,0.1,0.0008898339343705023
1932,3.499818376440089e-06,1.0,1.0878085049625952e-05,1.0,2.2918018771633797e-07,0.0,3.7926326967863133e-07,0.8591666666666666,1.8753345543132127e-08,0.1,0.0008893419196327283
1933,1.5222783986246213e-05,1.0,2.7694015443557873e-05,1.0,2.3017682337922452e-07,0.0,5.647935950037208e-07,0.86,3.3302778774668695e-06,0.1,0.0008888489454661712
1934,1.7077059055736754e-06,1.0,7.029241260170238e-06,1.0,2.29366705184475e-07,0.0,3.1909087283565896e-07,0.8608333333333333,1.5263378827512497e-07,0.1,0.0008883550130871959
1935,1.3218630556366406e-05,1.0,2.0621611838578247e-05,1.0,2.2894386120242416e-07,0.0,5.837165417688084e-07,0.8616666666666667,8.565683717876027e-10,0.1,0.0008878601237145312
1936,1.9455692381598055e-06,1.0,5.047457761975238e-06,1.0,2.2912045949396997e-07,0.0,2.956400066977949e-07,0.8625,2.766665545550495e-07,0.1,0.0008873642785692677
1937,9.323135600425303e-06,1.0,1.300577241636347e-05,1.0,2.2941227939554665e-07,0.0,4.253278120813775e-07,0.8633333333333333,1.9869689822371583e-06,0.1,0.0008868674788748538
1938,3.370151262060972e-06,1.0,1.0774630027299281e-05,1.0,2.2915361341802054e-07,0.0,3.534394465987134e-07,0.8641666666666666,3.125881775645212e-08,0.1,0.0008863697258570933
1939,5.990289537294302e-06,1.0,1.0654737707227468e-05,1.0,2.2989401315953728e-07,0.0,4.3194859244977124e-07,0.865,6.7108327783671484e-09,0.1,0.0008858710207441426
1940,5.1453544074320234e-06,1.0,1.2251347470737528e-05,1.0,2.2937430799174763e-07,0.0,3.3980296620939043e-07,0.8658333333333333,1.0412967412776197e-06,0.1,0.0008853713647665067
1941,2.1318385279300855e-06,1.0,6.384534117387375e-06,1.0,2.291818077537755e-07,0.0,3.078825443481037e-07,0.8666666666666667,3.962287564718281e-07,0.1,0.0008848707591570374
1942,4.436798008100595e-06,1.0,1.0155857125937473e-05,1.0,2.296844598959069e-07,0.0,4.6094930894469144e-07,0.8675,2.2141531275110538e-08,0.1,0.0008843692051509289
1943,1.8814248505805153e-06,1.0,1.3299860484039527e-06,1.0,2.2882383632349956e-07,0.0,3.7935274121991824e-07,0.8683333333333333,2.995373051817296e-07,0.1,0.0008838667039857159
1944,4.5186420720710885e-06,1.0,5.113035967951873e-06,1.0,2.295166581234298e-07,0.0,4.245054014972993e-07,0.8691666666666666,9.890693490888225e-07,0.1,0.0008833632569012704
1945,2.2371355044015218e-06,1.0,3.2437610570923425e-06,1.0,2.2931357079869485e-07,0.0,3.7785321183037013e-07,0.87,7.899256360133222e-08,0.1,0.0008828588651397977
1946,7.147531050577527e-06,1.0,1.0741000551206525e-05,1.0,2.2961955892242258e-07,0.0,5.500347697307006e-07,0.8708333333333333,6.173614508497849e-09,0.1,0.0008823535299458344
1947,2.2453309611591976e-06,1.0,5.392661933001364e-06,1.0,2.291160825507177e-07,0.0,3.5539341070034425e-07,0.8716666666666667,4.4399746457202127e-07,0.1,0.000881847252566245
1948,2.8138645120634465e-06,1.0,7.038787316560047e-06,1.0,2.2889960860084102e-07,0.0,3.3956882816710277e-07,0.8725,4.794609367309022e-07,0.1,0.0008813400342502183
1949,2.09166091735824e-06,1.0,5.9258186411170755e-06,1.0,2.2984823999649961e-07,0.0,3.227621618862031e-07,0.8733333333333333,7.966434623085661e-08,0.1,0.0008808318762492653
1950,1.6064195733633824e-06,1.0,2.8930835469509475e-06,1.0,2.2952650624574744e-07,0.0,3.118657332379371e-07,0.8741666666666666,1.5842375944430387e-07,0.1,0.0008803227798172156
1951,2.4134155864885543e-06,1.0,1.9544204405974597e-06,1.0,2.2994655068941938e-07,0.0,3.1125387067731936e-07,0.875,5.181667575016036e-07,0.1,0.0008798127462102135
1952,1.774434394974378e-06,1.0,2.6947282094624825e-06,1.0,2.2932748322546104e-07,0.0,3.487578510430467e-07,0.8758333333333334,1.995452407754783e-07,0.1,0.0008793017766867168
1953,3.6880078368994873e-06,1.0,4.255076873960206e-06,1.0,2.2907846641828655e-07,0.0,3.954684757445648e-07,0.8766666666666667,2.4923149766209463e-08,0.1,0.0008787898725074913
1954,1.744168002915103e-06,1.0,5.086638793727616e-06,1.0,2.292763099376316e-07,0.0,3.9376320160045e-07,0.8775,2.3136958304803557e-07,0.1,0.0008782770349356104
1955,5.795969627797604e-06,1.0,1.1147553777846042e-05,1.0,2.2927270038053393e-07,0.0,4.211156010569539e-07,0.8783333333333333,1.289778310820111e-06,0.1,0.0008777632652364494
1956,2.8121553441451397e-06,1.0,1.995741513383109e-06,1.0,2.2875173044667463e-07,0.0,3.8738858165743295e-07,0.8791666666666667,3.286373839728185e-08,0.1,0.000877248564677684
1957,5.811931714561069e-06,1.0,9.152279744739644e-06,1.0,2.2893395623668766e-07,0.0,4.25593043473782e-07,0.88,7.01178004547387e-09,0.1,0.0008767329345292867
1958,4.375617209007032e-06,1.0,1.0629860298649874e-05,1.0,2.2895841311765253e-07,0.0,3.6726407870446565e-07,0.8808333333333334,8.268265219157911e-07,0.1,0.0008762163760635237
1959,2.8695717446680646e-06,1.0,3.5804364415525924e-06,1.0,2.2925821951957914e-07,0.0,3.3570461255294504e-07,0.8816666666666667,4.6857297775204643e-07,0.1,0.0008756988905549518
1960,2.815203743011807e-06,1.0,5.015062924940139e-06,1.0,2.291915279784007e-07,0.0,3.8208958130780957e-07,0.8825,5.3595442750520306e-08,0.1,0.0008751804792804147
1961,2.566137254689238e-06,1.0,6.936310455785133e-06,1.0,2.2960027479257406e-07,0.0,4.36332044273513e-07,0.8833333333333333,4.734540937079146e-08,0.1,0.0008746611435190409
1962,7.0369778768508695e-06,1.0,1.3669223335455172e-05,1.0,2.2888647777108417e-07,0.0,4.862063178734388e-07,0.8841666666666667,1.433665374861448e-06,0.1,0.0008741408845522396
1963,2.1164041754673235e-06,1.0,3.2298676160280593e-06,1.0,2.2999662974143575e-07,0.0,3.643498871497286e-07,0.885,3.3087255246755376e-07,0.1,0.0008736197036636983
1964,6.1883592934464104e-06,1.0,1.5310546586988494e-05,1.0,2.293959653343336e-07,0.0,4.4994868630965357e-07,0.8858333333333334,1.009670480556224e-08,0.1,0.0008730976021393791
1965,1.827764890549588e-06,1.0,6.704462066409178e-06,1.0,2.299633052871286e-07,0.0,2.9597816819659784e-07,0.8866666666666667,2.7509190658747684e-07,0.1,0.0008725745812675153
1966,3.4593770124047296e-06,1.0,7.171217930590501e-06,1.0,2.2971897806201014e-07,0.0,4.3161665530533355e-07,0.8875,5.523173740584753e-07,0.1,0.0008720506423386091
1967,2.4577416297688615e-06,1.0,3.7167144455452217e-06,1.0,2.2939919119835395e-07,0.0,2.976358075557073e-07,0.8883333333333333,3.411676630094007e-08,0.1,0.0008715257866454278
1968,6.08693562753615e-06,1.0,1.8999155145138502e-05,1.0,2.291677958510263e-07,0.0,4.068948271651607e-07,0.8891666666666667,7.887345887525044e-09,0.1,0.0008710000154830003
1969,8.027466719795484e-06,1.0,1.6122836314025335e-05,1.0,2.298523327226576e-07,0.0,4.410261453813291e-07,0.89,1.5646858173568035e-06,0.1,0.0008704733301486151
1970,2.0548545762721915e-06,1.0,2.6359412004239857e-06,1.0,2.2903488172687503e-07,0.0,2.9422596981021343e-07,0.8908333333333334,3.9609915347682545e-07,0.1,0.0008699457319418156
1971,6.47237084194785e-06,1.0,2.011647302424535e-05,1.0,2.3007274307929038e-07,0.0,3.5456844216241734e-07,0.8916666666666667,4.846909984479453e-09,0.1,0.0008694172221643981
1972,2.2707424705004087e-06,1.0,1.2148479072493501e-05,1.0,2.2930200316295668e-07,0.0,3.2240163250207843e-07,0.8925,5.083692826701736e-07,0.1,0.000868887802120408
1973,1.7490792743046768e-06,1.0,2.163565568480408e-06,1.0,2.2876781713421224e-07,0.0,3.2484962275702856e-07,0.8933333333333333,2.8973306598345516e-07,0.1,0.0008683574731161364
1974,2.1147266124899033e-06,1.0,4.292071935196873e-06,1.0,2.292141516591073e-07,0.0,3.1909723929857137e-07,0.8941666666666667,7.849578764762555e-08,0.1,0.0008678262364601176
1975,2.120840235875221e-06,1.0,4.361620540294098e-06,1.0,2.2974842295298004e-07,0.0,3.7991924273228506e-07,0.895,4.332511878146761e-07,0.1,0.000867294093463125
1976,2.838288310158532e-06,1.0,5.314201189321466e-06,1.0,2.290688883022085e-07,0.0,3.901601246525388e-07,0.8958333333333334,6.097359346313169e-07,0.1,0.0008667610454381689
1977,3.3011108371283626e-06,1.0,1.0226146514469292e-05,1.0,2.289821310341722e-07,0.0,3.956189971177082e-07,0.8966666666666666,4.2566856706116596e-08,0.1,0.0008662270937004919
1978,2.7183775728190085e-06,1.0,2.9875943710067077e-06,1.0,2.295496557280785e-07,0.0,4.065821599397168e-07,0.8975,6.173469841996848e-07,0.1,0.0008656922395675673
1979,7.158758307923563e-06,1.0,1.5444633390870877e-05,1.0,2.2915007491519646e-07,0.0,5.854340088262688e-07,0.8983333333333333,1.695239006949123e-06,0.1,0.000865156484359094
1980,5.982435141049791e-06,1.0,1.8380413166596554e-05,1.0,2.3033439333630668e-07,0.0,4.89675016979163e-07,0.8991666666666667,1.5032158628969228e-08,0.1,0.0008646198293969952
1981,1.6605499695288017e-06,1.0,5.942502411926398e-06,1.0,2.2889162210049108e-07,0.0,3.1807434197617113e-07,0.9,1.6223425802763813e-07,0.1,0.0008640822760054134
1982,1.3019162906857673e-05,1.0,3.4488632081774995e-05,1.0,2.2930561272005434e-07,0.0,6.399309313565027e-07,0.9008333333333334,3.198513013558113e-06,0.1,0.0008635438255107081
1983,8.567665645387024e-06,1.0,2.5128101697191596e-05,1.0,2.2837063795577706e-07,0.0,4.3228249069215963e-07,0.9016666666666666,1.9708035203791496e-09,0.1,0.0008630044792414525
1984,2.3124771360016894e-06,1.0,4.261821686668554e-06,1.0,2.2985554437582323e-07,0.0,2.675724317668937e-07,0.9025,4.107903706085381e-08,0.1,0.0008624642385284299
1985,1.0441455742693506e-05,1.0,1.3868690075469203e-05,1.0,2.295732031143416e-07,0.0,4.877140327153029e-07,0.9033333333333333,2.336664920221665e-06,0.1,0.0008619231047046305
1986,1.7464110442233505e-06,1.0,3.592203256630455e-06,1.0,2.2950399625187856e-07,0.0,2.6124621399503667e-07,0.9041666666666667,2.0658328026001982e-07,0.1,0.0008613810791052483
1987,1.4139313861960545e-05,1.0,3.904638651874848e-05,1.0,2.2886945316713536e-07,0.0,5.370400231186068e-07,0.905,5.226356014631506e-10,0.1,0.0008608381630676776
1988,6.384528660419164e-06,1.0,1.2972389413334895e-05,1.0,2.2900570684214472e-07,0.0,3.58529263166929e-07,0.9058333333333334,1.3214093996793963e-06,0.1,0.0008602943579315095
1989,6.135771400295198e-06,1.0,1.814001916500274e-05,1.0,2.2902742102814955e-07,0.0,3.728930266788666e-07,0.9066666666666666,1.2545597201096825e-06,0.1,0.0008597496650385296
1990,7.453854777850211e-06,1.0,2.3912254619062878e-05,1.0,2.2948192679450585e-07,0.0,3.785976616654807e-07,0.9075,1.3293532941105468e-09,0.1,0.0008592040857327129
1991,1.6788336552053806e-06,1.0,2.6554230316833127e-06,1.0,2.2923627795989887e-07,0.0,3.18021704970306e-07,0.9083333333333333,2.003915113846233e-07,0.1,0.0008586576213602226
1992,1.2236570910317823e-05,1.0,1.6070023775682785e-05,1.0,2.3066377252689563e-07,0.0,5.360951718103024e-07,0.9091666666666667,2.666893578862073e-06,0.1,0.0008581102732694048
1993,1.6267316595985903e-06,1.0,1.509927756160323e-06,1.0,2.297151127095276e-07,0.0,2.530669291900267e-07,0.91,9.36055428724103e-08,0.1,0.0008575620428107868
1994,8.87343139766017e-06,1.0,2.7025709641748108e-05,1.0,2.2966597157392243e-07,0.0,4.54705542551892e-07,0.9108333333333334,1.5615504445065653e-09,0.1,0.0008570129313370726
1995,5.460582542582415e-06,1.0,7.589224878756795e-06,1.0,2.291705811785505e-07,0.0,3.155177523694874e-07,0.9116666666666666,1.0072545819639345e-06,0.1,0.0008564629402031402
1996,6.123872481111903e-06,1.0,7.925881618575659e-06,1.0,2.298316701399017e-07,0.0,3.8921564282645704e-07,0.9125,1.1241806987527525e-06,0.1,0.0008559120707660382
1997,5.783741471532267e-06,1.0,7.733940037724096e-06,1.0,2.295736720725472e-07,0.0,3.4797670878106146e-07,0.9133333333333333,4.847708900967973e-09,0.1,0.000855360324384982
1998,3.49651259057282e-06,1.0,8.1526959547773e-06,1.0,2.2954716882850335e-07,0.0,3.2191189802688314e-07,0.9141666666666667,1.9854825339393756e-08,0.1,0.0008548077024213509
1999,5.9055355450254865e-06,1.0,1.858610448834952e-05,1.0,2.292970577855158e-07,0.0,3.6380231449584244e-07,0.915,1.329855649601086e-06,0.1,0.0008542542062386849
2000,1.8533154388933326e-06,1.0,9.242269243259216e-07,1.0,2.2893041773386358e-07,0.0,2.492275825716206e-07,0.9158333333333334,1.0643277903454873e-07,0.1,0.0008536998372026805
2001,5.1021329454670195e-06,1.0,1.3429972568701487e-05,1.0,2.2946014155422745e-07,0.0,2.9573530468951503e-07,0.9166666666666666,1.0777455372590339e-08,0.1,0.0008531445966811886
2002,2.2763417746318737e-06,1.0,3.7039289964013733e-06,1.0,2.2934122512197064e-07,0.0,2.686031450593873e-07,0.9175,4.394772759042098e-07,0.1,0.0008525884860442096
2003,3.872362867696211e-06,1.0,1.2873002560809255e-05,1.0,2.2933321019991126e-07,0.0,2.9583884497697e-07,0.9183333333333333,8.578733741160249e-07,0.1,0.0008520315066638915
2004,7.976871529535856e-06,1.0,1.3423497875919566e-05,1.0,2.2853610914808087e-07,0.0,3.6967850292057847e-07,0.9191666666666667,1.2039411689812596e-09,0.1,0.0008514736599145253
2005,1.6559533833060414e-06,1.0,1.0404739441582933e-05,1.0,2.2973580371399294e-07,0.0,2.4918995222833473e-07,0.92,8.948335050718015e-08,0.1,0.0008509149471725426
2006,1.1278974852757528e-05,1.0,1.4535377886204515e-05,1.0,2.2962427692618803e-07,0.0,5.35767810561083e-07,0.9208333333333333,2.4713231141504366e-06,0.1,0.0008503553698165113
2007,1.3868700534658274e-06,1.0,1.0781221817524056e-06,1.0,2.298235415310046e-07,0.0,2.647957728640904e-07,0.9216666666666666,1.7242902572434105e-07,0.1,0.0008497949292271334
2008,1.1381995136616752e-05,1.0,2.6971845727530308e-05,1.0,2.295835912491384e-07,0.0,4.20749643126328e-07,0.9225,2.42827202789897e-10,0.1,0.0008492336267872398
2009,5.01631529914448e-06,1.0,1.147507100540679e-05,1.0,2.2924174913896422e-07,0.0,3.729503532667877e-07,0.9233333333333333,1.116676912715775e-06,0.1,0.0008486714638817886
2010,3.832496531686047e-06,1.0,8.426536624028813e-06,1.0,2.298219499152765e-07,0.0,3.5144714161106094e-07,0.9241666666666667,9.173586477118079e-07,0.1,0.0008481084418978611
2011,9.053006579051726e-06,1.0,1.9059836631640792e-05,1.0,2.2959028456170927e-07,0.0,4.530602950580942e-07,0.925,1.4619740973387252e-09,0.1,0.000847544562224658
2012,1.6327855973941041e-06,1.0,4.459812771528959e-06,1.0,2.2885924977344985e-07,0.0,2.6178491907558055e-07,0.9258333333333333,1.3548037713917438e-07,0.1,0.0008469798262534962
2013,2.1245792595436797e-05,1.0,4.9197838961845264e-05,1.0,2.2936683308216743e-07,0.0,7.211324373201933e-07,0.9266666666666666,4.723721758637112e-06,0.1,0.0008464142353778057
2014,7.519061000493821e-06,1.0,1.605875695531722e-05,1.0,2.2876587024711625e-07,0.0,3.6562678928930836e-07,0.9275,2.3259061343594567e-09,0.1,0.0008458477909931256
2015,8.671242540003732e-06,1.0,1.9797742424998432e-05,1.0,2.2941743793580827e-07,0.0,4.3531741766855703e-07,0.9283333333333333,2.5835378281158228e-09,0.1,0.0008452804944971015
2016,1.572815017425455e-05,1.0,2.739873161772266e-05,1.0,2.2974104751938285e-07,0.0,5.859313887413009e-07,0.9291666666666667,3.503413836369873e-06,0.1,0.0008447123472894807
2017,2.3277432319446234e-06,1.0,1.0345008377043996e-05,1.0,2.2987040892985533e-07,0.0,3.0981726695245015e-07,0.93,5.270670158097346e-07,0.1,0.0008441433507721101
2018,2.7751368179451674e-05,1.0,6.017930354573764e-05,1.0,2.2978790070737887e-07,0.0,8.676954621478217e-07,0.9308333333333333,0.0,0.1,0.0008435735063489321
2019,3.017740482391673e-06,1.0,3.2575524073763518e-06,1.0,2.2964866275287932e-07,0.0,3.0632341463388e-07,0.9316666666666666,6.017048121975677e-07,0.1,0.000843002815425981
2020,2.0860119548160583e-05,1.0,4.461633216124028e-05,1.0,2.2956191969569772e-07,0.0,6.698826382489642e-07,0.9325,4.949006324750371e-06,0.1,0.0008424312794113801
2021,8.733341019251384e-06,1.0,1.9891975171049125e-05,1.0,2.2907202890110057e-07,0.0,4.715545856015524e-07,0.9333333333333333,1.6240732092498433e-09,0.1,0.0008418588997153376
2022,1.0779326657939237e-05,1.0,3.4627206332515925e-05,1.0,2.3014713690372446e-07,0.0,6.108192565079662e-07,0.9341666666666667,2.000678733793393e-09,0.1,0.0008412856777501437
2023,2.719125768635422e-05,1.0,7.645571895409375e-05,1.0,2.2909144092864153e-07,0.0,1.0141279744857457e-06,0.935,6.2147782955435105e-06,0.1,0.0008407116149301663
2024,1.858600512605335e-06,1.0,6.6659572439675685e-06,1.0,2.2913479824637761e-07,0.0,3.166478279581497e-07,0.9358333333333333,8.346277979853767e-08,0.1,0.0008401367126718484
2025,1.4020936760061886e-05,1.0,2.567288356658537e-05,1.0,2.2901404861386254e-07,0.0,5.487919452207279e-07,0.9366666666666666,5.480112474920418e-10,0.1,0.0008395609723937046
2026,3.594151621655328e-06,1.0,3.108804321527714e-06,1.0,2.297797010442082e-07,0.0,3.724910584423924e-07,0.9375,7.838818305572204e-07,0.1,0.0008389843955163162
2027,1.6155117918970063e-05,1.0,2.37000422202982e-05,1.0,2.3027746465231758e-07,0.0,6.651787316513946e-07,0.9383333333333334,3.7704285205109045e-06,0.1,0.0008384069834623297
2028,4.553301550913602e-06,1.0,1.2517081813712139e-05,1.0,2.296750096775213e-07,0.0,3.533825179147243e-07,0.9391666666666667,2.2115592912541615e-08,0.1,0.0008378287376564518
2029,6.190579370013438e-06,1.0,1.6213185517699458e-05,1.0,2.2929602039312158e-07,0.0,4.495006749039021e-07,0.94,9.013816359981774e-09,0.1,0.0008372496595254467
2030,7.444077709806152e-06,1.0,7.472974630218232e-06,1.0,2.286122224859355e-07,0.0,4.22628403384806e-07,0.9408333333333333,1.7697634575597476e-06,0.1,0.0008366697504981319
2031,5.788585440313909e-06,1.0,1.4174785064824391e-05,1.0,2.2982341363331216e-07,0.0,4.2572284542075067e-07,0.9416666666666667,1.399206553287513e-06,0.1,0.0008360890120053755
2032,7.541716513514984e-06,1.0,2.114319067914039e-05,1.0,2.2948152889057383e-07,0.0,4.569084808281332e-07,0.9425,6.834700805313787e-09,0.1,0.0008355074454800918
2033,1.649299747441546e-06,1.0,6.790653515054146e-06,1.0,2.292510714596574e-07,0.0,3.379984718776541e-07,0.9433333333333334,2.37768432498342e-07,0.1,0.0008349250523572385
2034,7.80191840021871e-06,1.0,1.7432592358090915e-05,1.0,2.2904090712927427e-07,0.0,4.6379074092328665e-07,0.9441666666666667,1.922586534419679e-06,0.1,0.0008343418340738128
2035,3.7521044760069344e-06,1.0,6.773056611564243e-06,1.0,2.293052858703959e-07,0.0,3.439124043325137e-07,0.945,3.993505259813901e-08,0.1,0.0008337577920688477
2036,4.5939978008391336e-06,1.0,9.191758181259502e-06,1.0,2.2927366671865457e-07,0.0,3.458143567058869e-07,0.9458333333333333,2.2073454175597362e-08,0.1,0.0008331729277834088
2037,5.905866146349581e-06,1.0,8.291860467579681e-06,1.0,2.2953454958951625e-07,0.0,4.306046719193546e-07,0.9466666666666667,1.3232437368060346e-06,0.1,0.0008325872426605906
2038,3.2368986921937903e-06,1.0,6.424823368433863e-06,1.0,2.294284087156484e-07,0.0,3.0844654475004063e-07,0.9475,6.903767939547834e-07,0.1,0.0008320007381455132
2039,5.105133823235519e-06,1.0,1.3885751286579762e-05,1.0,2.2929297927021253e-07,0.0,4.0245805621452746e-07,0.9483333333333334,1.82073840448993e-08,0.1,0.0008314134156853177
2040,1.71108376889606e-06,1.0,3.3018532121786848e-06,1.0,2.3004196236797725e-07,0.0,2.7640214739221847e-07,0.9491666666666667,3.0985296461949474e-07,0.1,0.0008308252767291642
2041,4.574509148369543e-06,1.0,9.228539965988602e-06,1.0,2.2922307607586845e-07,0.0,3.5070624448962917e-07,0.95,9.797836355573963e-07,0.1,0.0008302363227282271
2042,3.767881707972265e-06,1.0,3.925895271095214e-06,1.0,2.293382976858993e-07,0.0,3.412261548874085e-07,0.9508333333333333,2.6123128549215835e-08,0.1,0.0008296465551356918
2043,3.649221525847679e-06,1.0,7.061807536956621e-06,1.0,2.292247103241607e-07,0.0,3.77815894125888e-07,0.9516666666666667,2.392712694643251e-08,0.1,0.0008290559754067511
2044,6.889725227665622e-06,1.0,2.4312350433319807e-05,1.0,2.287431044578625e-07,0.0,4.672862132792943e-07,0.9525,1.4862274611004977e-06,0.1,0.0008284645849986019
2045,2.0792908799194265e-06,1.0,4.210886345390463e-06,1.0,2.295411434261041e-07,0.0,3.4501709933465463e-07,0.9533333333333334,5.054716822883165e-08,0.1,0.0008278723853704411
2046,7.845586878829636e-06,1.0,1.3057830983598251e-05,1.0,2.2904808361090545e-07,0.0,4.243629234679247e-07,0.9541666666666667,3.749936361430173e-09,0.1,0.0008272793779834628
2047,2.8102670057705836e-06,1.0,5.7209185797546525e-06,1.0,2.290481404543243e-07,0.0,3.1632265518055647e-07,0.955,5.402058604886406e-07,0.1,0.0008266855643008533
2048,2.56192925007781e-06,1.0,4.569893462758046e-06,1.0,2.2961884837968682e-07,0.0,3.052778936307732e-07,0.9558333333333333,5.006545507058036e-07,0.1,0.000826090945787789
2049,3.861893219436752e-06,1.0,8.516034540662076e-06,1.0,2.2940864141673956e-07,0.0,3.129098331555724e-07,0.9566666666666667,1.6813206826782334e-08,0.1,0.0008254955239114321
2050,1.8141431610274594e-06,1.0,2.5687772904348094e-06,1.0,2.2982480629707425e-07,0.0,2.4917687824199675e-07,0.9575,6.93528221518136e-08,0.1,0.0008248993001409269
2051,3.708003077917965e-06,1.0,7.177181032602675e-06,1.0,2.2915025965630775e-07,0.0,3.239037198454753e-07,0.9583333333333334,8.135931466313195e-07,0.1,0.0008243022759473961
2052,1.3684484656550921e-06,1.0,4.0972745409817435e-06,1.0,2.2905510377313476e-07,0.0,2.5303302209067624e-07,0.9591666666666666,1.2741986665787408e-07,0.1,0.0008237044528039377
2053,3.062044697799138e-06,1.0,7.4552694968588185e-06,1.0,2.2969035740061372e-07,0.0,2.9092771569594333e-07,0.96,2.895679074299551e-08,0.1,0.0008231058321856206
2054,2.0487154870352242e-06,1.0,1.8660897467270843e-06,1.0,2.2956763245929324e-07,0.0,2.6541738407104276e-07,0.9608333333333333,3.630304945545504e-07,0.1,0.000822506415569482
2055,3.1445333661395125e-06,1.0,5.87668182561174e-06,1.0,2.2966328572238126e-07,0.0,2.55774580182333e-07,0.9616666666666667,6.656998721155105e-07,0.1,0.0008219062044345227
2056,3.41042004947667e-06,1.0,1.1417982932471205e-05,1.0,2.291417047217692e-07,0.0,2.5043465257112985e-07,0.9625,1.5903211192380695e-08,0.1,0.0008213052002617041
2057,1.5268589095285279e-06,1.0,4.2472256609471515e-06,1.0,2.290984184583067e-07,0.0,2.9465169859577145e-07,0.9633333333333334,2.3117094372082647e-07,0.1,0.0008207034045339439
2058,1.5233065369102405e-06,1.0,4.178895778750302e-06,1.0,2.2983799397024995e-07,0.0,2.976503878926451e-07,0.9641666666666666,1.7269603347358498e-07,0.1,0.0008201008187361137
2059,2.8530512281577103e-06,1.0,3.046072379220277e-06,1.0,2.2981043912295718e-07,0.0,3.017768790414266e-07,0.965,2.5765281463918654e-08,0.1,0.0008194974443550339
2060,1.4722618288942613e-06,1.0,1.6875496839929838e-06,1.0,2.2920352193978033e-07,0.0,2.6279803932993673e-07,0.9658333333333333,1.7200184743160207e-07,0.1,0.0008188932828794706
2061,2.4921289423218695e-06,1.0,6.243369170988444e-06,1.0,2.2981068070748734e-07,0.0,2.753908177055564e-07,0.9666666666666667,5.133789500177954e-07,0.1,0.0008182883358001324
2062,1.7388861124345567e-06,1.0,2.458681137795793e-06,1.0,2.299502170899359e-07,0.0,2.5892779831337975e-07,0.9675,5.8434370231452704e-08,0.1,0.0008176826046096662
2063,2.5905753773258766e-06,1.0,4.768414783029584e-06,1.0,2.2933144805392658e-07,0.0,2.6449686174601084e-07,0.9683333333333334,3.163591699717472e-08,0.1,0.0008170760908026531
2064,3.2545774502068525e-06,1.0,3.6898168218613137e-06,1.0,2.297533541195662e-07,0.0,2.876071789614798e-07,0.9691666666666666,7.045879328870797e-07,0.1,0.0008164687958756059
2065,4.28449357059435e-06,1.0,7.920024472696241e-06,1.0,2.287296467784472e-07,0.0,3.0285514185379725e-07,0.97,9.16631279324065e-07,0.1,0.0008158607213269643
2066,3.061356437683571e-06,1.0,7.934969289635774e-06,1.0,2.2928739440430945e-07,0.0,2.734757629241358e-07,0.9708333333333333,1.9568510367662384e-08,0.1,0.0008152518686570919
2067,1.8480994867786649e-06,1.0,5.071285158919636e-06,1.0,2.2857537373965897e-07,0.0,2.098373954595445e-07,0.9716666666666667,6.28087519771725e-08,0.1,0.0008146422393682724
2068,1.8077273580274777e-06,1.0,5.103811872686492e-06,1.0,2.2968166035752802e-07,0.0,2.409210537734907e-07,0.9725,2.987872278481518e-07,0.1,0.000814031834964705
2069,1.6130417179738288e-06,1.0,3.1065587791090365e-06,1.0,2.2924744769170502e-07,0.0,2.100026676998823e-07,0.9733333333333334,2.437854789150151e-07,0.1,0.0008134206569525022
2070,2.0407969714142382e-06,1.0,5.494178367371205e-06,1.0,2.292276235493773e-07,0.0,2.654250863542984e-07,0.9741666666666666,3.5760038485932455e-08,0.1,0.0008128087068396848
2071,1.510616698396916e-06,1.0,1.5715528434157022e-06,1.0,2.3020730566258862e-07,0.0,2.2355017392783338e-07,0.975,2.0537903822059889e-07,0.1,0.0008121959861361792
2072,1.7258601019420894e-06,1.0,3.415108267290634e-06,1.0,2.2930896648176713e-07,0.0,2.0629136088246014e-07,0.9758333333333333,3.3530415066707064e-07,0.1,0.0008115824963538124
2073,1.6295291516144061e-06,1.0,2.6595755571179325e-06,1.0,2.2928583121029078e-07,0.0,2.1051759802048764e-07,0.9766666666666667,7.61999174869743e-08,0.1,0.0008109682390063096
2074,1.5875514236540766e-06,1.0,2.3744751160847954e-06,1.0,2.2920579567653476e-07,0.0,2.165189982861193e-07,0.9775,6.021888765417316e-08,0.1,0.0008103532156092898
2075,1.422130708306213e-06,1.0,3.2161831313715084e-06,1.0,2.291145051458443e-07,0.0,2.9668836987184477e-07,0.9783333333333334,2.0884517937247438e-07,0.1,0.0008097374276802621
2076,1.3521097343982547e-06,1.0,2.4603275505796773e-06,1.0,2.290973952767672e-07,0.0,2.25686576982298e-07,0.9791666666666666,1.2377606140034914e-07,0.1,0.000809120876738622
2077,1.501321094110608e-06,1.0,2.759808921837248e-06,1.0,2.2942796817915223e-07,0.0,2.3224535539156932e-07,0.98,2.631719553392031e-07,0.1,0.0008085035643056478
2078,1.2815128229703987e-06,1.0,2.466266323608579e-06,1.0,2.2899058649272774e-07,0.0,2.092540825060496e-07,0.9808333333333333,1.2586826869664947e-07,0.1,0.0008078854919044962
2079,1.4209645087248646e-06,1.0,3.863803158310475e-06,1.0,2.2932805165964965e-07,0.0,2.004567534186208e-07,0.9816666666666667,1.872239039357737e-07,0.1,0.0008072666610601998
2080,1.815564928620006e-06,1.0,3.1080935514182784e-06,1.0,2.2911953578841349e-07,0.0,2.4079767513285333e-07,0.9825,4.8979664768467046e-08,0.1,0.0008066470732996619
2081,1.3272651813167613e-06,1.0,3.3013607207976747e-06,1.0,2.2947301658859942e-07,0.0,2.2101458796441875e-07,0.9833333333333333,7.551659564342117e-08,0.1,0.0008060267301516538
2082,1.7684824342723005e-06,1.0,9.360016520076897e-06,1.0,2.294470107244706e-07,0.0,2.1353723411721148e-07,0.9841666666666666,2.917561801041302e-07,0.1,0.0008054056331468105
2083,2.792736268020235e-06,1.0,4.230151262163417e-06,1.0,2.2962395007652958e-07,0.0,2.2683353506636195e-07,0.985,1.9781671412033575e-08,0.1,0.0008047837838176273
2084,1.2401778803905472e-06,1.0,8.827463489069487e-07,1.0,2.298509400588955e-07,0.0,2.0712718651338946e-07,0.9858333333333333,1.202189139348775e-07,0.1,0.0008041611836984556
2085,1.836927708609437e-06,1.0,4.195042492938228e-06,1.0,2.2906780827725015e-07,0.0,2.5480150611656427e-07,0.9866666666666667,3.5080532256870356e-07,0.1,0.0008035378343254989
2086,1.5342857295763679e-06,1.0,2.816640517266933e-06,1.0,2.2986918679634982e-07,0.0,2.324590298030671e-07,0.9875,2.1550731332808937e-07,0.1,0.0008029137372368103
2087,2.6286797947250307e-06,1.0,5.638454695144901e-06,1.0,2.2946503008824948e-07,0.0,2.1699763408378203e-07,0.9883333333333333,2.4934783127150695e-08,0.1,0.000802288893972287
2088,1.557884843350621e-06,1.0,2.590908479760401e-06,1.0,2.2930190368697367e-07,0.0,2.395223930307111e-07,0.9891666666666666,1.8540352186846576e-07,0.1,0.000801663306073668
2089,5.9957556004519574e-06,1.0,1.0967669368255883e-05,1.0,2.2905732066647033e-07,0.0,3.256758418501704e-07,0.99,1.2173215964139672e-06,0.1,0.0008010369750845288
2090,2.0094430510653183e-06,1.0,1.4434417607844807e-06,1.0,2.294539314107169e-07,0.0,2.1719131382269552e-07,0.9908333333333333,4.302725642446603e-08,0.1,0.0008004099025502792
2091,6.116895292507252e-06,1.0,1.3249174116936047e-05,1.0,2.3031724083466543e-07,0.0,3.215115782495559e-07,0.9916666666666667,4.422787469593459e-09,0.1,0.0007997820900181583
2092,5.092356786917662e-06,1.0,7.671812454645988e-06,1.0,2.2986182557360735e-07,0.0,2.978036945933127e-07,0.9925,1.111321353164385e-06,0.1,0.0007991535390372308
2093,3.8046855479478836e-06,1.0,1.1270555660303216e-05,1.0,2.2941904376239108e-07,0.0,2.996807211275154e-07,0.9933333333333333,8.229740160459187e-07,0.1,0.0007985242511583841
2094,1.1213414836674929e-05,1.0,3.190925417584367e-05,1.0,2.2925081566427252e-07,0.0,4.4910612473358924e-07,0.9941666666666666,1.9091779546176468e-10,0.1,0.0007978942279343234
2095,1.648429474698787e-06,1.0,3.6717522107210243e-06,1.0,2.3008107064015348e-07,0.0,2.0072133111170842e-07,0.995,3.123237206636986e-07,0.1,0.0007972634709195684
2096,6.604039754165569e-06,1.0,1.727598464640323e-05,1.0,2.294832768257038e-07,0.0,3.451903580753424e-07,0.9958333333333333,1.3506216873793164e-06,0.1,0.0007966319816704493
2097,4.722931862488622e-06,1.0,2.0372106519062072e-05,1.0,2.2938216659440513e-07,0.0,3.0777189863329113e-07,0.9966666666666667,4.679292953113645e-09,0.1,0.0007959997617451028
2098,1.4293027561507188e-06,1.0,3.3689725569274742e-06,1.0,2.2950769107410451e-07,0.0,2.1205693201409304e-07,0.9975,1.6293110149945278e-07,0.1,0.0007953668127034692
2099,2.2090523543738527e-06,1.0,4.155230726610171e-06,1.0,2.296071528462562e-07,0.0,1.9708329546119785e-07,0.9983333333333333,4.1416231510993384e-07,0.1,0.0007947331361072871
2100,1.4954302969272248e-06,1.0,1.5937490616124705e-06,1.0,2.2952696099309833e-07,0.0,2.2906783669895958e-07,0.9991666666666666,6.988662448748073e-08,0.1,0.0007940987335200904
2101,1.8494911273592152e-06,0.9993927416506476,4.7852477109699976e-06,1.001300405030765,2.290718725816987e-07,0.0,2.2747144612367265e-07,0.9984751858185876,4.640399353661451e-08,0.1,0.0007934636065072046
2102,1.8036324718195829e-06,0.9992538492494846,5.679393325408455e-06,1.001363362174459,2.2997335236141225e-07,0.0,2.7266122515356983e-07,0.9985527835793889,3.382867816981161e-07,0.1,0.0007928277566357425
2103,1.3068367934465641e-06,0.9990461790438933,6.493552973552141e-06,1.0015668896490468,2.2947892830416095e-07,0.0,2.624233275128063e-07,0.998558585490381,1.2027200568809349e-07,0.1,0.0007921911854746001
2104,1.5308141882997006e-06,0.9993755102809365,3.079521320614731e-06,1.0012259996627353,2.294849537065602e-07,0.0,2.359611670499362e-07,0.998571800102937,7.529203571721155e-08,0.1,0.0007915538945944539
2105,1.9017878685190226e-06,0.9993396457356171,4.547475327854045e-06,1.0014428673933355,2.2980711378295382e-07,0.0,2.548710824612499e-07,0.998392449470873,4.8602689872723204e-08,0.1,0.0007909158855677554
2106,2.755989271463477e-06,0.9996891836693282,4.103108039998915e-06,1.0012216301991743,2.2906600349870132e-07,0.0,2.581128626388818e-07,0.9982657979810861,4.970263489667559e-07,0.1,0.0007902771599687288
2107,1.5465006981685292e-06,0.999443543819516,4.451949735084781e-06,1.0014944013270102,2.296726648864933e-07,0.0,2.103752763105149e-07,0.998240312655975,2.149681392893399e-07,0.1,0.0007896377193733659
2108,6.791993655497208e-06,1.0004301796952435,1.5961737517500296e-05,1.0013841704882123,2.2982591474374203e-07,0.0,3.4395594639136107e-07,0.9973655502816984,1.795251725056346e-09,0.1,0.0007889975653594227
2109,1.750861770233314e-06,1.0003080840808558,2.8983361062273616e-06,1.0011967449604542,2.2988800196799275e-07,0.0,2.251140074349678e-07,0.9976767108028141,2.8136497576269903e-07,0.1,0.0007883566995064157
2110,3.9613178159925155e-06,0.9995925369867051,1.2975570825801697e-05,1.0028237839101888,2.2943095245864242e-07,0.0,2.4568061007812503e-07,0.9967668550490818,8.188699212041683e-07,0.1,0.0007877151233956178
2111,4.053131306136493e-06,0.9995787721772058,1.1299405741738155e-05,1.0026695301462363,2.2962393586567487e-07,0.0,2.924633974998869e-07,0.9969365064538177,5.971937167004171e-09,0.1,0.000787072838610054
2112,1.3015743434152682e-06,0.9994673207975728,2.9514305879274616e-06,1.0025015503356858,2.291788234742853e-07,0.0,1.9990517330370494e-07,0.9972175672112555,9.323888150447601e-08,0.1,0.0007864298467344982
2113,4.927874215354677e-06,1.0006192196796433,7.519196060457034e-06,1.002122433513905,2.2948938749323133e-07,0.0,3.06116987758287e-07,0.9964464114607152,9.871826023299946e-07,0.1,0.0007857861493554692
2114,1.2949118399774306e-06,1.000433391404177,2.657986669873935e-06,1.002012163733932,2.2934254673145915e-07,0.0,2.211191372225585e-07,0.9967441325749105,1.7863995083189366e-07,0.1,0.0007851417480612261
2115,3.803994331974536e-06,0.999893466295243,1.2238519047969021e-05,1.0034612766734372,2.2999604709639243e-07,0.0,2.854722538359056e-07,0.995836564558601,8.074210633424173e-09,0.1,0.000784496644441765
2116,3.1878230402071495e-06,0.9999281382143442,8.713227543921676e-06,1.0033703138635695,2.2944661282053858e-07,0.0,2.437639636809763e-07,0.9958944720256205,6.099950269344845e-07,0.1,0.000783850840088815
2117,1.3675548871106002e-06,0.9997875220334804,3.014805542989052e-06,1.0031556772480696,2.2872418981023657e-07,0.0,2.145552429055897e-07,0.9962513381667014,2.3019519801437127e-07,0.1,0.0007832043365958341
2118,2.9684797482332215e-06,1.0005251479102946,3.709977590915514e-06,1.0028290191099176,2.2907144625605724e-07,0.0,2.319866752031885e-07,0.9958419805476801,1.8594796813431458e-08,0.1,0.0007825571355580056
2119,1.3259162869871943e-06,0.9999802955464308,6.7273190325067844e-06,1.003619362049403,2.2885524231242016e-07,0.0,2.182536888994946e-07,0.9955980968730703,8.184917277276327e-08,0.1,0.0007819092385722335
2120,5.5513010011054575e-06,1.0013171197115447,1.7616659533814527e-05,1.0031063284963788,2.2903799390405766e-07,0.0,3.4617971778061474e-07,0.9947759099497975,1.2985964303879882e-06,0.1,0.0007812606472371393
2121,3.4121444514312316e-06,1.0012937218138234,5.6478415899618994e-06,1.0028318982947206,2.2906499452801654e-07,0.0,3.08325724063252e-07,0.9950753385322199,1.3456224579044829e-08,0.1,0.0007806113631530577
2122,3.537693828548072e-06,1.0012816642451887,7.2760467446642e-06,1.0031031922388807,2.296979033644675e-07,0.0,2.2735825666586607e-07,0.9948176994403718,1.0137054751169217e-08,0.1,0.0007799613879220325
2123,2.3212498945213156e-06,1.0011193295796668,4.025029738841113e-06,1.0028565193178622,2.2952092137984437e-07,0.0,2.654533943768911e-07,0.9952283011176192,4.976790251021157e-07,0.1,0.0007793107231478131
2124,2.1034197743574623e-06,1.0009772791838816,4.463734057935653e-06,1.0029064009384825,2.2946417743696657e-07,0.0,3.02200191981683e-07,0.995322060796904,4.245489435561467e-07,0.1,0.0007786593704358501
2125,2.0099689663766185e-06,1.0011641234517341,2.05128094421525e-06,1.0026249706045667,2.3029784301797918e-07,0.0,2.619210590637522e-07,0.9954182345868697,4.1773592585059305e-08,0.1,0.0007780073313932914
2126,3.34179730998585e-06,1.0003423296361287,8.962048013927415e-06,1.0043400675316747,2.2956449186040118e-07,0.0,2.83431603520512e-07,0.9945265160254093,1.9850171284474527e-08,0.1,0.0007773546076289788
2127,3.0784797218075255e-06,1.0004125449078325,3.062442374357488e-06,1.0039319766281087,2.295120680173568e-07,0.0,3.22508384442699e-07,0.9948659730397983,6.416680093934701e-07,0.1,0.0007767012007534433
2128,3.0498122214339674e-06,1.0002689595634167,4.501296189118875e-06,1.0043098243492181,2.292077851961949e-07,0.0,2.8001250029774383e-07,0.9946332888844481,7.043682330731826e-07,0.1,0.0007760471123789011
2129,2.9459195047820685e-06,1.0002270596178937,4.639695362129714e-06,1.0043256749943228,2.2932384524665395e-07,0.0,2.8735976798088814e-07,0.9946609132513449,1.7136663643668726e-08,0.1,0.0007753923441192504
2130,1.8445343812345527e-06,1.000242811650486,1.313641291744716e-06,1.004038250720675,2.2969298640873603e-07,0.0,2.4250968522210314e-07,0.9949341574103211,5.758100840580482e-08,0.1,0.000774736897590067
2131,2.005058831855422e-06,0.999403080515934,5.120828518556664e-06,1.0057133765155792,2.2976954028308683e-07,0.0,2.578322551016754e-07,0.9941003315256259,3.953833243031113e-07,0.1,0.0007740807744085998
2132,1.201849727294757e-06,0.9993010350535179,3.3612936931604054e-06,1.0056529312921383,2.3002553461992647e-07,0.0,2.192835779624147e-07,0.9942643878511574,1.225183439146349e-07,0.1,0.0007734239761937675
2133,1.7584438865014818e-06,0.9995436708143387,3.925868895748863e-06,1.0055672695074158,2.2950349887196353e-07,0.0,2.336487625598238e-07,0.9941089763850198,4.454410884591198e-08,0.1,0.0007727665045661546
2134,1.6869928458618233e-06,0.9995988564110306,3.1902509363135323e-06,1.005467774291413,2.2956484713176906e-07,0.0,2.1981306019824842e-07,0.9941548453908339,2.6404796926726704e-07,0.1,0.000772108361148007
2135,1.7873152273750748e-06,0.9994135152372265,5.016445811634185e-06,1.005818927103965,2.2945117450490216e-07,0.0,2.3583817210237612e-07,0.9939905900213758,3.136721602459147e-07,0.1,0.000771449547563228
2136,3.247906761316699e-06,1.0000306595149149,4.476134563446976e-06,1.0054495462092092,2.2915322972494323e-07,0.0,2.4539411924706656e-07,0.9937443797967505,1.1795792786983839e-08,0.1,0.0007707900654373745
2137,1.3497833606379572e-06,0.9997895309090759,3.4620384212757926e-06,1.0055258702971797,2.2934656840334355e-07,0.0,2.048832214995855e-07,0.993910734368163,8.783359817243763e-08,0.1,0.0007701299163976535
2138,2.0646905340981903e-06,1.0002848243592504,1.5201068208625657e-06,1.0050173758811045,2.2897384610587324e-07,0.0,2.3172603391685698e-07,0.9939254822890502,4.0943345425148436e-07,0.1,0.0007694691020729168
2139,1.7293593828071607e-06,1.0001476312918771,1.71197245890653e-06,1.0051598655450278,2.296240495525126e-07,0.0,2.2460982052052714e-07,0.993921729555124,3.455389787632157e-07,0.1,0.0007688076240936584
2140,1.5352275113400538e-06,0.9998533013066366,2.8957977065147134e-06,1.0057279603438336,2.3000627891178738e-07,0.0,2.0266665501367243e-07,0.9936495055180011,6.529931795284938e-08,0.1,0.0007681454840920089
2141,1.6754779608163517e-06,0.9999587588386432,2.353651552766678e-06,1.0055537154417067,2.2903157059772639e-07,0.0,2.1241753245249129e-07,0.9937198305845519,5.416695003646055e-08,0.1,0.0007674826837017334
2142,1.6953836166067049e-06,1.0000619471923964,1.9835895272990456e-06,1.0054746087882107,2.2974205649006763e-07,0.0,1.8667378753889352e-07,0.9936972835068697,3.037357885204983e-07,0.1,0.0007668192245582258
2143,1.941927166626556e-06,0.9991945514022222,8.260652975877747e-06,1.007208220684583,2.298447725479491e-07,0.0,2.0063245642631955e-07,0.9928325989555361,3.6646051171373983e-07,0.1,0.0007661551082985056
2144,6.134666818979895e-06,1.0004481688486984,1.0488850421097595e-05,1.0065378610052171,2.2955055101192556e-07,0.0,2.905926521634683e-07,0.9922508696817123,5.074725528686486e-09,0.1,0.0007654903365612138
2145,1.5091493423824431e-06,1.0002168003666092,5.217913439992117e-06,1.006517178505405,2.2935654442335363e-07,0.0,2.0974374592697131e-07,0.992504446101442,6.116506057196602e-08,0.1,0.0007648249109866083
2146,6.5092172008007765e-06,1.001634921353422,1.3549176401284058e-05,1.00594371241673,2.2937197741157433e-07,0.0,3.1540685085929e-07,0.9916613135917821,1.3831332807967556e-06,0.1,0.0007641588332165608
2147,1.5735570286778966e-06,1.0014499316255119,3.2743325846240623e-06,1.0057514249319348,2.2934327148504963e-07,0.0,2.3711007202109613e-07,0.992040110149711,7.619752295795479e-08,0.1,0.0007634921048945518
2148,5.8163368521491066e-06,1.001076417852323,1.6351372323697433e-05,1.0070560264673218,2.2882278472025064e-07,0.0,3.1400122679769993e-07,0.9911105386955654,2.724357628380858e-09,0.1,0.0007628247276656674
2149,3.880964868585579e-06,1.0009767041233064,9.084203156817239e-06,1.0068529641926836,2.2977124558565265e-07,0.0,3.212105923466879e-07,0.9914148279761731,8.958473358688934e-07,0.1,0.0007621567031765942
2150,3.8012653931218665e-06,1.001052468041834,6.9524053287750576e-06,1.0067119012201633,2.292799621272934e-07,0.0,3.066665499318333e-07,0.9914816372820777,8.153028829838149e-07,0.1,0.0007614880330756165
2151,5.27715019416064e-06,1.0010991980449875,1.126544793805806e-05,1.007026359771077,2.2951752498556743e-07,0.0,2.674695736004651e-07,0.9911219559609292,5.206629349885361e-09,0.1,0.0007608187190126115
2152,1.297588596571586e-06,1.000917859139005,2.533704900997691e-06,1.006817160519854,2.2990323600424745e-07,0.0,2.0370242737044464e-07,0.9915139983380943,8.999811029752891e-08,0.1,0.0007601487626390445
2153,5.748732291976921e-06,1.0005044627950979,1.4759190889890306e-05,1.008188589456147,2.288250868787145e-07,0.0,2.9918567179265665e-07,0.9905574669587327,1.3150864788258332e-06,0.1,0.0007594781656079667
2154,2.279238742630696e-06,1.0004081004406253,5.699252596969018e-06,1.0080701794500553,2.2940056965126132e-07,0.0,2.0271522771508899e-07,0.9907737375313963,2.3162296969303497e-08,0.1,0.0007588069295740096
2155,3.3975422866205918e-06,1.0006593996291944,5.394590516516473e-06,1.0077825855997364,2.2929420140371803e-07,0.0,2.607952751532139e-07,0.9908115274103195,1.1634938346105628e-08,0.1,0.0007581350561933813
2156,3.6774820273421938e-06,1.0005413428104044,7.740404726064298e-06,1.0080270260115902,2.2917419073564815e-07,0.0,2.748442398115003e-07,0.9906866360454898,8.407873792748433e-07,0.1,0.0007574625471238627
2157,1.3445412605506135e-06,1.0004439864062031,1.206001343234675e-06,1.0077438563200232,2.2911810049208725e-07,0.0,2.1364432711834525e-07,0.991068651386528,2.709782620513579e-07,0.1,0.0007567894040248028
2158,2.4230419057857944e-06,0.9995300347195382,6.3833499552856665e-06,1.0096041031554976,2.2941360100503516e-07,0.0,2.1256005311443005e-07,0.9901238425059872,2.8320016554062022e-08,0.1,0.0007561156285571154
2159,1.140911876973405e-06,0.9993730826204992,1.6458137679364881e-06,1.0092659735156662,2.289207117200931e-07,0.0,2.1956385864996264e-07,0.9906204075420759,2.073691405257705e-07,0.1,0.0007554412223832746
2160,2.204791599069722e-06,0.9989886349845972,5.2408527153602336e-06,1.010399063146122,2.2994102266693517e-07,0.0,2.1366612656947837e-07,0.9898732458796293,4.964913955518568e-07,0.1,0.0007547661871673105
2161,1.997930439756601e-06,0.9988975922380201,4.2034994294226635e-06,1.010197291119695,2.2879505934270128e-07,0.0,2.6637366090653813e-07,0.990167538025557,3.308116447442444e-08,0.1,0.0007540905245748055
2162,1.2210712156957015e-06,0.9988906272996766,2.3924360448290827e-06,1.010127942057589,2.296360150921828e-07,0.0,1.8044167404696054e-07,0.9902453264456613,1.254409909279275e-07,0.1,0.0007534142362728898
2163,1.1671194215523428e-06,0.9988032182330333,2.2653621272183955e-06,1.0100108943504744,2.293826923960296e-07,0.0,2.2033407276467187e-07,0.990451254691709,2.1382567183536594e-07,0.1,0.0007527373239302376
2164,2.2322228687698953e-06,0.9993153249071803,2.3351985873887315e-06,1.0096165687848324,2.2952127665121225e-07,0.0,2.9883204888392356e-07,0.990334942114021,5.140959729033057e-07,0.1,0.0007520597892170626
2165,1.3581120583694428e-06,0.99867237009256,5.714538929169066e-06,1.010841324105929,2.2903081742242648e-07,0.0,2.1754843260168855e-07,0.9897546072027684,8.344507307356253e-08,0.1,0.0007513816338051147
2166,1.292370711780677e-06,0.9988271857309984,3.1189531455311226e-06,1.0105888199925919,2.2953028633310169e-07,0.0,1.928011101881566e-07,0.9898537583431662,1.1338295280438615e-07,0.1,0.0007507028593676747
2167,1.7648397943048622e-06,0.9989497002765703,4.2262895476596896e-06,1.0106779690638694,2.299695580632033e-07,0.0,1.9112312088509498e-07,0.9896435544679473,3.655629825516371e-07,0.1,0.0007500234675795512
2168,1.097785570891574e-06,0.9986622682491689,4.804975560546154e-06,1.0108486076271694,2.2941293309486355e-07,0.0,2.0202745076858264e-07,0.9897618047556559,1.524364847682591e-07,0.1,0.0007493434601170757
2169,5.142281224834733e-06,1.0003770182827258,9.817696081881877e-06,1.0100237150832814,2.2938958466056647e-07,0.0,2.670461185516615e-07,0.988873401177404,3.3042759639556607e-09,0.1,0.0007486628386580994
2170,1.2907102018289152e-06,1.0002149730000642,2.6548273126536515e-06,1.009859943265775,2.2947884303903265e-07,0.0,1.8519372702030523e-07,0.9892006692826196,1.350286993329064e-07,0.1,0.0007479816048819877
2171,7.431604899466038e-06,1.0009556444482897,1.4324766198114958e-05,1.0100580641798416,2.291488101491268e-07,0.0,3.9020540043566143e-07,0.9882633250248165,1.7711827240418643e-06,0.1,0.0007472997604696174
2172,1.9874430563504575e-06,1.0008611521628665,4.3172226469323505e-06,1.0099785841683073,2.2923595111024042e-07,0.0,1.9773693793467828e-07,0.9884387425315018,3.257196112826932e-08,0.1,0.0007466173071033717
2173,2.905155497501255e-06,1.0007066600826915,8.91893341758987e-06,1.0105140369824341,2.2913874886398844e-07,0.0,2.204815103823421e-07,0.9880592241183035,1.210684175134702e-08,0.1,0.0007459342464671367
2174,3.7519910165428882e-06,1.000673811914109,1.3003460480831563e-05,1.0106439366267648,2.2932610477255366e-07,0.0,2.6419931486998394e-07,0.9879636120801099,9.023757456816384e-07,0.1,0.0007452505802462964
2175,1.1493581268950948e-06,1.000525528398925,4.283956059225602e-06,1.0104979029276373,2.2961586410019663e-07,0.0,1.8647085653356044e-07,0.9882593658545401,1.7754706505002105e-07,0.1,0.0007445663101277292
2176,6.217210284376051e-06,1.002305772109505,1.1208646355953533e-05,1.0096511325122008,2.296677052981977e-07,0.0,2.509522118998575e-07,0.9873273262478316,2.6365227778768485e-09,0.1,0.0007438814377998036
2177,1.3502278761734487e-06,1.002097293818924,4.318208993936423e-06,1.0095759325694733,2.2972113811192685e-07,0.0,1.6973200445136172e-07,0.9876124353036321,2.2464189441961935e-07,0.1,0.0007431959649523742
2178,2.41803036260535e-06,1.0025481300034154,4.323695520724868e-06,1.0092190033366495,2.2955299527893658e-07,0.0,2.1936706673386652e-07,0.9875199563142423,4.620251559117605e-07,0.1,0.000742509893276777
2179,2.174430846935138e-06,1.00247821035414,4.152714154770365e-06,1.0091964519839662,2.29391204698004e-07,0.0,2.2679233779854258e-07,0.9876138524239819,3.099049195043335e-08,0.1,0.0007418232244658254
2180,1.8380735582468333e-06,1.0025038602550218,2.969332172142458e-06,1.0090838416775942,2.2994458959146868e-07,0.0,1.9904004489035287e-07,0.9877022350884627,5.206338471452909e-08,0.1,0.0007411359602138069
2181,2.019577095779823e-06,1.0025262863180486,2.592396640466177e-06,1.0088862927817408,2.295523700013291e-07,0.0,2.4162537215488555e-07,0.9878787773371843,3.865661710733548e-07,0.1,0.0007404481022164775
2182,2.413128186162794e-06,1.0022814276321061,5.176797913009068e-06,1.0095665134357605,2.2943444832890236e-07,0.0,2.0742399442497117e-07,0.9874448319475894,5.070185125077842e-07,0.1,0.0007397596521710582
2183,2.834381803040742e-06,1.0024188967538106,4.451151653483976e-06,1.0093825848379148,2.2946070998841606e-07,0.0,2.2102011598690297e-07,0.9874927051704729,1.9562172326459404e-08,0.1,0.0007390706117762314
2184,1.4761033071408747e-06,1.002252376896244,3.0745293315703748e-06,1.0093587669029647,2.302372905660377e-07,0.0,1.882804951947037e-07,0.9876844538836521,7.236934607135481e-08,0.1,0.0007383809827321356
2185,1.538979176984867e-06,1.0024791407150633,1.2499866670623305e-06,1.0089920719742111,2.2936069399293046e-07,0.0,1.780306035925605e-07,0.9878257930938183,1.7749727021509898e-07,0.1,0.0007376907667403621
2186,1.361447630188195e-06,1.0022539874531082,1.8130737089450122e-06,1.0093477825409973,2.2966784740674484e-07,0.0,1.722378044632933e-07,0.9876966410744271,1.743743069937409e-07,0.1,0.00073699996550395
2187,1.481273670833616e-06,1.0016753889585897,4.902610271528829e-06,1.010477568220891,2.294906664701557e-07,0.0,1.875529420658495e-07,0.9871468563653263,5.622527510240616e-08,0.1,0.0007363085807273829
2188,2.050358034466626e-06,1.0021217022620208,2.5950446342903888e-06,1.0100739916313703,2.2935375909582945e-07,0.0,1.771335575995181e-07,0.9871055193241399,3.575136702238524e-07,0.1,0.0007356166141165837
2189,2.3329578198172385e-06,1.001368740733738,8.895701284927782e-06,1.0115507677658382,2.2988493242337427e-07,0.0,2.0265458999801922e-07,0.986383101592733,4.3308645558681746e-07,0.1,0.0007349240673789116
2190,6.285340532485861e-06,1.002435834985314,9.173913895210717e-06,1.0109230767947412,2.285857760853105e-07,0.0,2.7280452741251793e-07,0.9859450923946793,1.6113148593177584e-09,0.1,0.0007342309422231566
2191,2.7376809157431126e-06,1.0023362486035536,3.5569214560382534e-06,1.010765268861103,2.289109914954679e-07,0.0,2.0287860991174966e-07,0.986203878005733,1.4712414397877183e-08,0.1,0.0007335372403595361
2192,3.36250150212436e-06,1.0018612958402024,8.969382179202512e-06,1.0116813226851042,2.2991966375229822e-07,0.0,2.509004275452753e-07,0.985764165459538,7.419223493343452e-07,0.1,0.0007328429634996906
2193,1.1202648693142692e-06,1.0016562544130632,3.6420497053768486e-06,1.011518895167118,2.299539403338713e-07,0.0,2.1353773149712652e-07,0.9861330201434779,1.0561271324149857e-07,0.1,0.0007321481133566793
2194,3.057255071325926e-06,1.0028124649941927,3.8024975310690934e-06,1.0108974822662546,2.293876519843252e-07,0.0,2.431222014820378e-07,0.9855996054319341,9.274399914716014e-09,0.1,0.0007314526916449754
2195,1.1667954140648362e-06,1.0024987092475368,3.891482720064232e-06,1.0111925020088592,2.2857557269162498e-07,0.0,1.803065430294737e-07,0.9856197216401534,1.1424514667623953e-07,0.1,0.0007307567000804636
2196,2.3387951841868926e-06,1.0032437888948285,3.016491746166139e-06,1.0106829309076386,2.2921562958799768e-07,0.0,2.0576426607021858e-07,0.985385590539222,4.909126118946006e-07,0.1,0.0007300601403804333
2197,1.038928871821554e-06,1.003122185525199,1.469787548558088e-06,1.0105858381886967,2.298082222296216e-07,0.0,1.5259247732046788e-07,0.9856056613194203,1.0917299420043491e-07,0.1,0.0007293630142635766
2198,2.0681691239587963e-06,1.0032931337155582,3.1351601137430407e-06,1.0109230906881455,2.2891954643000645e-07,0.0,1.6214549702908698e-07,0.9850988325732308,2.6803158803545557e-08,0.1,0.0007286653234499827
2199,1.176559862869908e-06,1.0026752403900265,6.909817784617189e-06,1.011903699967455,2.2888966100254038e-07,0.0,1.6499051014307042e-07,0.984737485820556,1.6576213113239646e-07,0.1,0.0007279670696611345
2200,1.2657502566071344e-06,1.002959283814315,4.3629765400510223e-07,1.011348165873874,2.2983530811870878e-07,0.0,1.7144110131539492e-07,0.9850103429539189,5.4430177698350235e-08,0.1,0.0007272682546199037
2201,1.4069612461753422e-06,1.0019774354387168,2.581459739303682e-06,1.013281259189226,2.296887373631762e-07,0.0,1.6562347582294024e-07,0.9840604617466738,5.981308959235321e-08,0.1,0.000726568880050547
2202,1.5132982298382558e-06,1.002018887503083,2.354873004151159e-06,1.0131433764041224,2.296912668953155e-07,0.0,1.8146843672184332e-07,0.984158253473818,2.7904818011847965e-07,0.1,0.0007258689476787017
2203,1.1630654626060277e-06,1.0019724812537403,1.7349027530144667e-06,1.013045308818481,2.2998830218057265e-07,0.0,1.6703019412034337e-07,0.9843040855945577,1.6008817738111247e-07,0.1,0.0007251684592313813
2204,1.193424850498559e-06,1.0019227703704043,1.825696813284594e-06,1.0129994526647403,2.285553080128011e-07,0.0,1.8990475325608713e-07,0.9844010082021765,1.4529287284403836e-07,0.1,0.0007244674164369713
2205,1.1747008556994842e-06,1.0019916721580662,1.4120947753326618e-06,1.0128426550481076,2.2912686858944653e-07,0.0,1.8440485405335494e-07,0.9844902568919043,8.844798315976732e-08,0.1,0.0007237658210252251
2206,1.0564403964963276e-06,1.0015342828068818,3.0309327030408895e-06,1.0137214861531845,2.2968409041368432e-07,0.0,1.6677954306487663e-07,0.9840701652943998,1.2966353324372903e-07,0.1,0.0007230636747272598
2207,1.9768970105360495e-06,1.0022265163861905,2.0777827103302116e-06,1.013212538020568,2.3033972240682488e-07,0.0,1.8411425628528377e-07,0.9838882273051333,3.848641085824056e-07,0.1,0.0007223609792755515
2208,1.3016644970775815e-06,1.0016848789644994,4.294755399314454e-06,1.0140828159453368,2.2912604435987305e-07,0.0,1.8116267597179103e-07,0.9835609315659138,2.391607267782092e-07,0.1,0.0007216577364039314
2209,5.56196209799964e-06,1.003198192588387,9.511395546724088e-06,1.0133792299281799,2.2933576815376e-07,0.0,2.767014848359395e-07,0.9827525460348584,1.909030489244401e-09,0.1,0.0007209539478475813
2210,1.1327688298479188e-06,1.003000240202501,3.094674639214645e-06,1.013267058343545,2.2940066912724433e-07,0.0,1.8291993342245405e-07,0.9830640093982453,1.0147930140647077e-07,0.1,0.0007202496153430297
2211,9.243787644663826e-06,1.00491821794247,1.368629000353394e-05,1.0123145893794456,2.287710572090873e-07,0.0,3.689796983508131e-07,0.9820998373377952,2.043273070739815e-06,0.1,0.0007195447406281469
2212,1.116010821533564e-06,1.0047915807248327,1.916589098982513e-06,1.012191104962206,2.294687817538943e-07,0.0,1.6258479718089802e-07,0.9823512930159977,1.0732412647485035e-07,0.1,0.0007188393254421411
2213,4.52677386419964e-06,1.003805002034507,1.6913578292587772e-05,1.014146073892538,2.290907588076152e-07,0.0,2.4313106905538007e-07,0.9813842341525641,3.711974061459955e-09,0.1,0.0007181333715255543
2214,3.816059688688256e-06,1.0037897376668126,1.253925893252017e-05,1.0140203956486162,2.2938655774851213e-07,0.0,2.3145769034726982e-07,0.9815265054793315,8.051728173086303e-07,0.1,0.0007174268806202576
2215,1.2119323855586117e-06,1.0036334334507506,2.3171758130047238e-06,1.0137386978660008,2.2950285938350135e-07,0.0,1.8913141275334056e-07,0.9819658335370581,1.5243116990859562e-07,0.1,0.0007167198544694469
2216,4.041225110995583e-06,1.0035794624264796,9.352977031085175e-06,1.0146394074240164,2.2898910856383736e-07,0.0,2.4033337808759825e-07,0.9811204184115708,4.38567182570182e-09,0.1,0.0007160122948176392
2217,1.5288846952898894e-06,1.0034383629056158,2.942437504316331e-06,1.0144239117453044,2.289881990691356e-07,0.0,1.9235181980548077e-07,0.9814783343739109,2.3771630708324665e-07,0.1,0.0007153042034106675
2218,3.7001473174314015e-06,1.0038790591320055,6.199857125466224e-06,1.0144557289567988,2.2942799660086166e-07,0.0,2.5856473939711577e-07,0.9810071390585859,6.895002115925308e-07,0.1,0.0007145955819956767
2219,1.4734207525179954e-06,1.0037704053334364,2.5099357117142063e-06,1.014332852893372,2.2975959268478618e-07,0.0,1.766376556133764e-07,0.9812399844082144,6.285478093559504e-08,0.1,0.00071388643232112
2220,3.3571077437954955e-06,1.0035643025367864,7.942453521536663e-06,1.0152524615294578,2.2972447766278492e-07,0.0,1.982981245873816e-07,0.9805277914267513,1.0327630306505853e-08,0.1,0.0007131767561367538
2221,2.4423011382168625e-06,1.0035969889267278,8.531262665201211e-07,1.0147809794278515,2.300155585999164e-07,0.0,2.035946096157204e-07,0.980967897371986,5.109441190143116e-07,0.1,0.0007124665551936335
2222,6.293043043115176e-06,1.0025927110246118,8.163296115526464e-06,1.0167503466118026,2.292163827632976e-07,0.0,2.8783645689145487e-07,0.9800041157045634,1.342707832918677e-06,0.1,0.0007117558312441092
2223,1.9449910269031534e-06,1.002389114354348,4.454550435184501e-06,1.0167344946726253,2.2923870801605517e-07,0.0,2.0062533678810723e-07,0.9802248693144957,3.5096796580091905e-08,0.1,0.0007110445860418215
2224,2.986988192787976e-06,1.0025328961128586,6.379085334629053e-06,1.0167391492323705,2.2946444744320615e-07,0.0,2.3923442427076225e-07,0.9800777353880351,1.3433671064433383e-08,0.1,0.0007103328213416973
2225,3.022470082214568e-06,1.0026916476634866,4.395799805934075e-06,1.0165498773227966,2.2944365696275781e-07,0.0,2.0419220447820408e-07,0.980109555535295,5.829336942042573e-07,0.1,0.0007096205388999455
2226,1.8192293964602868e-06,1.0025632431031584,2.974294147861656e-06,1.0164628928012363,2.2947229183500895e-07,0.0,1.8311166627427156e-07,0.9803262418072209,3.774777894705039e-07,0.1,0.0007089077404740518
2227,3.6316600926511455e-06,1.0031564650591605,2.908685473812511e-06,1.0160078267576111,2.294968339811021e-07,0.0,2.4449064994769287e-07,0.9801893804917986,7.828582226920844e-09,0.1,0.0007081944278227759
2228,4.055574208905455e-06,1.0027468475579577,6.627079528698232e-06,1.0168851928367606,2.2969746282797132e-07,0.0,2.277476340850626e-07,0.979722923922907,6.2203593387266665e-09,0.1,0.0007074806027061456
2229,3.705510380314081e-06,1.00249298286487,1.0019863111665472e-05,1.0172241981091241,2.2926010956325626e-07,0.0,2.4325538561242865e-07,0.9796390727699601,7.4462957400101e-07,0.1,0.0007067662668854535
2230,1.4699151051900117e-06,1.0023227046200283,5.376708941184916e-06,1.0171527096606048,2.2913783936928667e-07,0.0,1.8534557000293717e-07,0.9798821263120874,2.5048512952707824e-07,0.1,0.0007060514221232519
2231,7.508925591537263e-06,1.0040201641766087,1.3936657524027396e-05,1.0163414912136315,2.2936397670036968e-07,0.0,2.9190218242547417e-07,0.9789971694788357,1.1744247796485752e-09,0.1,0.0007053360701833497
2232,1.2952234555996256e-06,1.0038288206023611,2.8516515158116817e-06,1.0161534224902213,2.2975441993366985e-07,0.0,1.947063310581143e-07,0.9793778634855803,9.709827963888529e-08,0.1,0.0007046202128308065
2233,1.200035239889985e-05,1.005099189516733,2.3126171072362922e-05,1.015847075347238,2.2975143565417966e-07,0.0,4.968158577867143e-07,0.978415120861142,2.6690217964642216e-06,0.1,0.0007039038518319292
2234,1.864378759819374e-06,1.0049675878643316,4.628298938769149e-06,1.0157363538940727,2.2944132638258452e-07,0.0,2.3254305858699809e-07,0.9786587205566445,4.039959122792425e-08,0.1,0.000703186988954267
2235,6.7594132815429475e-06,1.0058249865604694,1.365810112474719e-05,1.015661329944805,2.2926680287582712e-07,0.0,2.9921622513029433e-07,0.9778776198478069,2.3021935469103028e-09,0.1,0.0007024696259666082
2236,3.510293026920408e-06,1.0055722707658288,1.2693536518781912e-05,1.0157810275037675,2.2922233711142326e-07,0.0,2.6396898533675994e-07,0.9780119095747151,6.640001402047346e-07,0.1,0.0007017517646389747
2237,1.6930364381551044e-06,1.0054021320717874,7.302319318114314e-06,1.0156764276867414,2.2974248281570908e-07,0.0,2.2816976752437768e-07,0.978287917035302,3.122674456790264e-07,0.1,0.0007010334067426176
2238,3.0575129130738787e-06,1.0060576949613877,4.1934022192435805e-06,1.0151326566486532,2.2896749385381554e-07,0.0,2.577775717327313e-07,0.978177391596679,1.8886517239025125e-08,0.1,0.0007003145540500138
2239,1.7304820403296617e-06,1.0057369552073767,5.301928922563093e-06,1.0154956121877619,2.2971161683926766e-07,0.0,2.1842338071564882e-07,0.9781364396929111,3.171389550971071e-08,0.1,0.0006995952083348611
2240,4.836469997826498e-06,1.0065938816370144,9.627191502659116e-06,1.0151701112421543,2.2929863519038918e-07,0.0,2.889675840833661e-07,0.9776062755637116,1.0397739060863387e-06,0.1,0.000698875371372073
2241,1.2306290955166332e-06,1.0062878614053927,8.21078174340073e-06,1.015432116976599,2.2890947093401337e-07,0.0,1.7379636574332835e-07,0.9776515488942713,1.68522262811166e-07,0.1,0.0006981550449377762
2242,1.0219514479103964e-05,1.0082586388650479,2.146733459085226e-05,1.014418975932069,2.2960800549753912e-07,0.0,3.3441898494857014e-07,0.976695168796121,1.858408704702441e-10,0.1,0.000697434230809304
2243,1.200316660288081e-06,1.0080867807362117,2.5923040993802715e-06,1.0142387117195024,2.291744181093236e-07,0.0,1.853338176260877e-07,0.977048544943121,2.1644413550347963e-07,0.1,0.0006967129307651943
2244,6.4621544879628345e-06,1.0084607144730067,1.4283209566201549e-05,1.0147936061950464,2.2938237975722586e-07,0.0,2.9014202596044925e-07,0.9761209680300219,1.4684112557006301e-06,0.1,0.0006959911465851828
2245,2.544210019550519e-06,1.0084335578811265,2.5878032374748727e-06,1.0145648302382972,2.293060390456958e-07,0.0,1.7268170893203205e-07,0.9763781493765438,2.259447740016185e-08,0.1,0.0006952688800502001
2246,6.790146471757907e-06,1.0074948047954733,1.6210573448915966e-05,1.0164383510375785,2.2987572378951882e-07,0.0,2.5209851628460456e-07,0.9754446279644616,1.5219229210217122e-09,0.1,0.0006945461329423675
2247,4.533444553089794e-06,1.007377955654272,1.100047302315943e-05,1.016318507546177,2.2847075342724565e-07,0.0,2.3937559490150306e-07,0.9756825644072533,9.769546522875316e-07,0.1,0.0006938229070449914
2248,2.777615463855909e-06,1.0073468686745075,2.8703248062811326e-06,1.0159784822882996,2.2926813869617035e-07,0.0,2.179857858664036e-07,0.9760549179687076,4.924926315652556e-07,0.1,0.0006930992041425596
2249,3.6773535612155683e-06,1.0064297405457918,1.3418179150903597e-05,1.0177848465500614,2.295922740813694e-07,0.0,2.0459003735595616e-07,0.9751669206780674,8.651114491442513e-09,0.1,0.0006923750260207375
2250,1.2292466635699384e-06,1.0062834404831773,1.5410229252665886e-06,1.0174455539233984,2.292995020525268e-07,0.0,1.7197956481140864e-07,0.9756537497333048,1.1381430908841139e-07,0.1,0.0006916503744663625
2251,1.7919969650392886e-06,1.0059343464252932,3.733507355718757e-06,1.0181540329565488,2.292859448971285e-07,0.0,2.31697640629136e-07,0.9752955986525026,3.6716431850436493e-07,0.1,0.0006909252512674401
2252,1.290112777496688e-06,1.0060602060098236,8.728967486604233e-07,1.0178174970718445,2.2958711554110778e-07,0.0,1.7192060397519526e-07,0.9755075063805861,1.0956794227467981e-07,0.1,0.0006901996582131398
2253,2.2507424546347465e-06,1.0050635048935963,6.08255504630506e-06,1.0197595659817742,2.2958970191666594e-07,0.0,1.9159332964591158e-07,0.9745633675531689,2.9537165602278037e-08,0.1,0.0006894735970937904
2254,2.4468477022310253e-06,1.0050470076426288,5.301878445607144e-06,1.0195232916815855,2.2904791308064887e-07,0.0,2.4511012952643796e-07,0.9748173656139063,5.6070848586387e-07,0.1,0.0006887470697008754
2255,1.3077473113298765e-06,1.0049106160230776,2.399241566308774e-06,1.0192901621644075,2.2988928094491712e-07,0.0,2.3232237822412571e-07,0.9751881108084244,2.2910606389814347e-07,0.1,0.000688020077827029
2256,1.3905324749430292e-06,1.0048243372455368,3.375844471520395e-06,1.0195556406799333,2.2888806938681228e-07,0.0,2.057225998441936e-07,0.9750101326813371,7.369013133029512e-08,0.1,0.0006872926232660314
2257,1.1844113032566383e-06,1.0048261112836574,2.049287331828964e-06,1.0193091659311055,2.2929945941996266e-07,0.0,2.0979773296403437e-07,0.9752560525609412,1.1482087103331651e-07,0.1,0.0006865647078128044
2258,1.152880713561899e-06,1.0048458746622388,1.3337916016098461e-06,1.0190165379784486,2.294887906373333e-07,0.0,2.4073489157672157e-07,0.9755301338667951,1.338447646048735e-07,0.1,0.0006858363332634072
2259,1.255485699402925e-06,1.004680023059686,2.154475396309863e-06,1.019407716105532,2.2950089828555065e-07,0.0,2.2646645447821356e-07,0.9753060216417966,1.9075106649779627e-07,0.1,0.0006851075014150311
2260,1.3922018524681334e-06,1.0047034001471442,2.616468236738001e-06,1.0195176634701906,2.2908250230102567e-07,0.0,1.9866581624228274e-07,0.9751739090618264,6.61426184933589e-08,0.1,0.0006843782140659967
2261,1.2337814041529782e-06,1.004672112844234,2.0289064650569344e-06,1.019354932821179,2.2914275632501813e-07,0.0,2.0755581431330938e-07,0.9753691364633628,1.1628149820808176e-07,0.1,0.000683648473015748
2262,2.2631602405454032e-06,1.004529213307886,5.013096597394906e-06,1.0199562265244324,2.2994699122591555e-07,0.0,2.644309233801323e-07,0.9749119493283819,5.357857162380242e-07,0.1,0.0006829182800648483
2263,1.3621371408589766e-06,1.0044830316839721,3.643577201728476e-06,1.0200091050858542,2.296003174251382e-07,0.0,1.5419460908105975e-07,0.9749064570099418,6.871922408890896e-08,0.1,0.000682187637014976
2264,3.94494554711855e-06,1.0053194411588304,7.417764663841808e-06,1.0197524992945082,2.2937800281397358e-07,0.0,2.0017311896936008e-07,0.9743278555374638,6.576858169182742e-09,0.1,0.0006814565456689207
2265,1.4691397609567503e-06,1.0050696984398817,4.661881575884763e-06,1.0196984369731918,2.2915037334314547e-07,0.0,1.745537758779392e-07,0.9746328603855433,2.8387054840095516e-07,0.1,0.0006807250078305773
2266,1.839032165662502e-06,1.0052543428237215,4.0479967537976336e-06,1.0194749616360586,2.2955534006996459e-07,0.0,1.8572086446511094e-07,0.9746728887482351,3.963322399158642e-07,0.1,0.0006799930253049425
2267,1.2295280384932994e-06,1.0052810413533944,8.632927688267955e-07,1.0190939421384628,2.2930265686227358e-07,0.0,1.668945941446509e-07,0.9750284047319352,7.517549249769218e-08,0.1,0.0006792605998981107
2268,2.3222305571835022e-06,1.004282043287895,6.376434612320736e-06,1.0210400809814757,2.2936416144148097e-07,0.0,1.921032719565119e-07,0.9740824565813626,2.0598541539129656e-08,0.1,0.0006785277334172688
2269,1.4408105926122516e-06,1.0043334068918073,9.805423815123504e-07,1.020662747097639,2.295039394084597e-07,0.0,1.5483888660128287e-07,0.9744096171041664,2.416277311567683e-07,0.1,0.000677794427670692
2270,2.587887593108462e-06,1.0033235284568072,1.0781402124848682e-05,1.0226251585443866,2.292951961635481e-07,0.0,2.0428041125342133e-07,0.9734582719560029,5.506095703822211e-07,0.1,0.000677060684467739
2271,2.602245103844325e-06,1.0034556177277587,6.8110698521195445e-06,1.0223664755946933,2.2972068336457596e-07,0.0,1.9382673599466216e-07,0.9735860511237893,1.1196872762297971e-08,0.1,0.0006763265056188488
2272,1.6609724298177753e-06,1.0034400240813375,2.5463114070589654e-06,1.0220836029525238,2.2981123493082123e-07,0.0,1.682852825979353e-07,0.973885700531632,3.7389078499927564e-08,0.1,0.0006755918929355339
2273,1.9041491441385006e-06,1.0031764126610594,4.811010967387119e-06,1.02260468211103,2.2937879862183763e-07,0.0,1.8099535736837424e-07,0.9736294135476006,3.8002588098606793e-07,0.1,0.0006748568482303789
2274,1.2651485121750738e-06,1.0031598204920251,1.0003313946072012e-06,1.0221866377796522,2.2992955450718e-07,0.0,1.8090617004418164e-07,0.9740652284418814,1.600205195018134e-07,0.1,0.0006741213733170331
2275,1.4135304127194104e-06,1.0027613587741504,2.243080643893336e-06,1.0230156093987948,2.294868295393826e-07,0.0,1.736991066536575e-07,0.9736358945788731,5.902452215877929e-08,0.1,0.0006733854700102078
2276,1.100252575270133e-06,1.0026098436038613,2.104609166053706e-06,1.0229725476936835,2.2903445540123357e-07,0.0,1.8590949935060053e-07,0.9738316451416326,9.178205573334708e-08,0.1,0.0006726491401256715
2277,1.5857741573199746e-06,1.0028266589187378,2.533262204451603e-06,1.0228911012599882,2.2959716261539143e-07,0.0,1.924643981965346e-07,0.9736974476016094,3.1597656402482244e-07,0.1,0.0006719123854802446
2278,1.2433929441613145e-06,1.0029140294800876,1.0867389619306778e-06,1.0226118343420094,2.2913650354894344e-07,0.0,1.5918814710857987e-07,0.9738905129578856,1.7654824091550836e-07,0.1,0.000671175207891796
2279,1.3926371593697695e-06,1.00280061149005,1.5398420600831741e-06,1.022767859959612,2.2950368361307483e-07,0.0,1.8087816044953797e-07,0.9738490719931376,6.083273262902367e-08,0.1,0.0006704376091792384
2280,1.1513252502481919e-06,1.002665107864708,1.6546625829505501e-06,1.0228377017556487,2.2947223499159008e-07,0.0,1.774124172015945e-07,0.9739158981531008,1.1614460504461022e-07,0.1,0.0006696995911625233
2281,1.5193422768788878e-06,1.0017958839535808,7.150879810069455e-06,1.0245555361558127,2.2901819818343938e-07,0.0,1.8184722705427703e-07,0.9730684496672246,2.8405628427208285e-07,0.1,0.0006689611556626362
2282,2.9225138860056177e-06,1.0024233316232445,5.353635970095638e-06,1.0240121317323465,2.294614915854254e-07,0.0,2.343981009289564e-07,0.9729855661013438,1.0569291220008381e-08,0.1,0.0006682223045015941
2283,1.1041695415769937e-06,1.0022510385825143,1.8344113641433069e-06,1.0237685837947637,2.3003880755823047e-07,0.0,2.041852127376842e-07,0.9734025644417726,1.0344903955683549e-07,0.1,0.0006674830395024384
2284,2.321170086361235e-06,1.0018345328401568,6.292018497333629e-06,1.0249441820864007,2.3016414729681856e-07,0.0,1.9897474601293652e-07,0.9726446269410416,4.3820870132549317e-07,0.1,0.0006667433624892319
2285,1.8648302102519665e-06,1.0017721279916634,5.270640940580051e-06,1.0248709432144807,2.298790775512316e-07,0.0,1.877437512121105e-07,0.9727814234010619,2.8482780578542588e-08,0.1,0.0006660032752870542
2286,1.6274511835945304e-06,1.0014957001875318,8.029287528188433e-06,1.0252205267236296,2.2939640587082977e-07,0.0,1.9840629761347373e-07,0.9727094181313248,2.9818487234933855e-08,0.1,0.000665262779721997
2287,5.350188075681217e-06,1.0028757606673833,8.537251233065035e-06,1.0244307015954988,2.2924342601982062e-07,0.0,2.766826128208777e-07,0.9721203309151644,1.178206048280117e-06,0.1,0.0006645218776211596
2288,1.4702172848046757e-06,1.0026790671921861,3.6135279515292495e-06,1.0243221113370546,2.2920160347439378e-07,0.0,1.9666020989461686e-07,0.972426760489243,3.0022181363165146e-07,0.1,0.000663780570812644
2289,5.457036422740202e-06,1.0033716024386132,1.2041208719892893e-05,1.024440182235554,2.300100447882869e-07,0.0,2.373932801447154e-07,0.9716172978942187,1.7113088723874625e-09,0.1,0.000663038861125551
2290,1.0924559319391847e-06,1.0031926631907702,2.082005948977894e-06,1.0241976786668343,2.2928246323772328e-07,0.0,1.6647454970097897e-07,0.9720398819747271,1.2920457947984687e-07,0.1,0.0006622967503899758
2291,4.416620868141763e-06,1.0030594682786638,1.0195460163231473e-05,1.0252063219614638,2.297537093909341e-07,0.0,2.5890133770190005e-07,0.9711655725747635,9.219585308528622e-07,0.1,0.0006615542404370027
2292,1.5142577467486262e-06,1.0029855876810925,1.8559114778327057e-06,1.0249501908478047,2.289423974843885e-07,0.0,1.6967314309113135e-07,0.9714967209917271,4.301372769077716e-08,0.1,0.0006608113330987012
2293,4.1301782403024845e-06,1.0031054377671278,5.692621471098391e-06,1.025483416313247,2.2892140805197414e-07,0.0,2.3434986928805301e-07,0.9708447798737081,4.609532755495138e-09,0.1,0.0006600680302081215
2294,1.606779505891609e-06,1.0029469489178335,2.8235688205313636e-06,1.0253769939647044,2.293448346790683e-07,0.0,1.7425625742362172e-07,0.9711108232372708,2.699934498195944e-07,0.1,0.0006593243335992894
2295,3.7926251934550237e-06,1.0035589238869593,4.606567927112337e-06,1.0251080854836498,2.2989034675902076e-07,0.0,2.3902211410131713e-07,0.9707688866517259,8.57256679864804e-07,0.1,0.0006585802451072025
2296,1.0693886451917933e-06,1.003356588875927,2.160354824809474e-06,1.0250290907009283,2.2912330166491301e-07,0.0,1.6770658817222284e-07,0.9710513440893311,8.697089981524186e-08,0.1,0.0006578357665678248
2297,3.481690782791702e-06,1.003240670041942,8.759397132962476e-06,1.0259642676715288,2.2935513754873682e-07,0.0,2.1837598751517362e-07,0.9702332113424069,6.926532236661842e-09,0.1,0.0006570908998180836
2298,1.793054480003775e-06,1.0031405793264818,3.978179847763386e-06,1.0257669708332153,2.2990312231740972e-07,0.0,1.808505203371169e-07,0.970531722036218,3.345608661220467e-07,0.1,0.0006563456466958633
2299,2.249551016575424e-06,1.0032646556656444,3.930643742933171e-06,1.0255827999645253,2.293176351031434e-07,0.0,2.0533849465209641e-07,0.9705929374606257,4.619053868282208e-07,0.1,0.000655600009040002
2300,2.204628572144429e-06,1.0027543105364116,9.429083547729533e-06,1.0265912793237988,2.294284939807767e-07,0.0,1.790384089872532e-07,0.9700959218847963,1.5110479978375224e-08,0.1,0.0006548539886902864
2301,1.145354644904728e-06,1.0025716093023087,3.483718046481954e-06,1.0262479308354984,2.2964064783081994e-07,0.0,1.9661823102978815e-07,0.9706230880252217,7.150977410219639e-08,0.1,0.0006541075874874476
2302,2.9868181172787445e-06,1.002586752242914,1.1044933671655599e-05,1.0269932488383438,2.2941790689401387e-07,0.0,1.7644970284891315e-07,0.9698637412680732,6.717611995554762e-07,0.1,0.0006533608072731563
2303,1.4404834018932888e-06,1.0024784521728618,2.1846656181878643e-06,1.0266148351354631,2.2981122071996651e-07,0.0,1.6719593531888677e-07,0.9703515670000497,4.476241599604691e-08,0.1,0.0006526136498900184
2304,3.0954038265917916e-06,1.0027155329277813,4.800403530680342e-06,1.0268670019479813,2.2946923650124518e-07,0.0,1.9103391935004765e-07,0.9698634291688497,9.928465161124223e-09,0.1,0.0006518661171815707
2305,1.3150031463737832e-06,1.0025282156401718,1.911598246806534e-06,1.026610550787631,2.2931054388664052e-07,0.0,1.817584802665806e-07,0.9703083051346842,2.3773264956616913e-07,0.1,0.0006511182109922757
2306,2.5952990654332098e-06,1.0029993276800755,2.8125139124313137e-06,1.0264513197780025,2.2997434712124232e-07,0.0,2.0422722002422233e-07,0.969997529408356,5.669090796800447e-07,0.1,0.0006503699331675177
2307,1.0982387266267324e-06,1.0028229959682888,1.7971558463614201e-06,1.0264286210863722,2.2945798150431074e-07,0.0,1.514322320872452e-07,0.9701976629062169,1.2521182668479014e-07,0.1,0.0006496212855535976
2308,1.918692305480363e-06,1.0032454971012785,2.172552285628626e-06,1.026210124578001,2.2923802589502884e-07,0.0,1.646573366542725e-07,0.9699947591709567,2.5838472694772463e-08,0.1,0.000648872269997729
2309,1.1637603165581822e-06,1.0030293921742546,2.1936457414994948e-06,1.026341520810505,2.2934536048069276e-07,0.0,1.428829961014344e-07,0.9700805665541574,1.0069684464042439e-07,0.1,0.0006481228883480336
2310,1.7968101246879087e-06,1.0028837455308601,4.6575946726079565e-06,1.0268269573955784,2.2982170833074633e-07,0.0,1.6968293437003013e-07,0.9697418731048804,3.507770429678203e-07,0.1,0.000647373142453536
2311,1.0815027735588956e-06,1.0027612715497312,1.3166180679036188e-06,1.0264155963558776,2.2958839451803215e-07,0.0,1.891357470640287e-07,0.9702768024262233,1.3785950159217464e-07,0.1,0.0006466230341641595
2312,2.0499151105468627e-06,1.0019458284971585,6.005260729580186e-06,1.02810746095271,2.293132297381817e-07,0.0,1.601744799017979e-07,0.9694014729949701,1.7758054582373006e-08,0.1,0.0006458725653307219
2313,1.357715063932119e-06,1.0018723762960304,2.7952835353062255e-06,1.0278165908459558,2.296077923347184e-07,0.0,1.6025013849230163e-07,0.9697668852327256,2.3998555320758896e-07,0.1,0.0006451217378049305
2314,1.2572227205964737e-06,1.0017264247890576,3.662354174593929e-06,1.0280225685934898,2.2911491726063105e-07,0.0,1.5270146036527876e-07,0.9697079467432677,2.0069498418706644e-07,0.1,0.0006443705534393772
2315,2.8922534056619043e-06,1.0021618093454103,7.5895677582593635e-06,1.0281152196375114,2.2956118073125253e-07,0.0,1.6119170709316677e-07,0.969180996719582,1.829093854155417e-08,0.1,0.0006436190140875353
2316,1.1833687949547311e-06,1.002040558752728,1.3679857602255652e-06,1.0277617672246449,2.299187968901606e-07,0.0,1.419232233956791e-07,0.9696567831317514,1.6726517060305923e-07,0.1,0.0006428671216037532
2317,3.6369510780787095e-06,1.0014371230615666,6.710230991302524e-06,1.029212734612552,2.2888582407176727e-07,0.0,2.3162132833931537e-07,0.9688103326758964,7.807466886333714e-07,0.1,0.0006421148778432508
2318,1.1113255595773808e-06,1.0012657653325094,1.5485225048905704e-06,1.0289264164962384,2.2957952694468986e-07,0.0,1.9093465652986197e-07,0.9692690876007576,8.926375016926613e-08,0.1,0.0006413622846621147
2319,3.197300884494325e-06,1.000887298339527,6.4613373069732916e-06,1.030152116204081,2.2972228919115878e-07,0.0,1.883169602479029e-07,0.968422931808308,9.98214133574038e-09,0.1,0.000640609343917294
2320,1.5409173101943452e-06,1.0007721720849592,2.9106206511642085e-06,1.0299521745830573,2.2900938745351596e-07,0.0,1.5598615732415055e-07,0.9687390744535422,3.11722430978989e-07,0.1,0.0006398560574665951
2321,2.4675100576132536e-06,1.0011145197483349,3.5184436910640216e-06,1.0298010538025726,2.292908902745694e-07,0.0,1.5848863199607877e-07,0.9685489201918293,5.07685058437346e-07,0.1,0.0006391024271686774
2322,1.1145771168230567e-06,1.0008672116130382,2.1670946352969622e-06,1.0296320403698906,2.2926610654394608e-07,0.0,1.6428903393261862e-07,0.9689663122368163,9.67586331057646e-08,0.1,0.0006383484548830486
2323,1.5673765574319987e-06,1.0003075383237827,6.5795702539617196e-06,1.0308360533553589,2.2978966285336355e-07,0.0,1.6497685351168911e-07,0.9683230408777282,3.110991997345991e-08,0.1,0.0006375941424700606
2324,2.2021770291758003e-06,1.0004191168068184,9.21831997402478e-06,1.0308871101233772,2.2923569531485555e-07,0.0,1.7251913675409014e-07,0.9681614718281931,4.359791319075157e-07,0.1,0.000636839491790904
2325,1.077580463970662e-06,1.000388996410614,1.009743073154823e-06,1.0304895358096793,2.291350540417625e-07,0.0,1.4330773012716236e-07,0.9685902306082775,9.428379854625746e-08,0.1,0.0006360845047076047
2326,1.752534899424063e-06,1.0002479792522005,2.1847590687684715e-06,1.030900546270569,2.2984994529906544e-07,0.0,1.9713249344022188e-07,0.9683212992489071,1.8239207477677155e-08,0.1,0.0006353291830830179
2327,9.925662425303017e-07,1.0001145268320073,1.4669303709524684e-06,1.030802374871825,2.2943487465454382e-07,0.0,1.7069029922822665e-07,0.9685539828881259,1.00151353876754e-07,0.1,0.000634573528780825
2328,1.3726719316764502e-06,1.000032085052847,2.7485407372296322e-06,1.0312412368969093,2.2935657284506306e-07,0.0,1.5844375411688816e-07,0.9681986203439026,2.582774243364838e-07,0.1,0.0006338175436655277
2329,1.1692895895976108e-06,0.9998771305008268,2.6628176783560775e-06,1.0311299675379564,2.291034775225853e-07,0.0,1.9106759907572268e-07,0.9684658998422305,5.648873369068497e-08,0.1,0.000633061229602444
2330,1.1518764040374663e-06,1.0000631047818036,1.2563552900246577e-06,1.0307777363516641,2.292616443355655e-07,0.0,1.747140032648531e-07,0.968633210224782,6.407756814041932e-08,0.1,0.0006323045884577039
2331,1.0885639767366229e-06,0.9999152581511462,1.6540220713068265e-06,1.0309524994284773,2.3009626204384404e-07,0.0,1.769297739429021e-07,0.968607345149961,1.8490308661966992e-07,0.1,0.0006315476220982441
2332,1.169006054624333e-06,0.9999004776096397,1.919210944834049e-06,1.0309653062947488,2.2983124381426023e-07,0.0,1.8187338923780771e-07,0.9686103680948399,1.5972710798450862e-07,0.1,0.0006307903323918035
2333,1.1023284969269298e-06,0.9996310746195767,3.3980556963797426e-06,1.031576581439117,2.2960416856676602e-07,0.0,1.3482068084158527e-07,0.9682695431126885,1.2738411214741063e-07,0.1,0.0006300327212069198
2334,1.0221260708931368e-06,0.9996392950146499,2.4970479444164084e-06,1.0313457076980381,2.2917072328709764e-07,0.0,1.440985215594992e-07,0.9684932415375505,1.1392815224553487e-07,0.1,0.000629274790412923
2335,1.0926063396254904e-06,0.9998176691807035,1.2926498129672837e-06,1.0309619781203327,2.2942627708744112e-07,0.0,1.4984645702043053e-07,0.9686996399389461,7.92887391298791e-08,0.1,0.000628516541879932
2336,1.176502337330021e-06,1.0001057053342424,4.7463339569731033e-07,1.0305333107050436,2.291733949277841e-07,0.0,1.3494272366187943e-07,0.9688413121055037,6.629223037180054e-08,0.1,0.0006277579774788495
2337,1.0969450841002981e-06,0.99920193415359,2.0392490114318207e-06,1.0322637688414746,2.2908315600034257e-07,0.0,1.466578112285788e-07,0.9680156639737636,8.973658793820505e-08,0.1,0.000626999099081358
2338,1.1661802545859246e-06,0.9991774042554651,2.3788395537849283e-06,1.032280259164916,2.2902712260020053e-07,0.0,1.5160537714109523e-07,0.9680247402958767,2.0879036810583784e-07,0.1,0.0006262399085599144
2339,9.590822855898296e-07,0.9990605428980682,2.5594192720745923e-06,1.032352833729623,2.2981689085099788e-07,0.0,1.4102270995408617e-07,0.9680700617635378,1.1312980063848954e-07,0.1,0.0006254804077877458
2340,1.612811729501118e-06,0.9996813014172865,1.2476341453293571e-06,1.0317788396371965,2.2950803213461768e-07,0.0,1.5294754973638192e-07,0.9680243299434018,3.3826691492322425e-07,0.1,0.0006247205986388449
2341,1.112316226681287e-06,0.9992173976109557,2.3683217023062753e-06,1.0325098160551538,2.2949035383135197e-07,0.0,1.3988261571284966e-07,0.9677582878742509,1.258314625829371e-07,0.1,0.0006239604829879655
2342,1.4988286238803994e-06,0.9990151086883116,4.667230768973241e-06,1.0329323379020774,2.2943171984479704e-07,0.0,1.7385882244980166e-07,0.9675390834323923,2.9711852533864658e-08,0.1,0.0006232000627106172
2343,1.027878852255526e-06,0.9988726159189564,2.5319689029856818e-06,1.0326089563446992,2.2966364099374914e-07,0.0,2.0514538334737153e-07,0.9680059841856102,1.54619527847899e-07,0.1,0.0006224393396830611
2344,1.311284108851396e-06,0.9993224980307731,1.3765353514827439e-06,1.032240303095939,2.3005129889952514e-07,0.0,1.5401624864352925e-07,0.9679257796972118,2.7740591690417205e-07,0.1,0.0006216783157823061
2345,1.7884178760141367e-06,0.9989853285707374,3.2543553061259445e-06,1.0329760007580657,2.291621683525591e-07,0.0,1.7858421585970063e-07,0.9675282738220538,3.602272329317202e-07,0.1,0.000620916992886103
2346,1.1107636055385228e-06,0.998926608624181,1.8609508742883918e-06,1.0328048768907563,2.294650442991042e-07,0.0,1.4960369298933074e-07,0.9677591379192211,1.0238404968276882e-07,0.1,0.0006201553728729402
2347,1.8838562709788675e-06,0.9981045294417855,8.235535460698884e-06,1.0344543708199605,2.2958599288358528e-07,0.0,1.8421295067128085e-07,0.9669327414161676,3.098076106766712e-08,0.1,0.0006193934576220392
2348,2.2970198187977076e-06,0.9982500736274479,8.043440175242722e-06,1.0342851477165305,2.2936163190934167e-07,0.0,1.9263532635704905e-07,0.966957436542221,5.434928311842668e-07,0.1,0.0006186312490133506
2349,1.7386960280418862e-06,0.9982847715821679,3.48697608387738e-06,1.0339642438243088,2.2974907665229694e-07,0.0,1.7850280187303724e-07,0.9672446566566083,3.789916718233144e-07,0.1,0.0006178687489275481
2350,2.7997189135930967e-06,0.9981424180780146,8.023838745430112e-06,1.0346055882335037,2.295727483669907e-07,0.0,1.6829335436341353e-07,0.9667466779011128,1.236383972980093e-08,0.1,0.0006171059592460249
2351,1.0444121016917052e-06,0.9979308305897581,3.2189486773859244e-06,1.0343450948576276,2.3000698945452314e-07,0.0,1.6102595168376865e-07,0.9672197688915043,1.3170256352168508e-07,0.1,0.0006163428818508886
2352,2.3823454284865875e-06,0.9984713401124656,6.05432478550938e-06,1.0343087007310312,2.293118370744196e-07,0.0,1.6332265317942074e-07,0.9667166616024094,4.655911993722839e-07,0.1,0.0006155795186249571
2353,1.5078908290888648e-06,0.9984242634253411,1.2375603546388447e-06,1.033859096426396,2.2955462952722883e-07,0.0,1.7041222122315958e-07,0.96721434868598,5.338026198842272e-08,0.1,0.0006148158714517531
2354,3.3104647627624217e-06,0.9981866678722007,3.9286865103349555e-06,1.0348133627191187,2.2951584810471104e-07,0.0,1.631750023989298e-07,0.9664986820270312,9.663542854809748e-09,0.1,0.0006140519422155
2355,1.0981125342368614e-06,0.9979489872858012,2.3600457552674925e-06,1.0347377166015197,2.2931480714305508e-07,0.0,1.3530622311463958e-07,0.9668130108045054,1.2401744697854156e-07,0.1,0.0006132877328011174
2356,3.0337203043018235e-06,0.998274370449866,6.534248768730322e-06,1.0350003577851385,2.2935552124181413e-07,0.0,1.9342706991665182e-07,0.9662259865271526,6.254927598092763e-07,0.1,0.000612523245094216
2357,1.0070494909086847e-06,0.9981556650989752,1.6427571836175048e-06,1.0347408945513943,2.294891601195559e-07,0.0,1.4194812081314012e-07,0.9666051531829782,1.0018282381452082e-07,0.1,0.0006117584809810933
2358,3.1847418995312182e-06,0.9974406418921586,8.890989192877896e-06,1.0363518685330184,2.292122758262849e-07,0.0,1.7389967865710787e-07,0.965710198484217,7.165199100711561e-09,0.1,0.0006109934423487285
2359,1.4462323179031955e-06,0.9974021748631292,8.615151045887615e-07,1.0359483030971328,2.2969143742557208e-07,0.0,1.4213031818144373e-07,0.9661532250340225,2.6548823939265276e-07,0.1,0.0006102281310847788
2360,6.835051408415893e-06,0.9964061387494947,1.5442970834556036e-05,1.037881992373774,2.2962233003909205e-07,0.0,2.5748016696525156e-07,0.9652165639687302,1.4353937558553298e-06,0.1,0.0006094625490775732
2361,2.730778760451358e-06,0.9962768176764831,7.260003712872276e-06,1.0377363795651617,2.2934190724299697e-07,0.0,1.8917432953458047e-07,0.9654924879648653,7.83617437605244e-09,0.1,0.0006086966982161094
2362,3.7358524878072785e-06,0.9965086471887167,7.533908046752913e-06,1.0375438911569232,2.2885231487634883e-07,0.0,1.9941086293329136e-07,0.9654541349961427,1.0342913192573633e-08,0.1,0.0006079305803900482
2363,2.3245622742251726e-06,0.9963939621529017,4.657505542127183e-06,1.0373455731128702,2.2944769284549693e-07,0.0,1.937853539857315e-07,0.9657681242360006,4.2470819039408525e-07,0.1,0.0006071641974897094
2364,2.2191618427314097e-06,0.9960627783934768,8.628152500023134e-06,1.037900964590341,2.2949387812332134e-07,0.0,1.9847888665935898e-07,0.9655449007066109,4.027111231152958e-07,0.1,0.0006063975514060665
2365,4.052195436088368e-06,0.9964972663889772,1.1224640729778912e-05,1.0376739337097425,2.2995897097644047e-07,0.0,2.286374609639097e-07,0.965338425812972,4.410272147481464e-09,0.1,0.0006056306440307422
2366,1.6274931340376497e-06,0.9964624865873583,1.7527870568301296e-06,1.0373486767181934,2.2903566332388436e-07,0.0,1.6025163063204673e-07,0.9656994428639427,2.4331610504191303e-08,0.1,0.0006048634772560048
2367,1.9412482288316824e-06,0.9960829254022177,3.963211838708958e-06,1.0380613394820266,2.2933311072392826e-07,0.0,1.8766741050058044e-07,0.9653673195835172,3.694580357205268e-07,0.1,0.0006040960529747616
2368,1.1899710443685763e-06,0.9960637451202918,1.7487885770606226e-06,1.0378052841204608,2.2889059891895158e-07,0.0,1.555659139285126e-07,0.9656435315696578,1.9787729854670033e-07,0.1,0.0006033283730805558
2369,1.0412989013275364e-06,0.9957527730343151,3.046095343961497e-06,1.0383522714005982,2.2950257516640704e-07,0.0,1.396498845451788e-07,0.9654084907664371,7.106803678880169e-08,0.1,0.0006025604394675613
2370,1.0838648449862376e-06,0.9957436188851697,3.3971455195569433e-06,1.038335514702372,2.2944352906506538e-07,0.0,1.4188759678290808e-07,0.9654353740569414,5.911867972940854e-08,0.1,0.000601792254030578
2371,1.594837613083655e-06,0.9961858576159119,1.769919322214264e-06,1.0378135976083542,2.293792249474791e-07,0.0,1.5938715591801156e-07,0.9655160229194356,3.294730106517818e-07,0.1,0.0006010238186650272
2372,1.2037455690006027e-06,0.995990748886587,2.1818141249241307e-06,1.038024715224147,2.289166900482087e-07,0.0,1.4252638891321112e-07,0.9655009825921584,2.2117441744740063e-07,0.1,0.0006002551352669465
2373,1.2308789791859454e-06,0.9960962606899536,1.7132135781139368e-06,1.037814885278581,2.2960747969591466e-07,0.0,1.3764181971964717e-07,0.965606267357399,3.7660083052060145e-08,0.1,0.0005994862057329859
2374,1.5734435692138504e-06,0.9960431304467778,2.5479166652075946e-06,1.0378974643669583,2.299870516253577e-07,0.0,1.706321057781679e-07,0.9655777832029588,2.4785407504168688e-08,0.1,0.0005987170319604023
2375,1.3591849210570217e-06,0.9958035932665951,4.0639024518895894e-06,1.0383876058805515,2.2834588264686317e-07,0.0,1.3065169923720532e-07,0.9653281416318928,2.5954764737434743e-07,0.1,0.0005979476158470562
2376,1.9758172129513696e-06,0.9962046294603256,1.8865212041419e-06,1.0378290558619327,2.2922682774151326e-07,0.0,1.579152524300298e-07,0.9654866162945637,3.7975348732288694e-07,0.1,0.0005971779592914048
2377,1.2630271157831885e-06,0.9956714946621047,3.946066499338485e-06,1.0387196950662896,2.3002776572411676e-07,0.0,1.3641020757404476e-07,0.9651300708054956,4.106193429720406e-08,0.1,0.0005964080641924994
2378,1.0353742254665121e-06,0.9956907408953769,2.7511039206729038e-06,1.0385375600129194,2.296193031270377e-07,0.0,1.2271476634850842e-07,0.9652939166257866,6.876425828750143e-08,0.1,0.0005956379324499795
2379,1.1961280961259035e-06,0.9957541482633376,2.875923200917896e-06,1.0384068177648593,2.2885512862558244e-07,0.0,1.3515702335098467e-07,0.9653622065930354,6.143920927570434e-08,0.1,0.0005948675659640687
2380,1.2332911865087226e-06,0.9958165574937601,2.1273092443152564e-06,1.03811835301639,2.2914015573860524e-07,0.0,1.5212296489153232e-07,0.9655892152890124,2.2908153596290504e-07,0.1,0.0005940969666355696
2381,9.431010425942077e-07,0.9957079215451224,1.79425478563644e-06,1.037998218253134,2.3041899055442627e-07,0.0,1.5801074937371595e-07,0.9658189372734336,1.530724205167644e-07,0.1,0.0005933261363658595
2382,1.2236678230692632e-06,0.9955710611923667,3.337809857839602e-06,1.038424321838161,2.2939610744288075e-07,0.0,1.6032345229177736e-07,0.965530643412096,5.98462719381132e-08,0.1,0.0005925550770568856
2383,1.0580698699413915e-06,0.995561189844288,2.893187456720625e-06,1.038332242424562,2.2930507270757516e-07,0.0,1.4708948015140777e-07,0.965633541646915,1.4547319437951955e-07,0.1,0.00059178379061116
2384,1.0562001762082218e-06,0.995592382688001,2.8957419999642298e-06,1.0382820232905319,2.2974225544203364e-07,0.0,1.363128490083909e-07,0.9656535135163746,1.6780241196556744e-07,0.1,0.0005910122789317552
2385,1.3667629445990315e-06,0.9957933114694402,2.9869818263250636e-06,1.0381235997416567,2.2973227942202357e-07,0.0,1.366249762213556e-07,0.9656119519727405,3.799481973487673e-08,0.1,0.0005902405439222998
2386,9.714924544823589e-07,0.9957174822134793,1.2914171065858682e-06,1.0377409725690616,2.296652041877678e-07,0.0,1.5423647425905074e-07,0.9660713502037921,1.5618314819221268e-07,0.1,0.000589468587486973
2387,1.0424657830299111e-06,0.9957700970183702,1.329543692918378e-06,1.0376654863096995,2.2958268175443663e-07,0.0,1.5198938285720942e-07,0.9660951615780958,1.6763837606958987e-07,0.1,0.0005886964115305007
2388,9.845979320743936e-07,0.9956836972322884,1.690765998318966e-06,1.0378463587497773,2.293654972618242e-07,0.0,1.3204487459006486e-07,0.9660016269650321,1.218846392703199e-07,0.1,0.0005879240179581506
2389,1.2216867162351264e-06,0.9954848375546659,3.2335524338122923e-06,1.0383238862974216,2.2944618649489712e-07,0.0,1.38660396942214e-07,0.9657238952607993,4.2683527823328404e-08,0.1,0.0005871514086757265
2390,1.130120381276356e-06,0.9955698533963133,1.7107429357565707e-06,1.0379720077254013,2.2988442083260452e-07,0.0,1.4336924891722447e-07,0.9659916922855656,1.6333778773969243e-07,0.1,0.0005863785855895653
2391,1.7448049902668572e-06,0.995378577947747,3.974513674620539e-06,1.0386420009495805,2.295126222406907e-07,0.0,1.4051863672648324e-07,0.9655139069366916,3.6770745737157995e-07,0.1,0.000585605550606531
2392,1.2795036354873446e-06,0.9953193101834671,2.573054416643572e-06,1.038420598617312,2.2882515793298808e-07,0.0,1.4017433613844332e-07,0.9657955075960579,4.3761012591403414e-08,0.1,0.0005848323056340106
2393,1.1150259524583817e-06,0.995246950099974,1.9219983187213074e-06,1.0381553146602283,2.294458028018198e-07,0.0,1.6768456134741427e-07,0.9661340803392579,6.082574799393115e-08,0.1,0.0005840588525799095
2394,1.1972776974289445e-06,0.9952868150948075,1.9973069811385358e-06,1.038075113659926,2.2969187796206825e-07,0.0,1.706407175561253e-07,0.9661753431908726,2.185953746902669e-07,0.1,0.0005832851933526459
2395,1.0647811450326117e-06,0.9954105806784675,1.377091962240229e-06,1.0379118797549918,2.3024209383493144e-07,0.0,1.2865716314536257e-07,0.9662157365055276,1.468946919658265e-07,0.1,0.0005825113298611472
2396,1.6905469237826765e-06,0.9955699578430661,2.1359978745749686e-06,1.037945561586607,2.2968768575992726e-07,0.0,1.4771256928725052e-07,0.9660236006536329,1.9708966902953762e-08,0.1,0.0005817372640148445
2397,1.8314723320145276e-06,0.9955827335177864,2.0142299490544247e-06,1.037742627792894,2.3011564564967557e-07,0.0,1.7671646901362692e-07,0.9662146800715792,1.8855384809057796e-08,0.1,0.0005809629977236685
2398,1.7199519106725347e-06,0.9956340897346087,1.613799554434081e-06,1.0375756809609198,2.2962709067542164e-07,0.0,1.6717766015972302e-07,0.9663311901440079,2.0250656262987832e-08,0.1,0.0005801885328980439
2399,9.691096920505515e-07,0.9954854014711955,1.0339158507122193e-06,1.03741101025233,2.2950550260247837e-07,0.0,1.597945811226964e-07,0.966645466735293,1.2081136446795426e-07,0.1,0.0005794138714488863
2400,2.5822787392826285e-06,0.9946974169890255,5.4485208238475025e-06,1.039090597762839,2.299359209700924e-07,0.0,1.818450527935056e-07,0.9657547794919148,5.194892196414003e-07,0.1,0.0005786390152875954
2401,9.47893681768619e-07,0.9945871254004311,1.347702777820814e-06,1.0387928021768829,2.299764787494496e-07,0.0,1.435345495792717e-07,0.966163780620772,9.031157333083684e-08,0.1,0.0005778639663260519
2402,2.7386565761844395e-06,0.9954629226322262,2.744408902799478e-06,1.0385107667272673,2.293211025516939e-07,0.0,1.7063049995158508e-07,0.9655709309659045,7.989234163119363e-09,0.1,0.000577088726476612
2403,1.157890324066102e-06,0.9953336980544621,8.68894346695015e-07,1.0382087237875939,2.2981483027706417e-07,0.0,1.5050360957502562e-07,0.9660031087873117,4.490372162990752e-08,0.1,0.0005763132976521029
2404,1.8625432858243585e-06,0.9951035724832278,2.1532234768528724e-06,1.0389472765420784,2.2901895135873929e-07,0.0,1.5462350688721926e-07,0.9654955900883334,3.6112348311689857e-07,0.1,0.0005755376817658183
2405,1.3505800779967103e-06,0.9950970187050883,1.139123583016044e-06,1.0386780692679776,2.2907882168965443e-07,0.0,1.4393265246326337e-07,0.965772257808786,2.4470449488944723e-07,0.1,0.0005747618807315132
2406,1.0986389042955125e-06,0.9941947987729924,4.862135483563179e-06,1.0404098269802962,2.2936964683140104e-07,0.0,1.402184466314793e-07,0.9649436248843453,4.2720515125438396e-08,0.1,0.0005739858964633994
2407,9.955311952580814e-07,0.9943901007791524,1.1851907402160577e-06,1.0399397132275785,2.300154591239334e-07,0.0,1.296873506362317e-07,0.9652193396778784,1.0013786777562927e-07,0.1,0.0005732097308761414
2408,1.7696613667794736e-06,0.9941026092934125,3.3078315482271137e-06,1.0407934500840232,2.292580916218867e-07,0.0,1.4620306387769233e-07,0.9646539955489583,3.3188416637131013e-07,0.1,0.0005724333858848501
2409,1.0489156920812093e-06,0.9940198493414258,1.6297274214593926e-06,1.0405317266639715,2.2914841224519478e-07,0.0,1.367207858038455e-07,0.9649993783611988,8.803417728131535e-08,0.1,0.0005716568634050799
2410,1.7835570815805113e-06,0.9934848684227482,5.3932230912323575e-06,1.041719888873034,2.2954205292080587e-07,0.0,1.6609119768418168e-07,0.9643470947130355,1.6842134797911967e-08,0.1,0.0005708801653528226
2411,1.4051042853679974e-06,0.9936283044939784,1.9347642137290677e-06,1.0413731233435808,2.2951401490445278e-07,0.0,1.3131545983924298e-07,0.9645513200190925,2.6215997195322416e-07,0.1,0.0005701032936445038
2412,5.136039817443816e-06,0.9936017456945813,8.383093700103927e-06,1.0421854591861557,2.2892663764650933e-07,0.0,2.3328803422373312e-07,0.9637664370329494,1.099634346246603e-06,0.1,0.0005693262501969768
2413,1.1798572359111859e-06,0.9934655057566836,1.5938245496727177e-06,1.0419195477997056,2.290911282898378e-07,0.0,1.579710726673511e-07,0.9641694806271115,4.7319119289568334e-08,0.1,0.0005685490369275193
2414,6.01267038291553e-06,0.9925468952299272,1.4084203940001316e-05,1.0437693205179481,2.2897748408468033e-07,0.0,2.453383558531641e-07,0.9632392089217927,2.0292025837420624e-09,0.1,0.0005677716557538278
2415,1.2159430298197549e-06,0.9924362520261306,2.797987235680921e-06,1.043554406042408,2.2944637123600842e-07,0.0,1.3794226561003597e-07,0.9635656553072147,1.8893246078732773e-07,0.1,0.0005669941085940131
2416,3.2633172395435395e-06,0.9925550284875908,8.610165423306171e-06,1.0441075725868005,2.2904072238816298e-07,0.0,1.6984617445814365e-07,0.9628945992309236,6.258863436414686e-07,0.1,0.0005662163973665953
2417,1.655116761867248e-06,0.9925374459767977,1.6415262962254928e-06,1.0437247528420124,2.296445416050119e-07,0.0,1.3992092817716184e-07,0.9632958866430945,1.747418565400949e-08,0.1,0.0005654385239904996
2418,4.083512976649217e-06,0.991570627292884,1.2289649930607993e-05,1.0456163724281051,2.2926731446659687e-07,0.0,1.7793297502066707e-07,0.962371969128077,3.342154109020612e-09,0.1,0.0005646604903850514
2419,3.997696694568731e-06,0.9916714665434334,5.05379921378335e-06,1.0451410602883124,2.2968349355778628e-07,0.0,2.067976936359628e-07,0.9627473236385911,8.423609187957481e-07,0.1,0.0005638822984699711
2420,4.3256777644273825e-06,0.9914807314733738,8.595607141614892e-06,1.045526432962495,2.297946650742233e-07,0.0,2.078114960113453e-07,0.9625535658933781,8.835431799525395e-07,0.1,0.00056310395016537
2421,3.377366965651163e-06,0.9914486889514421,7.74085219745757e-06,1.0455108680355651,2.2964692902860406e-07,0.0,1.6747942765960033e-07,0.9626020514423114,5.4840834096125946e-09,0.1,0.0005623254473917453
2422,2.7242247142567066e-06,0.991455865453443,5.8703249123936985e-06,1.0453658323104738,2.2959719103710086e-07,0.0,1.4733581110704108e-07,0.9627407870101515,1.2468724719383317e-08,0.1,0.0005615467920699748
2423,2.9313173399714287e-06,0.9915708697881914,2.4690755253686802e-06,1.0448456406010662,2.2963206447457196e-07,0.0,1.8712029259404517e-07,0.9631468489777473,6.088968120820937e-07,0.1,0.0005607679861213136
2424,4.0336217352887616e-06,0.9909086186593927,8.390330549445935e-06,1.0461874657436956,2.2991321202425752e-07,0.0,2.1045489972948417e-07,0.9624681478085418,8.716324373381212e-07,0.1,0.0005599890314673875
2425,2.9006835120526375e-06,0.99087860047579,6.6479092311055865e-06,1.0461222142490347,2.290617828748509e-07,0.0,1.663984932065432e-07,0.9625642885866147,1.0139318717961032e-08,0.1,0.0005592099300301901
2426,2.923642114183167e-06,0.9910791977338885,2.7622049856290687e-06,1.0456844248044328,2.295022625276033e-07,0.0,1.6518990264557942e-07,0.9628023501315986,9.280046953108467e-09,0.1,0.0005584306837320764
2427,1.2919058463012334e-06,0.9907967946954518,1.079525191016728e-06,1.0452581443219078,2.2980192682098277e-07,0.0,2.1328511934370908e-07,0.9635119012731932,2.1291604923590057e-07,0.1,0.0005576512944957593
2428,6.595361810468603e-06,0.9898226961241686,1.189927297673421e-05,1.0471635309410134,2.2951601863496762e-07,0.0,2.62846725718191e-07,0.96258147911163,1.469988092139829e-06,0.1,0.0005568717642443041
2429,1.297056087423698e-06,0.9897180594422998,2.8882116112072254e-06,1.0469867856042716,2.2945263822293782e-07,0.0,1.3644292096159916e-07,0.9628637252855932,7.153157355332951e-08,0.1,0.0005560920949011247
2430,3.1889312595012598e-06,0.989650272448065,9.12805444386322e-06,1.047737533638423,2.2973667057613056e-07,0.0,1.5663081853745098e-07,0.9621816266735828,6.553016795862732e-09,0.1,0.0005553122883899772
2431,1.764198259479599e-06,0.9894494682850574,7.777643986628391e-06,1.0476963244886104,2.2847852676477487e-07,0.0,1.5012787457635568e-07,0.9624245006903155,3.4571121432236396e-07,0.1,0.0005545323466349569
2432,1.8862543811337673e-06,0.9896428076332165,3.4501697427913314e-06,1.047229347661659,2.2923336473468225e-07,0.0,1.6405721225964953e-07,0.9626989971524734,3.9312274680014525e-07,0.1,0.0005537522715604924
2433,2.185825906053651e-06,0.9896993540470809,4.348595211922657e-06,1.0472833515190065,2.2968345092522213e-07,0.0,1.5113479889805603e-07,0.9625893041475194,2.0250439547453425e-08,0.1,0.0005529720650913416
2434,1.4203494629327906e-06,0.9896829195857083,2.117361191267264e-06,1.0470077615991877,2.294564609428562e-07,0.0,1.3380650898398017e-07,0.9628821840812933,3.480231569596981e-08,0.1,0.0005521917291525861
2435,1.075031832442619e-06,0.9895676979804617,1.7354101373712183e-06,1.0468345194588575,2.2892021434017806e-07,0.0,1.4693520711261954e-07,0.9631715016692031,7.590286088543508e-08,0.1,0.0005514112656696276
2436,1.3490853234543465e-06,0.9896032369095673,2.6224115572404116e-06,1.0470529828016644,2.2943103772377071e-07,0.0,1.242581078031435e-07,0.9629183515327927,2.579245119704865e-07,0.1,0.0005506306765681819
2437,1.0304097486368846e-06,0.9894416892590406,2.8525948891910957e-06,1.0470909334597491,2.299560151186597e-07,0.0,1.2606585642060963e-07,0.963042798957318,6.617826642241198e-08,0.1,0.0005498499637742753
2438,2.0204652173561044e-06,0.989712845499321,5.43499709237949e-06,1.0471818290155028,2.2942853661334084e-07,0.0,1.4733764430729934e-07,0.9626815958933533,2.211157834608457e-08,0.1,0.0005490691292142387
2439,9.663763194112107e-07,0.9896408386261036,2.2470546809927328e-06,1.0469389478839788,2.2960952605899365e-07,0.0,1.1665642318803293e-07,0.9629973309335489,1.1575633607208147e-07,0.1,0.0005482881748147038
2440,1.057548615790438e-06,0.9890835434015892,6.098120138631202e-06,1.0479837990441334,2.2957155465519463e-07,0.0,1.3247270658212074e-07,0.9625106203401391,1.6315713935455278e-07,0.1,0.000547507102502598
2441,1.1319561963318847e-06,0.9894014119915041,1.4129526562101091e-06,1.0474485633835768,2.2932354681870493e-07,0.0,1.2523733516900393e-07,0.9627288310631719,1.459474674447847e-07,0.1,0.0005467259142051397
2442,9.832269824983086e-07,0.9889161181090691,3.151376404275652e-06,1.0482825655342844,2.2961188506087638e-07,0.0,1.2857412912126165e-07,0.9623809647608295,6.875319513710565e-08,0.1,0.0005459446118498332
2443,9.778078720046324e-07,0.988973865847632,2.063367901428137e-06,1.0479241807770656,2.2933593868401658e-07,0.0,1.4964047068133368e-07,0.9626824420623252,1.2299420859562815e-07,0.1,0.0005451631973644646
2444,9.085683814191725e-07,0.9885454601953357,4.505491688178154e-06,1.0487591043735045,2.296021932579606e-07,0.0,1.3082248528917262e-07,0.9622767627212971,1.0132229277814986e-07,0.1,0.0005443816726770963
2445,2.6278003133484162e-06,0.9895741100208345,6.068034963391256e-06,1.0480915981429344,2.2933134857794357e-07,0.0,2.1281887541135802e-07,0.9619164560531157,5.225802013342218e-09,0.1,0.0005436000397160629
2446,1.0386080475655035e-06,0.9895165257313852,1.8614399550642702e-06,1.0478397150606034,2.2922026232663484e-07,0.0,1.463498051634815e-07,0.9622267586786268,5.7562161259738787e-08,0.1,0.0005428183004099657
2447,1.2362429515633266e-06,0.9896776050053587,1.9811261608992936e-06,1.047749943616309,2.2950401046273328e-07,0.0,1.3201082538216724e-07,0.9621562844330062,1.9130513351228728e-07,0.1,0.0005420364566876692
2448,1.1293456054772832e-06,0.9892805490322141,3.938785994250793e-06,1.0483629827743641,2.2946386479816283e-07,0.0,1.4669556946955709e-07,0.9619411331658194,1.1192399540504994e-07,0.1,0.0005412545104782949
2449,1.3018579920753837e-06,0.9896970063854204,8.558490662835538e-07,1.0478138043830272,2.294305687655651e-07,0.0,1.2853962516601314e-07,0.9620746844586703,1.992620752844232e-07,0.1,0.0005404724637112172
2450,9.995699201681418e-07,0.9897085874791967,4.34701178164687e-07,1.0474822867639997,2.2979301661507634e-07,0.0,1.2807291227545647e-07,0.9623954495789623,1.1144359746140253e-07,0.1,0.0005396903183160586
2451,9.311909252573969e-07,0.9887298640019891,3.7943682400509715e-06,1.0493862452556841,2.297483945312706e-07,0.0,1.3289152889228717e-07,0.9614710415031649,7.696320381000987e-08,0.1,0.0005389080762226857
2452,1.1285409300398896e-06,0.9889844224315205,1.4987529084464768e-06,1.0488322701053852,2.2907370578195696e-07,0.0,1.601587769073376e-07,0.9617712835095619,6.985234790590766e-08,0.1,0.0005381257393612026
2453,1.5735963643237483e-06,0.9892059406261484,1.7403393712811521e-06,1.0486850997973416,2.2957281942126428e-07,0.0,1.6829730498102435e-07,0.9616977592588606,2.1326684418454533e-08,0.1,0.0005373433096619477
2454,9.692178082332248e-07,0.988554274177936,4.478633400140097e-06,1.0499081854597327,2.296776244747889e-07,0.0,1.1676631572754559e-07,0.961127162034117,7.08405565319481e-08,0.1,0.000536560789055489
2455,1.2311243153817486e-06,0.9888574461671866,2.248401415272383e-06,1.0494031041857965,2.2979162395131425e-07,0.0,1.3328349268704187e-07,0.9613298916650809,2.1478992096035654e-07,0.1,0.0005357781794726179
2456,1.1362284340066253e-06,0.9889864907005498,1.1305977523079491e-06,1.0490317371164317,2.29426433406843e-07,0.0,1.300003162896246e-07,0.9615730329074887,4.265348252374679e-08,0.1,0.0005349954828443459
2457,1.5899835261734552e-06,0.9881483335878264,4.945340151607525e-06,1.0506852813501575,2.2982554526151944e-07,0.0,1.5008534148819308e-07,0.9607584628562985,2.6719337853364777e-08,0.1,0.0005342127011018989
2458,1.0193758726018132e-06,0.9880813209440658,2.469484343237127e-06,1.0503741577520667,2.2928151111045736e-07,0.0,1.4997303310337884e-07,0.9611374145346392,1.1859930282298592e-07,0.1,0.0005334298361767132
2459,1.5695924275860307e-06,0.9885326121935485,2.2306348910205998e-06,1.050029522300531,2.2945098976379086e-07,0.0,1.4726904851158906e-07,0.9610315725431239,2.8286433462199057e-07,0.1,0.0005326468900004305
2460,1.0694304819480749e-06,0.9884184953613974,2.1242206003080355e-06,1.0500619502401862,2.2869528493174585e-07,0.0,1.2279119232516678e-07,0.9611140736152524,7.115688305248113e-08,0.1,0.0005318638645048922
2461,1.0521323474677047e-06,0.9884249255236699,1.945369376699091e-06,1.0498812568190585,2.2991818582340784e-07,0.0,1.3433466961032536e-07,0.9612891474301931,5.812013625927648e-08,0.1,0.0005310807616221359
2462,9.499077577856951e-07,0.9884869504034892,1.5211919617286185e-06,1.0497026768635027,2.292810847848159e-07,0.0,1.2148058203820256e-07,0.9614065114417136,1.0041719633591129e-07,0.1,0.0005302975832843904
2463,1.114441033678304e-06,0.9877403785946318,5.438265816337662e-06,1.0511590066778602,2.295736720725472e-07,0.0,1.3380771690663096e-07,0.9606975607549348,6.759819370927289e-08,0.1,0.0005295143314240702
2464,2.2060819446778623e-06,0.9882757480528503,6.689380825264379e-06,1.0507736690547564,2.2906914409759338e-07,0.0,1.753066669607506e-07,0.9605483346247115,4.3496959278854774e-07,0.1,0.0005287310079737713
2465,9.07032244867878e-07,0.9880899422905601,4.090939000889193e-06,1.050640736576874,2.2993597781351127e-07,0.0,1.5105021589079115e-07,0.9608678769591711,1.037213621657429e-07,0.1,0.0005279476148662667
2466,1.1008941100953962e-06,0.9884850117326349,1.0546488056206726e-06,1.0500669352846488,2.290181271291658e-07,0.0,1.5028579980480572e-07,0.9610474112962242,5.215985510176324e-08,0.1,0.000527164154034501
2467,9.334368087365874e-07,0.9883362760237128,1.1757936135836644e-06,1.0500488690022687,2.2917299702385208e-07,0.0,1.687220390067523e-07,0.9612150141702579,1.052329281492348e-07,0.1,0.0005263806274115858
2468,1.0847952580661513e-06,0.9877133907155767,3.6255421491659945e-06,1.0513697091962486,2.2950689526624046e-07,0.0,1.2043483366142027e-07,0.9605178585661808,1.8133695789401827e-07,0.1,0.0005255970369307949
2469,1.523273226666788e-06,0.9880404489738238,3.153338639094727e-06,1.051031515094271,2.2916121622529317e-07,0.0,1.2903265655950236e-07,0.9605297920939139,3.155366812279681e-07,0.1,0.0005248133845255605
2470,1.0809305877046427e-06,0.9880208707160575,1.8652172002475709e-06,1.0507801599140718,2.291954501743021e-07,0.0,1.2010349337288062e-07,0.9608015216213116,1.511299956291623e-07,0.1,0.0005240296721294665
2471,9.145226158580044e-07,0.9876732022317769,3.335139808768872e-06,1.0512929552216062,2.2967255119965557e-07,0.0,1.2407969052219414e-07,0.9606371892961072,1.258708266504982e-07,0.1,0.0005232459016762457
2472,1.276905322811217e-06,0.9878435897345421,4.2417382246640045e-06,1.051204198181674,2.2849036440675263e-07,0.0,1.3490799233295547e-07,0.9605563517431219,3.997587327830843e-08,0.1,0.0005224620750997735
2473,9.491884611634305e-07,0.9878945367706442,1.0984739446939784e-06,1.0507346273657547,2.296733327966649e-07,0.0,1.363225550221614e-07,0.9609757668477603,1.6574900030263962e-07,0.1,0.0005216781943340644
2474,1.6375526001866092e-06,0.9876915583593051,2.8533663680718746e-06,1.051483466338794,2.2906264973698853e-07,0.0,1.3759307648797403e-07,0.9604306960290231,2.9375411259024986e-07,0.1,0.0005208942613132659
2475,1.1068809726566542e-06,0.9875838265375824,1.812526534195058e-06,1.0512142549737729,2.2971056523601874e-07,0.0,1.4854165897304483e-07,0.9608084273800337,1.4930567715509824e-07,0.1,0.0005201102779716549
2476,1.3053524980932707e-06,0.9875860815822479,2.639925696712453e-06,1.0514026633421758,2.2942843713735783e-07,0.0,1.3230956596999022e-07,0.9606185505556915,3.284220539967464e-08,0.1,0.0005193262462436323
2477,2.4441155801468994e-06,0.9871463868873647,8.693235940882005e-06,1.0525245980364162,2.2918305830899044e-07,0.0,1.4239641643598588e-07,0.9599370955726697,8.09495048770259e-09,0.1,0.0005185421680637187
2478,2.009900981647661e-06,0.9871362285848573,6.032084911566926e-06,1.0522703854019277,2.2914352371117275e-07,0.0,1.4656815494618058e-07,0.960202249956753,3.8451193518085347e-07,0.1,0.0005177580453665491
2479,1.3846197361999657e-06,0.9870942798768024,4.44115585196414e-06,1.052145686295803,2.2961521040087973e-07,0.0,1.236574860286055e-07,0.9603696796519093,2.676442250049149e-07,0.1,0.0005169738800868677
2480,1.0971490382871707e-06,0.986986401475973,4.381078724691179e-06,1.0520957753061704,2.29402033369297e-07,0.0,1.252116135219694e-07,0.9605282493603682,4.59684414977346e-08,0.1,0.0005161896741595252
2481,9.462505659030285e-07,0.9870596209916633,4.782145879289601e-07,1.0514846414909407,2.2909418362360157e-07,0.0,1.4962560612730158e-07,0.9610669424180487,1.3583456848209607e-07,0.1,0.0005154054295194712
2482,1.1737083696061745e-06,0.9862147447763716,2.058658765236032e-06,1.0531533782758473,2.2912672648089938e-07,0.0,1.4665597802832053e-07,0.9602438590498377,1.7241339378415432e-07,0.1,0.0005146211481017515
2483,1.0253695563733345e-06,0.985924845031781,3.378393557795789e-06,1.0535196747494266,2.2924946563307458e-07,0.0,1.5948172915614123e-07,0.960168237968627,1.6925595502925717e-07,0.1,0.0005138368318415027
2484,1.4694134051751462e-06,0.9864899394294705,2.1250700683594914e-06,1.0531011935577967,2.298212109508313e-07,0.0,1.193928369502828e-07,0.9600223988598259,2.8019623954378403e-08,0.1,0.0005130524826739472
2485,1.1536188821992255e-06,0.9860637619552254,4.122923655813793e-06,1.0537340002002324,2.2977874891694228e-07,0.0,1.2568355600706127e-07,0.9598165422414732,3.6476563991527655e-08,0.1,0.0005122681025343884
2486,2.3698105451330775e-06,0.986870353758139,3.3959522625082172e-06,1.0531472958841444,2.2954485245918477e-07,0.0,1.4126874248177046e-07,0.9595974257601582,4.776567266162601e-07,0.1,0.0005114836933582064
2487,2.14407828025287e-06,0.9865169094179157,6.377595582307549e-06,1.0536870089026793,2.2935712706839695e-07,0.0,1.5169814560067607e-07,0.959411926546117,4.436597578205692e-07,0.1,0.000510699257080853
2488,2.6802485990629066e-06,0.9867632923261024,5.7609076975495555e-06,1.05344413791421,2.2945424404952064e-07,0.0,1.4646769841419882e-07,0.9594091825525108,1.0846123998931034e-08,0.1,0.0005099147956378465
2489,2.2199963041202864e-06,0.9866428255387683,5.9687072280212305e-06,1.0533903493845347,2.2951678602112224e-07,0.0,1.578468271645761e-07,0.9595842042605476,1.1794080378990657e-08,0.1,0.0005091303109647677
2490,2.7104565560875926e-06,0.9869056775894413,3.509018142722198e-06,1.0529410462520226,2.2922081654996873e-07,0.0,1.7539429109092453e-07,0.9597714202013979,5.786088763670705e-07,0.1,0.0005083458049972545
2491,2.976160430989694e-06,0.9867324635696536,5.905273155804025e-06,1.0532748137608234,2.293461420777021e-07,0.0,1.8372548993284e-07,0.9596116300424432,6.073638587622554e-07,0.1,0.0005075612796709975
2492,2.8794652280339506e-06,0.9868211936113326,4.744300440506777e-06,1.05307146803839,2.2874802141359396e-07,0.0,1.731578436192649e-07,0.9597270075273594,1.0065701161465768e-08,0.1,0.0005067767369217348
2493,2.9891937174397754e-06,0.9866714971700461,7.0131663960637525e-06,1.05324836266713,2.298203582995484e-07,0.0,1.9395375261410663e-07,0.9597005696212212,5.920565371297926e-09,0.1,0.0005059921786852476
2494,2.4072517135209637e-06,0.986601811149441,5.740700089518214e-06,1.0530602238927873,2.2936153243335866e-07,0.0,2.077727003779728e-07,0.9599591531776819,4.951145911036292e-07,0.1,0.0005052076068973555
2495,2.2143508431327064e-06,0.9867957294409286,3.313399247417692e-06,1.0527837622033946,2.2994930759523413e-07,0.0,1.5989670032467984e-07,0.9600424538203355,4.6644424855912803e-07,0.1,0.0005044230234939114
2496,1.246675765287364e-06,0.9867513648700714,1.0553291076575988e-06,1.0524060784293796,2.295358143555859e-07,0.0,1.4897823064075055e-07,0.960465257896224,4.1224641478265767e-08,0.1,0.0005036384304107968
2497,2.6225934561807662e-06,0.9857761132520498,1.259661621588748e-05,1.0543060803584032,2.299370294167602e-07,0.0,1.5387072949124558e-07,0.959541261805532,1.2525715575861796e-08,0.1,0.000502853829583917
2498,3.643987383838976e-06,0.9860347109757929,1.1447178621892817e-05,1.0539633510671782,2.2960801970839384e-07,0.0,1.8282923974766163e-07,0.9596261460856377,7.769887702124834e-07,0.1,0.0005020692229491969
2499,1.1018205441359896e-06,0.9859723196510152,6.444795985771634e-07,1.0535666951864746,2.2932013621357328e-07,0.0,1.3143213095645478e-07,0.96008594449907,1.7114790296091087e-07,0.1,0.0005012846124425752
2500,3.117847427347442e-06,0.9850019684728452,6.51839127385756e-06,1.0554592227535142,2.2974191438152047e-07,0.0,2.1937465533028444e-07,0.9591645178164868,7.815661007271046e-09,0.1,0.0005005000000000001
2501,1.108714286601753e-06,0.9848811056307025,3.062964651689981e-06,1.0553018273665478,2.2950453626435774e-07,0.0,1.5346583381870005e-07,0.9594435242532193,5.551063253506072e-08,0.1,0.000499715387557425
2502,1.235878130501078e-06,0.9850880065900887,2.66629194811685e-06,1.055114110035036,2.2976516333983454e-07,0.0,1.3011757005187974e-07,0.9594250873373015,2.056471544165106e-07,0.1,0.0004989307770508032
2503,1.1142703897348838e-06,0.9851817682579116,1.7080179759432212e-06,1.0548240562727136,2.2928578857772663e-07,0.0,1.235798094967322e-07,0.9596221246510804,1.5670224229324958e-07,0.1,0.0004981461704160831
2504,9.531150340080785e-07,0.9846805000976215,3.862629910145188e-06,1.0556321211601574,2.2942265331948875e-07,0.0,1.3886898386772373e-07,0.9593160716535125,1.2850202324443671e-07,0.1,0.0004973615695892034
2505,2.2832643935544183e-06,0.9856049374470113,3.9403298615070526e-06,1.055000894844603,2.288434188812971e-07,0.0,1.7924175210737303e-07,0.9590236028625474,1.2169655505545052e-08,0.1,0.0004965769765060889
2506,1.3558599221141776e-06,0.9855772806154786,1.925948026837432e-06,1.0547410424591879,2.2937911126064137e-07,0.0,1.5056573943184048e-07,0.9593118528386224,4.416401822027183e-08,0.1,0.0004957923931026446
2507,2.410283741482999e-06,0.9853129024768639,5.352751941245515e-06,1.0555589975906148,2.2970087343310297e-07,0.0,1.690293061074044e-07,0.9587590151241598,4.2640692754503107e-07,0.1,0.0004950078213147526
2508,1.06306174529891e-06,0.9851339027563267,2.609853254398331e-06,1.055278471366245,2.2910067798420641e-07,0.0,1.6825737247927464e-07,0.9592192788695986,1.3673522403223615e-07,0.1,0.0004942232630782654
2509,2.0168672563158907e-06,0.9851730336996727,6.0643542383331805e-06,1.0557174730483185,2.2916336206435517e-07,0.0,1.8041787086531258e-07,0.9587418825698479,1.8092123355017975e-08,0.1,0.0004934387203290027
2510,9.687253168522147e-07,0.9851340070210299,1.6290205167024396e-06,1.0553603366386952,2.3006703031569486e-07,0.0,1.4887496035953518e-07,0.9591387805118675,1.124837183397176e-07,0.1,0.0004926541950027458
2511,1.0392119520474807e-06,0.9852808548276526,1.2899804460175801e-06,1.055093595733041,2.2991102355263138e-07,0.0,1.4897324263074552e-07,0.9592594069956801,1.6996455087792128e-07,0.1,0.0004918696890352325
2512,1.6313618971253163e-06,0.9848337688870041,3.8677339944115374e-06,1.0561704412326087,2.293028558142396e-07,0.0,1.460852416812486e-07,0.9586303793555057,2.911808394401305e-07,0.1,0.0004910852043621537
2513,1.2871362287114607e-06,0.9847425615446369,3.0222720397432568e-06,1.0559313386139835,2.2896597329236101e-07,0.0,1.6664915847286466e-07,0.9589614197721377,3.6550545701175e-08,0.1,0.0004903007429191473
2514,1.1096844900748692e-06,0.984983257290404,1.0505486898182426e-06,1.055543177286336,2.2945768307636172e-07,0.0,1.2263319604244316e-07,0.9591096143494766,5.571335393028676e-08,0.1,0.0004895163066417938
2515,1.0180701792705804e-06,0.9849134823635857,1.223533558913914e-06,1.0555851338538333,2.296862220418916e-07,0.0,1.1875889072143764e-07,0.9591381602469943,1.366813364711561e-07,0.1,0.0004887318974656118
2516,1.0509537560210447e-06,0.9841793716456332,4.149425421928754e-06,1.0569758660431317,2.2892638185112446e-07,0.0,1.3551945698964118e-07,0.9584822648594963,1.1090839535654595e-07,0.1,0.000487947517326053
2517,1.0800556538015371e-06,0.9844665187719983,1.6189452480830369e-06,1.0565261733501674,2.297079220170417e-07,0.0,1.1896128171429154e-07,0.9586455350585016,1.506625011415963e-07,0.1,0.0004871631681584975
2518,1.0292213801221806e-06,0.9842790641833266,1.923085164889926e-06,1.0564024160676597,2.2953912548473454e-07,0.0,1.6728853324821102e-07,0.958957470113547,1.6855437934282236e-07,0.1,0.00048637885189824865
2519,1.0116185649167164e-06,0.9843874291508917,1.8502825014365953e-06,1.056345209259259,2.2965015489262441e-07,0.0,1.2834516383009031e-07,0.9589070336926039,6.168274779838612e-08,0.1,0.0004855945704805289
2520,1.007105311146006e-06,0.9842061772847984,2.9181087484175805e-06,1.0566430295980855,2.2921304321243952e-07,0.0,1.3018191680203017e-07,0.9587911855153374,4.786544849366692e-08,0.1,0.000484810325840475
2521,1.0392916465207236e-06,0.9844661123549399,1.3374361742535257e-06,1.0562223468586476,2.2960989554121625e-07,0.0,1.1753259343549871e-07,0.9589526520402298,1.1552712209095262e-07,0.1,0.0004840261199131324
2522,9.956676194633474e-07,0.9839870467205533,3.016130676769535e-06,1.0569047221854995,2.2859916271045222e-07,0.0,1.571478662754089e-07,0.9587500597663683,1.5343229620157217e-07,0.1,0.00048324195463345126
2523,1.005970034384518e-06,0.9840910956280976,2.4516343728464562e-06,1.0566719457277256,2.297312704513388e-07,0.0,1.551275943256769e-07,0.9588795033010818,5.359817834005298e-08,0.1,0.0004824578319362814
2524,1.0235530680802185e-06,0.9843050706245007,1.461090278098709e-06,1.0563346976689003,2.2945054922729469e-07,0.0,1.3829814804466878e-07,0.9590034909167352,4.024106559086249e-08,0.1,0.0004816737537563677
2525,8.47215005705948e-07,0.9841052960208613,1.9459278064459795e-06,1.0564958949778243,2.2852532310935203e-07,0.0,1.4484595567409997e-07,0.9590427813362897,8.682930996428695e-08,0.1,0.00048088972202834534
2526,1.1304796316835564e-06,0.9844691625227182,1.665258082539367e-06,1.0562089544501465,2.2950564471102552e-07,0.0,1.2690463790931972e-07,0.9589665670614133,1.7785791328606138e-07,0.1,0.0004801057386867343
2527,9.00994734820415e-07,0.9845444172598803,8.965470215116511e-07,1.0559030279990502,2.2928597331883793e-07,0.0,1.1336558003449682e-07,0.9591979490519631,1.0927551841177774e-07,0.1,0.0004793218056659358
2528,9.59405156208959e-07,0.9843256058347053,1.526406776974909e-06,1.0562115123990474,2.2994510118223843e-07,0.0,1.3214835803410097e-07,0.9591089849339135,6.23338181071631e-08,0.1,0.0004785379249002266
2529,9.55358927967609e-07,0.9844118699834459,1.2376889344523079e-06,1.0559763267520783,2.2928543330635875e-07,0.0,1.3325862369129027e-07,0.9592586138719099,4.65282248285348e-08,0.1,0.0004777540983237545
2530,9.453779057366773e-07,0.9836492332746414,4.364179858384887e-06,1.0574797889360297,2.2953176426199207e-07,0.0,1.1297842661406321e-07,0.9585184944223588,1.3222303607562935e-07,0.1,0.00047697032787053347
2531,1.063183844962623e-06,0.983882123744858,2.0099832909181714e-06,1.0569834601781927,2.293405287900896e-07,0.0,1.2530281878753158e-07,0.9587826373242299,4.3077868383534224e-08,0.1,0.00047618661547443967
2532,1.0672939652067726e-06,0.9839827658538587,1.6209110071940813e-06,1.0567470957430027,2.293324996571755e-07,0.0,1.241463962742273e-07,0.9589190628561458,3.414133331602898e-08,0.1,0.0004754029630692052
2533,8.279277494693815e-07,0.9838456774068917,1.8296187818123144e-06,1.056817188008645,2.2894957396601967e-07,0.0,1.1754341500136434e-07,0.9589867608374893,8.010235319488856e-08,0.1,0.00047461937258841457
2534,2.2524964151671156e-06,0.983532808804162,7.19541503713117e-06,1.0579098136051477,2.298614134588206e-07,0.0,1.3899727946409257e-07,0.9582077042408366,4.7357428911709576e-07,0.1,0.00047383584596549924
2535,1.0578892215562519e-06,0.983486976671336,1.7575542869963101e-06,1.057530030434181,2.2918020192719268e-07,0.0,1.1769666485861308e-07,0.9586340185416558,5.0863746992035885e-08,0.1,0.0004730523851337335
2536,5.033969046053244e-06,0.98282769627108,1.2160042388131842e-05,1.0590975878606284,2.2885916450832156e-07,0.0,1.8795813616634405e-07,0.9577264391151956,1.3682792676661393e-09,0.1,0.0004722689920262288
2537,9.57940301304916e-07,0.9827394377263414,8.796002362032596e-07,1.058759377225353,2.2935915922062122e-07,0.0,1.1579933101302231e-07,0.9581536045004391,1.5143314158194698e-07,0.1,0.00047148566857593
2538,4.079886821273249e-06,0.9817751118202593,1.01348387033795e-05,1.0606433150144767,2.284681812625422e-07,0.0,2.248030028795256e-07,0.9572346874309126,8.526275223630364e-07,0.1,0.00047070241671560986
2539,8.66929212861578e-07,0.9816753333279998,1.4204239278114983e-06,1.0603261149191676,2.2982810321536817e-07,0.0,1.4522603919431276e-07,0.9576523594430643,6.669417018656532e-08,0.1,0.00046991923837786433
2540,3.9045544326654635e-06,0.9831372240709021,4.1050329855352174e-06,1.0596895236542578,2.2919876130345074e-07,0.0,1.792552666302072e-07,0.956827752003499,3.991112329515545e-09,0.1,0.0004691361354951082
2541,2.2979161258263048e-06,0.9827824853899899,6.223207492439542e-06,1.0601201848179376,2.2927000031813805e-07,0.0,1.6223653176439257e-07,0.956752520175774,1.2045656916370717e-08,0.1,0.00046835310999956975
2542,3.346103767398745e-06,0.9828602743093724,9.576650882081594e-06,1.060138048053405,2.2915074282536807e-07,0.0,1.9722034494407126e-07,0.9566575572953471,7.303356142074335e-07,0.1,0.0004675701638232868
2543,2.6469335807632888e-06,0.9829791083030383,5.628233793686377e-06,1.0599051655309462,2.30410421409033e-07,0.0,1.4569832273991778e-07,0.9567722937207034,5.752885954279918e-07,0.1,0.0004667872988981013
2544,1.6361652797058923e-06,0.98295009044731,3.2568059395998716e-06,1.0596874349430667,2.293813849973958e-07,0.0,1.2138951888118754e-07,0.9570197286857692,2.1007904749126283e-08,0.1,0.00046600451715565446
2545,3.127349373244215e-06,0.9826347530437286,9.891919034998864e-06,1.0605812289221,2.290736489385381e-07,0.0,1.526378241578641e-07,0.9564419572594193,5.769206445904729e-09,0.1,0.0004652218205273823
2546,1.7861846117739333e-06,0.9825481540213352,6.424721505027264e-06,1.0604137898443167,2.2918644049241266e-07,0.0,1.306473791373719e-07,0.9566966791390847,3.5626445082925784e-07,0.1,0.0004644392109445113
2547,1.5468403944396414e-06,0.9826321820949708,2.071696826533298e-06,1.0599028793325276,2.2959468992667098e-07,0.0,1.4527753933180065e-07,0.9571242439898519,3.109189776751009e-07,0.1,0.0004636566903380525
2548,1.6036061651902855e-06,0.9825568777850122,2.969607976410771e-06,1.0601077215174826,2.2904259822098538e-07,0.0,1.3259338516036223e-07,0.9569953871633265,2.6579604295307035e-08,0.1,0.00046287426063879765
2549,1.2713926480500959e-06,0.9826083962950793,1.7014891682265443e-06,1.0598040725554665,2.2870872840030643e-07,0.0,1.2346112043815083e-07,0.9572481973023305,3.487754440811841e-08,0.1,0.0004620919237773146
2550,9.82415372163814e-07,0.9822285988664429,3.036642056031269e-06,1.0602972096790426,2.2942687394333916e-07,0.0,1.3428949330318574e-07,0.9571355359357513,1.5731953340036853e-07,0.1,0.0004613096816839416
2551,1.5859111499594292e-06,0.9825779590875704,3.4994657198694767e-06,1.0600059378874847,2.2891244100264885e-07,0.0,1.5951830789617816e-07,0.957078124478564,3.159377115480311e-07,0.1,0.0004605275362887832
2552,9.633538411435438e-07,0.982185138298858,6.045235750207212e-06,1.0606457050692626,2.295990952916327e-07,0.0,1.2159716789028607e-07,0.9568318537046129,9.179989035601466e-08,0.1,0.0004597454895217054
2553,9.481883580519934e-07,0.9823261397513675,2.933299583673943e-06,1.060196889418879,2.29584060207344e-07,0.0,1.3193755421525566e-07,0.9571403421710388,7.503276577836004e-08,0.1,0.000458963543312331
2554,8.848895731716766e-07,0.9823152499045718,2.5581875888747163e-06,1.059975003006191,2.2891796902513306e-07,0.0,1.475978592679894e-07,0.9573737913512113,7.470571006251703e-08,0.1,0.0004581816995900344
2555,9.66417474046466e-07,0.9825546931870474,2.0587369817803847e-06,1.0597593065293265,2.287158906710829e-07,0.0,1.1694719148636068e-07,0.9573507161211207,1.3712990210024145e-07,0.1,0.0004573999602839374
2556,2.8378585739119444e-06,0.98261886409746,7.120932878024178e-06,1.0603790613758641,2.297628896030801e-07,0.0,1.698197706900828e-07,0.9566674605972112,5.475216084960266e-07,0.1,0.00045661832732290386
2557,9.491875516687287e-07,0.982531052322458,2.1456107788253576e-06,1.0601081220867141,2.2917589603821398e-07,0.0,1.2001416394014086e-07,0.9570268805546085,7.870657725561614e-08,0.1,0.00045583680263553555
2558,2.14041278923105e-06,0.983080180890935,3.881105840264354e-06,1.0599586539593084,2.2961259560361214e-07,0.0,1.4147661886454443e-07,0.9566278876696646,1.122848036771984e-08,0.1,0.00045505538815016696
2559,9.668085567682283e-07,0.9829016200093713,3.0034163955861004e-06,1.059927408890044,2.2952349354454782e-07,0.0,1.1422671519767391e-07,0.9568383598421756,6.564729915226053e-08,0.1,0.00045427408579486054
2560,2.8305012165219523e-06,0.9830268383910364,1.0042322173831053e-05,1.0604672461875595,2.296420120728726e-07,0.0,1.668438187607535e-07,0.9561739690529006,5.844052566317259e-07,0.1,0.0004534928974974022
2561,9.98768200588529e-07,0.9829934699718058,1.0328984672014485e-06,1.0600729841422618,2.295284389219887e-07,0.0,1.194731282794237e-07,0.9566022630782195,5.5532368037347624e-08,0.1,0.00045271182518529646
2562,2.6466523195267655e-06,0.9827475085450642,3.812072236542008e-06,1.06099282273131,2.2930629484108067e-07,0.0,1.8594894868328993e-07,0.9559290481502457,7.790035283505858e-09,0.1,0.0004519308707857617
2563,9.8294549388811e-07,0.9826217193675967,2.3745244561723666e-06,1.060951879583663,2.2950715106162534e-07,0.0,1.1579848546716676e-07,0.9560964413858861,5.603011743460229e-08,0.1,0.000451150036225725
2564,3.2245907277683727e-06,0.9839407645584883,3.3778837860154454e-06,1.0601872714339104,2.2919553543943039e-07,0.0,1.6582519890562253e-07,0.9555426639341132,6.719000111843343e-07,0.1,0.00045036932343181827
2565,1.8935054413304897e-06,0.9834279166200292,6.810942977608647e-06,1.0609731073834505,2.2913418717962486e-07,0.0,1.5374982353932864e-07,0.9552703341938791,4.285491286282195e-07,0.1,0.00044958873433037267
2566,3.353993179189274e-06,0.9840267318203358,3.965837095165625e-06,1.060329128508323,2.29386614591931e-07,0.0,1.96790836071159e-07,0.9553161548236635,3.776180257375472e-09,0.1,0.0004488082708474141
2567,4.034381618112093e-06,0.9837702914154973,8.360742867807858e-06,1.0609725675659734,2.2952741574044921e-07,0.0,1.7734561197357834e-07,0.9549298118125622,3.785591395910615e-09,0.1,0.0004480279349086586
2568,1.934015926963184e-06,0.9836785227736209,1.1866163731610868e-06,1.0604756086196223,2.2913744146535464e-07,0.0,1.8049362893179932e-07,0.9555191937318724,4.1525839833411737e-07,0.1,0.0004472477284395077
2569,6.95469952916028e-06,0.9827134943541377,1.2497342140704859e-05,1.0623556676642663,2.2984706049555825e-07,0.0,2.9780676413793117e-07,0.9546048161297866,1.526364712844952e-06,0.1,0.00044646765336504336
2570,9.15346504370973e-07,0.9826548271649036,9.965614253815147e-07,1.0620921828959482,2.2949755873469257e-07,0.0,1.305933494677447e-07,0.9549276198050208,6.787419692955154e-08,0.1,0.000445687711610023
2571,5.7558690969017334e-06,0.9816876846198508,1.6946714822552167e-05,1.0639743554762726,2.2934908372462814e-07,0.0,2.3106247226678533e-07,0.9540132401846476,7.246469535537869e-10,0.1,0.0004449079050988756
2572,9.410686061528395e-07,0.9815932109022749,1.5704073348388192e-06,1.0636565486371736,2.29271648777285e-07,0.0,1.3463943560054759e-07,0.9544261698560416,1.3276394383865409e-07,0.1,0.00044412823575569596
2573,5.469781626743497e-06,0.9828138859876069,7.507252121286001e-06,1.0633098696066192,2.2905544483364793e-07,0.0,2.3701589668689849e-07,0.9535528216184025,1.220258354805992e-06,0.1,0.000443348705504241
2574,1.6436181340395706e-06,0.9827566857802904,2.704844746403978e-06,1.0631487368158974,2.293851366630406e-07,0.0,1.2228730383867514e-07,0.9537718011385927,3.3592391446291003e-07,0.1,0.0004425693162679239
2575,4.232002538628876e-06,0.9820212662705886,1.3592070899903774e-05,1.0647138262162659,2.2932881904580427e-07,0.0,1.8797629763867008e-07,0.9529427764776803,2.588767866740227e-09,0.1,0.00044179006996981023
2576,1.1642853223747807e-06,0.9819677054008444,2.1662760900653666e-06,1.064396299959662,2.2974077751314326e-07,0.0,1.1547199818551235e-07,0.9533145075439685,3.915967639045448e-08,0.1,0.0004410109685326127
2577,1.2748503195325611e-06,0.9820630032201878,2.176605903514428e-06,1.0642362732958193,2.2964738377595495e-07,0.0,1.1658728737984347e-07,0.9533798790411716,2.5643140588726965e-07,0.1,0.00044023201387868676
2578,1.3598829582406324e-06,0.9819403378244622,3.252773467465886e-06,1.0644001092662354,2.2932125887109578e-07,0.0,1.2783252145709412e-07,0.9533393498345226,2.717656570894178e-07,0.1,0.00043945320793002527
2579,1.26279451251321e-06,0.9821181929736641,1.7487797094872803e-06,1.0640441993755159,2.2971363478063722e-07,0.0,1.1230588370381156e-07,0.953518044661987,2.679571586838847e-08,0.1,0.0004386745526082549
2580,1.814140091482841e-06,0.9821733306966356,2.940081458291388e-06,1.0642191462912158,2.2965849666434224e-07,0.0,1.1562060819869657e-07,0.95328859882973,1.1334413407837474e-08,0.1,0.00043789604983463014
2581,1.1111485491710482e-06,0.9820218815733487,2.409543412795756e-06,1.0640917789737245,2.2921952336218965e-07,0.0,1.1453801107563777e-07,0.9535680527999489,1.6232922916969983e-07,0.1,0.000437117701530029
2582,2.232862016171566e-06,0.9827967106027061,1.4461550108535448e-06,1.0633886729350754,2.2936899313208414e-07,0.0,1.464070180645649e-07,0.9534969660642599,4.344184958426922e-07,0.1,0.00043633950961494887
2583,1.0353066954849055e-06,0.9820193784864676,4.438655196281616e-06,1.0648214700124732,2.291644136676041e-07,0.0,1.1083224649155454e-07,0.9528421360862461,1.6792299106782593e-07,0.1,0.0004355614760095007
2584,3.9388241930282675e-06,0.9835376668681912,6.984030733292457e-06,1.0639609520616076,2.2904553986791143e-07,0.0,1.6753335785324452e-07,0.9521849993692023,3.942733695083689e-09,0.1,0.000434783602633405
2585,1.8939376786875073e-06,0.9833357630527655,6.553830644406844e-06,1.0640460728558327,2.302385979646715e-07,0.0,1.2910811619804008e-07,0.9523024148374233,1.3593631109642956e-08,0.1,0.00043400589140598717
2586,4.377060577098746e-06,0.9839438647792248,1.0303685485268943e-05,1.063674357911313,2.2933049592666066e-07,0.0,1.8831143222541868e-07,0.9520666592382425,8.98497887646954e-07,0.1,0.00043322834424617233
2587,2.2092383460403653e-06,0.9839166493797913,4.175185040367069e-06,1.063400301335974,2.2927588361199014e-07,0.0,1.4199292763805715e-07,0.9523685611340394,3.989789263414423e-07,0.1,0.0004324509630724809
2588,2.9924481168563943e-06,0.9839663927311533,6.323449269984849e-06,1.0634705058933462,2.2894121798344713e-07,0.0,1.558307474169851e-07,0.9522492418871176,6.489059067860126e-09,0.1,0.00043167374980302337
2589,2.780090653686784e-06,0.9839866781521954,5.610244443232659e-06,1.063293698707756,2.2944324484797107e-07,0.0,1.5612724268976308e-07,0.9524063910567832,1.0641935332955654e-08,0.1,0.0004308967063554965
2590,2.296412048963248e-06,0.9838690973113099,6.073800250305794e-06,1.0632693791458094,2.2919313380498352e-07,0.0,1.6162624660864822e-07,0.9525489176105497,4.855648398915946e-07,0.1,0.00043011983464717756
2591,1.888759925350314e-06,0.9839111148940407,3.135537781417952e-06,1.0628874291558128,2.2914346686775389e-07,0.0,1.6698120930414007e-07,0.9528894749170743,3.6214416354596324e-07,0.1,0.0004293431365949204
2592,1.1245865607634187e-06,0.9838298537181046,2.5407025532331318e-06,1.0628619848157992,2.2959847001402522e-07,0.0,1.2178679753560573e-07,0.9529968040831093,3.149057903328867e-08,0.1,0.0004285666141151501
2593,1.4008102198204142e-06,0.9838047370108557,4.230818831274519e-06,1.0631726013444138,2.2933204490982462e-07,0.0,1.0107148540328126e-07,0.952711926665152,1.9518045846211862e-08,0.1,0.00042779026912385894
2594,1.3343220643946552e-06,0.9836988470910376,4.208752216072753e-06,1.062947350868871,2.2934125354368007e-07,0.0,1.3286307876114734e-07,0.9530436882197374,2.6071296588270343e-07,0.1,0.00042701410353660076
2595,3.5059683796134777e-06,0.9842013163720987,1.0147346074518282e-05,1.0630099347080941,2.2963129708841734e-07,0.0,1.5619724536009016e-07,0.9524792550169802,7.602099572068255e-07,0.1,0.00042623811926848713
2596,1.262865225726273e-06,0.9841386237683457,3.8017105907783844e-06,1.0628047484407104,2.2933674870273535e-07,0.0,9.677969359245253e-08,0.9527477525664289,3.12939967272996e-08,0.1,0.0004254623182341819
2597,1.5366994148280355e-06,0.9841899805915642,4.442405497684376e-06,1.0626528884535322,2.2998345627911476e-07,0.0,1.1659293619459277e-07,0.9528488731719625,2.006151866851269e-08,0.1,0.00042468670234789725
2598,1.147950342783588e-06,0.9841013113636911,2.9404068300209474e-06,1.0623369190149456,2.2916360364888533e-07,0.0,1.3364561368689465e-07,0.9532541280457303,2.112733454850968e-07,0.1,0.0004239112735233883
2599,1.5243615507642971e-06,0.9839602675624916,5.743390829593409e-06,1.0627618863255723,2.289108920194849e-07,0.0,1.398250759621078e-07,0.952970819511813,3.2076439993034e-07,0.1,0.0004231360336739483
2600,1.4825264997853083e-06,0.984099782070426,3.615445166360587e-06,1.062423815503593,2.290012872663283e-07,0.0,1.357837362547798e-07,0.9531699895720317,3.1995547544738656e-08,0.1,0.00042236098471240476
2601,1.2254122339072637e-06,0.9842245037180516,1.7402886669515283e-06,1.0620734566011942,2.2965642187955382e-07,0.0,1.1714675451912626e-07,0.9533962393461001,3.6901766975461214e-08,0.1,0.0004215861285511139
2602,1.1243716926401248e-06,0.9839278927535421,3.0959117793827318e-06,1.0625412324552628,2.298688741575461e-07,0.0,1.182923909937017e-07,0.9532256857514101,4.545494647345549e-08,0.1,0.0004208114671019562
2603,9.291621836382546e-07,0.9840542927563055,1.3289937896843185e-06,1.062152276417375,2.2953631173550093e-07,0.0,1.0567973163233546e-07,0.9534888518594249,1.1974579194884427e-07,0.1,0.00042003700227633174
2604,1.4273803117248463e-06,0.9840071784930362,2.5844162792054703e-06,1.0624147319869395,2.2961390300224593e-07,0.0,1.3228181217073143e-07,0.9532741194064844,2.5674137305031763e-07,0.1,0.00041926273598515574
2605,8.760162018006667e-07,0.9839871731273366,1.5722384887340013e-06,1.0622335212462868,2.299158978757987e-07,0.0,1.0190781551955297e-07,0.9534759431490937,1.3439669999115722e-07,0.1,0.00041848867013885306
2606,1.2020666417811299e-06,0.9840441182415832,2.4087473775580293e-06,1.062312734797897,2.2874860405863728e-07,0.0,1.1096140895006101e-07,0.953340390904829,4.8881389602684067e-08,0.1,0.00041771480664735435
2607,9.086916747946816e-07,0.9838842419837186,2.691153440537164e-06,1.062349575875445,2.2961943102473015e-07,0.0,1.1086106610491697e-07,0.9534640312945006,7.642407240382454e-08,0.1,0.0004169411474200907
2608,1.0775861483125482e-06,0.9837986667171349,4.359562353783986e-06,1.0625893161421132,2.2932178467272024e-07,0.0,1.140562844170745e-07,0.9533104702939581,1.8747294916465762e-07,0.1,0.0004161676943659895
2609,9.065251447282208e-07,0.983890754863211,9.847678938967874e-07,1.062037155817581,2.2923356368664827e-07,0.0,1.250581078693358e-07,0.9537711452645611,7.921917699604819e-08,0.1,0.00041539444939346924
2610,1.0606651130729006e-06,0.9833908543085109,2.6544075808487833e-06,1.0630662224401233,2.2897822304912552e-07,0.0,1.2015325978609326e-07,0.9532425807838839,5.58905846048674e-08,0.1,0.00041462141441043495
2611,1.1196987088624155e-06,0.9834619736480898,2.032254542427836e-06,1.0627175251866696,2.2952355038796668e-07,0.0,1.4278582227689185e-07,0.9535207590823509,1.8969058146467432e-07,0.1,0.0004138485913242738
2612,1.1762011808968964e-06,0.983364660165524,3.0562596293748356e-06,1.0629622556670755,2.2964037782458036e-07,0.0,1.3090972572626924e-07,0.9533739412689347,2.3815798044779513e-07,0.1,0.00041307598204184975
2613,8.594013820584223e-07,0.9833770679487842,1.2070441925970954e-06,1.0625367015803096,2.2930740328774846e-07,0.0,1.3484583405443118e-07,0.9537876855590943,9.356794805626123e-08,0.1,0.00041230358846949946
2614,8.839751899358816e-07,0.9827545557502287,3.5400662454776466e-06,1.0637278059231894,2.2985432224231772e-07,0.0,1.3703677836929273e-07,0.9532196902060487,8.265151052455622e-08,0.1,0.0004115314125130271
2615,9.552152278047288e-07,0.9831317620765676,1.0672052894733497e-06,1.0632167524486142,2.290971110596729e-07,0.0,1.1324777204890779e-07,0.953354132952578,5.526433000113684e-08,0.1,0.00041075945607770036
2616,1.1209689319002791e-06,0.9833640522982494,7.996842441571061e-07,1.062874661068918,2.2928297482849302e-07,0.0,1.143668839631573e-07,0.9534645285182846,3.797743630684636e-08,0.1,0.000409987721068245
2617,1.0128333087777719e-06,0.982802903166945,2.065322405542247e-06,1.0639247894584878,2.3008942662272602e-07,0.0,1.0706563102758082e-07,0.9529761424794901,4.405401909934881e-08,0.1,0.0004092162093888403
2618,1.1253579259573598e-06,0.982548997454817,3.924478733097203e-06,1.0643663517454518,2.2973421209826483e-07,0.0,1.2011678052203933e-07,0.9527890779382794,2.0357327912279288e-07,0.1,0.0004084449229431146
2619,8.760019909459515e-07,0.9826491589070531,1.0907400564974523e-06,1.0638838046542258,2.29291259756792e-07,0.0,1.164008622822621e-07,0.9531720544274196,1.1499480478960322e-07,0.1,0.0004076738636341407
2620,8.909746611607261e-07,0.9826619824862257,1.2663842881011078e-06,1.0638860770943648,2.290990721576236e-07,0.0,1.0769824143608275e-07,0.9531575480771487,6.247712747153855e-08,0.1,0.00040690303336443065
2621,8.991546565084718e-07,0.9827537920747716,1.0508193781788577e-06,1.0636421767054007,2.2916711372999998e-07,0.0,1.0892171076193335e-07,0.9533102273678592,5.806507274996875e-08,0.1,0.0004061324340359315
2622,8.492780807500822e-07,0.9824436350279103,1.958686652869801e-06,1.0641596392774597,2.29114121452767e-07,0.0,1.1010697420488214e-07,0.9531035091565616,1.0523490345804021e-07,0.1,0.00040536206755002074
2623,1.2452237569959834e-06,0.9822637030720962,4.421027369971853e-06,1.0647655372164777,2.2877762262396573e-07,0.0,1.0766297009467962e-07,0.9526781293132175,2.285096911691653e-07,0.1,0.00040459193580750087
2624,9.889554348774254e-07,0.9822732280773282,2.1567586827586638e-06,1.0643539953394685,2.291876910476276e-07,0.0,1.1727551907370071e-07,0.9530807311531607,4.15825134325587e-08,0.1,0.0004038220407085955
2625,9.881778169074096e-07,0.982220657373111,2.6640284431778127e-06,1.0643814066948452,2.2863497406433453e-07,0.0,1.1977849112554395e-07,0.9531064743008163,3.209746068932873e-08,0.1,0.00040305238415294404
2626,9.780135314940708e-07,0.982385216145876,1.919299847941147e-06,1.064115969911994,2.2923180154066358e-07,0.0,1.0498757774257683e-07,0.9532079349427034,1.6095984278763353e-07,0.1,0.0004022829680395977
2627,1.0031310466729337e-06,0.9822708446998505,2.5037024897756055e-06,1.0641128912084654,2.292205181220197e-07,0.0,1.2727828391234652e-07,0.9533259665593773,1.6463724250570522e-07,0.1,0.00040151379426701445
2628,1.1883068964380072e-06,0.9819085033629958,5.86575515626464e-06,1.0649075388008327,2.2998821691544435e-07,0.0,1.2075739164174593e-07,0.9528942406086319,1.9151545416207227e-07,0.1,0.0004007448647330538
2629,1.5420903309859568e-06,0.9821477723790798,5.70879547012737e-06,1.0646502623749161,2.296982728466901e-07,0.0,1.2500545665261598e-07,0.9529128271632025,1.7973082577782407e-08,0.1,0.00039997618133497305
2630,7.809821909177117e-07,0.9821317625583924,1.4494704601020203e-06,1.0642582474969597,2.2923002518382418e-07,0.0,1.0415653406425918e-07,0.9533214298488738,9.403350986758596e-08,0.1,0.00039920774596942214
2631,1.4101146916800644e-06,0.9826162250798685,1.3371970908337971e-06,1.0637291948736032,2.291500180717776e-07,0.0,1.4437748063755862e-07,0.9533665967823857,2.508144234525389e-07,0.1,0.00039843956053243893
2632,1.2022885584883625e-06,0.9819578788691228,3.870406999340048e-06,1.0649713540491332,2.2979125446909165e-07,0.0,1.3095331041768077e-07,0.9527833594961465,1.9752505409087462e-07,0.1,0.00039767162691944425
2633,1.7927213775692508e-06,0.9822981980685548,3.919356913684169e-06,1.0646513667242326,2.291834846346319e-07,0.0,1.4474123588570365e-07,0.9527636021493789,1.914068370467703e-08,0.1,0.00039690394702523855
2634,1.4486306554317707e-06,0.9824463936296327,1.2124160093662795e-06,1.0641981346394456,2.2975251567913801e-07,0.0,1.2930215120832145e-07,0.9530692120523707,1.743084787619864e-08,0.1,0.00039613652274399545
2635,9.505178582003282e-07,0.9819775263059569,2.3067373149388004e-06,1.0647965707875207,2.2931699561468122e-07,0.0,1.42954121429284e-07,0.9529402154610689,1.6518177403668233e-07,0.1,0.000395369355969258
2636,1.9356950815563323e-06,0.9819505329887641,6.08308846494765e-06,1.065379014007974,2.2940730559639633e-07,0.0,1.5131493569242593e-07,0.9523853366470116,3.847090397357533e-07,0.1,0.0003946024485939338
2637,9.371424312121235e-07,0.9819854325376516,1.2129571587138344e-06,1.06500000040168,2.2869399174396676e-07,0.0,1.0719355714172707e-07,0.9527300206520143,1.127164424019611e-07,0.1,0.0003938358025102909
2638,2.6788225113705266e-06,0.98119526110448,6.8238709900469985e-06,1.0666493038726639,2.2848306002742902e-07,0.0,1.6985569573080284e-07,0.9518714574224729,8.679153395974026e-09,0.1,0.00039306941960995194
2639,1.1830019275294035e-06,0.9811649644546947,2.1577136521955254e-06,1.0663391515191634,2.2976635705163062e-07,0.0,1.2421577366694692e-07,0.9522124740969818,3.072488397037887e-08,0.1,0.0003923033017838909
2640,1.4810598258918617e-06,0.981380551069747,1.5683478977734922e-06,1.0659036664896133,2.2951203959564737e-07,0.0,1.4986818541729008e-07,0.9524329390479279,2.777032364065235e-07,0.1,0.00039153745092242707
2641,2.8812587515858468e-06,0.98083048426451,5.821795184601797e-06,1.0671910244344753,2.2935482490993309e-07,0.0,1.5837281353014987e-07,0.951696213312245,6.585236747014278e-07,0.1,0.00039077186891522156
2642,8.636308166387607e-07,0.9806237190120461,2.9332461508602137e-06,1.0669841179329758,2.295915351169242e-07,0.0,1.3570283385888615e-07,0.9521104493399083,5.822207072014862e-08,0.1,0.00039000655765127176
2643,1.7647546428634087e-06,0.9810281008060933,5.495657660503639e-06,1.067005170887567,2.288556544272069e-07,0.0,1.3557918521200918e-07,0.9516855777369865,1.5864065616710832e-08,0.1,0.000389241519018907
2644,8.51462971240835e-07,0.9808419402307033,4.408056611282518e-06,1.0669420411228085,2.2929111764824484e-07,0.0,1.1915382458482782e-07,0.9519354300971232,1.033193939292687e-07,0.1,0.0003884767549057841
2645,1.3911894711782224e-06,0.9812096404938081,5.965752734482521e-06,1.0668154353580495,2.2948472633288475e-07,0.0,1.1204600980363466e-07,0.9516948964952878,3.0045765697650495e-07,0.1,0.00038771226719888283
2646,8.182097985809378e-07,0.981106628897285,3.038357590412488e-06,1.0664776872838322,2.295430192589265e-07,0.0,1.1607478711539443e-07,0.9521362159413063,1.0242974468610555e-07,0.1,0.00038694805778450024
2647,2.8617509997275192e-06,0.9824785957254011,5.336869890015805e-06,1.0657559490960093,2.296910963650589e-07,0.0,1.4951294247111946e-07,0.9514865459573003,5.5727786829606885e-09,0.1,0.00038618412854824716
2648,1.43834222399164e-06,0.9822832712541877,5.044323643232929e-06,1.0658255570070134,2.2929422982542746e-07,0.0,1.186728582069918e-07,0.951612820057043,2.254862785378009e-08,0.1,0.0003854204813750431
2649,1.2068020396327483e-06,0.98240059216054,2.4954695163614815e-06,1.0654617249899057,2.2971974544816476e-07,0.0,1.0690415308545198e-07,0.9518598875928104,2.090848738589557e-07,0.1,0.00038465711814911164
2650,1.57774479703221e-06,0.9826659067685407,1.6164615317393327e-06,1.0649672889608104,2.2915344288776396e-07,0.0,1.3108017071772338e-07,0.9520895643266234,3.1205948403112416e-07,0.1,0.00038389404075397536
2651,8.100739705696469e-07,0.9824288194469559,1.7636169786783285e-06,1.0651358648132299,2.2921258846508863e-07,0.0,1.0536213324030541e-07,0.952158629998437,7.868574414260365e-08,0.1,0.00038313125107245204
2652,1.314349447056884e-06,0.9825432386607815,3.16278169520956e-06,1.065287511417451,2.295941499141918e-07,0.0,1.158174143256474e-07,0.9518931172751874,3.265692072318416e-08,0.1,0.0003823687509866496
2653,9.050431231116818e-07,0.9824728487910017,2.240219146187883e-06,1.0650705615779354,2.290026088758168e-07,0.0,1.1298391910941064e-07,0.9521810089736433,1.3891066430460342e-07,0.1,0.00038160654237796095
2654,1.743785787766683e-06,0.9828469448516258,3.7775062082801014e-06,1.0649948452061286,2.2979290292823862e-07,0.0,1.283969339738178e-07,0.9518831801705605,3.26265507055723e-07,0.1,0.0003808446271270601
2655,1.1608353815972805e-06,0.9826723195189023,3.439738975430373e-06,1.0648772935819708,2.2949026856622368e-07,0.0,1.3863855485851673e-07,0.9521759069119556,2.0165172998076741e-07,0.1,0.00038008300711389733
2656,2.2997940050117904e-06,0.9834238470328893,3.1351014513347764e-06,1.064337658334541,2.300220955930854e-07,0.0,1.4910301615600474e-07,0.9519645633308931,7.667184220849776e-09,0.1,0.000379321684217694
2657,1.8400405679130927e-06,0.9833060872586673,3.563008476703544e-06,1.064399234065337,2.293449199441966e-07,0.0,1.3783417784907215e-07,0.952021294962991,1.5281901966091027e-08,0.1,0.0003785606603169391
2658,1.4610174048357294e-06,0.9833479856407455,1.488232101110043e-06,1.0639630617123417,2.2928050213977258e-07,0.0,1.4439406470501126e-07,0.9524161154279503,3.087823756686703e-07,0.1,0.0003777999372893831
2659,4.136479219596367e-06,0.9824617098730924,9.532893272989895e-06,1.0657357511163235,2.2886101191943453e-07,0.0,2.180103706450609e-07,0.9515302471932222,9.155862699117279e-07,0.1,0.0003770395170120347
2660,8.238265536419931e-07,0.982337669056515,2.2351105144480243e-06,1.0654765249923475,2.290727110221269e-07,0.0,1.3623342454138765e-07,0.9519140584451186,1.0115788029452233e-07,0.1,0.0003762794013611552
2661,1.5953993397488375e-06,0.9827732052232147,3.635120947365067e-06,1.0653739512262177,2.2887681438987784e-07,0.0,1.419471686858742e-07,0.9515816392678131,2.1547725381765304e-08,0.1,0.00037551959221225444
2662,9.056689123099204e-07,0.9827024091251002,2.379470288360608e-06,1.0652204051899696,2.2900131568803772e-07,0.0,1.13516911426359e-07,0.9518065235395371,8.814423324565723e-08,0.1,0.0003747600914400857
2663,2.4008329546632012e-06,0.9826101465618291,8.118613550323062e-06,1.065964299128762,2.2945246769268124e-07,0.0,1.6091883026092546e-07,0.9511554332176447,5.121190156387456e-07,0.1,0.00037400090091864213
2664,9.940185918821953e-07,0.9825763154568925,9.591226444172207e-07,1.065525467423894,2.296006869073608e-07,0.0,1.2942990679221111e-07,0.9516286359995116,1.401032818648673e-07,0.1,0.00037324202252115077
2665,1.5680511751270387e-06,0.9822050710443478,2.723273382798652e-06,1.066493499439461,2.2963077128679288e-07,0.0,1.1910756114730248e-07,0.9510323872891476,1.9329691625102896e-08,0.1,0.0003724834581200682
2666,1.060538352248841e-06,0.981789429621104,4.919507773593068e-06,1.067063841909858,2.2974168700784503e-07,0.0,1.1747152939278749e-07,0.9508782240574065,5.054847918017913e-08,0.1,0.0003717252095870772
2667,2.4009998469409766e-06,0.9824922835239412,6.728642347297864e-06,1.0666126884327134,2.2887287798312173e-07,0.0,1.5574281064800743e-07,0.9506270603720326,5.007073013985064e-07,0.1,0.0003709672787930804
2668,1.0138114703295287e-06,0.9824565518515096,1.5815902543181437e-06,1.0662507059098905,2.2871734017826384e-07,0.0,1.1804836930195961e-07,0.9510253102346624,1.8529834733271855e-07,0.1,0.00037020966760819657
2669,1.4396464393939823e-06,0.9825799538005545,2.394563125562854e-06,1.066314742669781,2.293971732569844e-07,0.0,1.1818312373179651e-07,0.9508384061223029,2.8168756216473412e-08,0.1,0.0003694523779017562
2670,1.4421309515455505e-06,0.982169220846871,5.226156645221636e-06,1.0669921847743469,2.2932592003144237e-07,0.0,1.3462573633660213e-07,0.9505722304993377,2.279902489021879e-08,0.1,0.00036869541154229633
2671,8.826018529362045e-07,0.9822176227392342,7.08915422364953e-07,1.0664873250839935,2.2888747253091424e-07,0.0,1.2194573173474055e-07,0.9510292207587231,1.600709964577618e-07,0.1,0.0003679387703975562
2672,1.3760837873633136e-06,0.9812530341637942,6.848052180430386e-06,1.068355505977151,2.294207348541022e-07,0.0,1.6057782659117947e-07,0.9501261598380105,2.8063351464879815e-07,0.1,0.00036718245633447257
2673,1.2044982895531575e-06,0.9814922835907249,1.6924627743719611e-06,1.067860633114086,2.291307623636385e-07,0.0,1.3445917090848525e-07,0.9503823136088868,2.1913263026362984e-07,0.1,0.00036642647121917516
2674,1.3005283108213916e-06,0.9811135169941565,3.8076443615864264e-06,1.0686102357288192,2.293964342925392e-07,0.0,1.3236714835329622e-07,0.950012006865325,2.2094628349123013e-08,0.1,0.0003656708169169821
2675,1.2847285688621923e-06,0.9813360938332261,1.7428412775188917e-06,1.068170925626001,2.2961913259678113e-07,0.0,1.2306580288168334e-07,0.9502292683456565,2.0647563658826584e-08,0.1,0.0003649154952923955
2676,8.239589988079388e-07,0.9810351191170957,2.400084895270993e-06,1.0684171472682373,2.2949947720007913e-07,0.0,1.2421330097822647e-07,0.9502845485802287,1.1202168082036223e-07,0.1,0.00036416050820909605
2677,1.3290946299093775e-06,0.9815809933103857,2.1366358851082623e-06,1.0680130522164772,2.2997660664714203e-07,0.0,1.1525258969413699e-07,0.9501432955455827,2.503227278793929e-07,0.1,0.00036340585752993966
2678,8.517953347109142e-07,0.9813307319374058,2.757701167865889e-06,1.0682441134363563,2.292199496878311e-07,0.0,1.0329840449685435e-07,0.9501630207538797,1.0707375963647792e-07,0.1,0.00036265154511695165
2679,9.396170526088099e-07,0.9815156040810987,1.9540109406079864e-06,1.0678819159669934,2.294964502880248e-07,0.0,1.0755405099871496e-07,0.9503408700851607,4.647817064551418e-08,0.1,0.000361897572831323
2680,8.674806508679467e-07,0.9815108793317149,1.7842380657384638e-06,1.0676956501836496,2.2963746459936374e-07,0.0,1.1340331695919303e-07,0.9505323835760121,6.788763329268477e-08,0.1,0.00036114394253340497
2681,1.1546260338946013e-06,0.9812181504402036,4.222571533318842e-06,1.068451609875671,2.2962305479268252e-07,0.0,1.0297509334122878e-07,0.9500696746882324,4.3629000856526545e-08,0.1,0.00036039065608270605
2682,7.834028110664804e-07,0.9811744933810952,2.2205099412531126e-06,1.0681045514358205,2.2956359657655412e-07,0.0,1.0494559177232077e-07,0.950460911056618,9.26674204038136e-08,0.1,0.00035963771533788544
2683,9.422295761396526e-07,0.9815555093472356,5.969528160676418e-07,1.067496433523496,2.2992546178102202e-07,0.0,1.0797681682106486e-07,0.9506885328310112,1.2487652156778495e-07,0.1,0.0003588851221567495
2684,9.6263750037906e-07,0.9806313242931538,3.1813603982300265e-06,1.069283782674154,2.2934086985060276e-07,0.0,1.110613254695636e-07,0.9498258875235073,1.7063180735021888e-07,0.1,0.000358132878396247
2685,8.32019111385307e-07,0.9806669201805251,1.4962397472118028e-06,1.0688180929250732,2.2932032095468458e-07,0.0,1.2806805216314388e-07,0.9502564991372295,6.940051378023782e-08,0.1,0.00035738098591246486
2686,9.915175951391575e-07,0.9808927749356199,1.5674652331654215e-06,1.0687089632688935,2.2997711823791178e-07,0.0,9.961051006257549e-08,0.9501402907553411,4.528968844397241e-08,0.1,0.0003566294465606229
2687,1.1828715287265368e-06,0.9809784196453087,1.781628839125915e-06,1.0685622640832864,2.2966102619648154e-07,0.0,1.1040401659556665e-07,0.9502018609153686,3.8426488657705704e-08,0.1,0.0003558782621950697
2688,8.801152375781385e-07,0.9809614851720329,1.018069951896905e-06,1.0682206777655676,2.2905651064775157e-07,0.0,1.1389501963776638e-07,0.9505608963596199,5.3318657933232316e-08,0.1,0.0003551274346692783
2689,8.827232704788912e-07,0.9801922927803531,3.6749036098626675e-06,1.0697053495887157,2.2942295174743776e-07,0.0,1.1055333004605927e-07,0.9498459305526167,5.96852913758994e-08,0.1,0.0003543769658358407
2690,1.2203100823171553e-06,0.9806645449995028,1.4581283949155477e-06,1.0691010833794294,2.2986706937899726e-07,0.0,1.1665517973824535e-07,0.9499784571404828,2.1358813739880134e-07,0.1,0.0003536268575464643
2691,1.4766488902751007e-06,0.9803142810103098,3.3671674373181304e-06,1.0697992704439072,2.2915962460956507e-07,0.0,1.2957065109731047e-07,0.9496310456382446,2.8582269351318246e-07,0.1,0.0003528771116519666
2692,9.371348141939961e-07,0.9800630060027458,4.4251178223930765e-06,1.07006238959001,2.2973648583501927e-07,0.0,1.1136576461012737e-07,0.9496197120501183,5.2125077587561464e-08,0.1,0.0003521277300022711
2693,9.164500625047367e-07,0.9802730161844289,2.532508233343833e-06,1.0697034316415481,2.2963271817388886e-07,0.0,9.675622436589038e-08,0.9497691693467192,5.688516324653392e-08,0.1,0.0003513787144464027
2694,8.862984373081417e-07,0.9803579449676576,1.2035756071782089e-06,1.0692037816737558,2.289162353008578e-07,0.0,1.1578107006471328e-07,0.9501843990425546,5.3806033406544884e-08,0.1,0.0003506300668324827
2695,1.1172364793310408e-06,0.9800993523474585,2.6467776024219347e-06,1.069861815828384,2.2921409481568844e-07,0.0,1.0711412556929645e-07,0.9497854650028834,2.0117784060857957e-07,0.1,0.0003498817890077245
2696,1.0450779655002407e-06,0.9802485072409539,1.1480719876999501e-06,1.0693942100055889,2.291253338171373e-07,0.0,1.1029602831058583e-07,0.950104422412459,1.7146470554507687e-07,0.1,0.00034913388281842953
2697,8.810578151496884e-07,0.9799886921897212,1.8824640619641286e-06,1.069810636956476,2.292313610041674e-07,0.0,9.96800224584149e-08,0.9499483159806266,8.07258473400907e-08,0.1,0.0003483863501099818
2698,9.744791213961435e-07,0.9800398663000688,2.1070065940875793e-06,1.0696966507102965,2.2951363121137547e-07,0.0,1.0545844730813769e-07,0.95001163257385,4.7109391942967704e-08,0.1,0.0003476391927268439
2699,9.17261388622137e-07,0.9801176163055756,1.02358842468675e-06,1.0692157326524827,2.2901491547600017e-07,0.0,1.2335618748693378e-07,0.9504153040751383,1.3675960985892743e-07,0.1,0.00034689241251255267
2700,1.1192902320544817e-06,0.9799420313574024,1.954036861206987e-06,1.0696406512075276,2.2945016553421738e-07,0.0,1.27786222492432e-07,0.9501664729108531,1.9512594917614479e-07,0.1,0.0003461460113097139
2701,8.402824391851027e-07,0.9797532166801095,2.2244014417083235e-06,1.0696387786798203,2.2901853924395255e-07,0.0,1.4038204199096072e-07,0.9503576615540574,1.1638652352985446e-07,0.1,0.0003453999909599983
2702,1.0516836255192175e-06,0.9798382717500669,3.2715934139559977e-06,1.0698018572889412,2.2910663233233208e-07,0.0,1.099107720392567e-07,0.950110028310808,4.411273479831834e-08,0.1,0.0003446543533041369
2703,9.729251360113267e-07,0.9799800047660947,1.1706241593856248e-06,1.0692872230339636,2.2904799834577716e-07,0.0,1.1768871388539992e-07,0.9504834289852153,4.728587299496212e-08,0.1,0.00034390910018191657
2704,1.1947631719522178e-06,0.9795485049266477,3.0342239369929302e-06,1.0702181782161846,2.292353826760518e-07,0.0,1.1252524245719542e-07,0.9499844720795279,1.9903846748547949e-07,0.1,0.0003431642334321753
2705,8.661773449603061e-07,0.9795739036323043,1.550106389913708e-06,1.0698731626050189,2.2938266397432017e-07,0.0,1.0575784870070493e-07,0.9503045864257477,1.2519765846263908e-07,0.1,0.00034241975489279785
2706,7.356858873208694e-07,0.9795264338341448,1.4768180562896305e-06,1.0697450940521471,2.2927588361199014e-07,0.0,1.0744903278236961e-07,0.9504806212231055,1.0635869784891838e-07,0.1,0.00034167566640071076
2707,9.043741329151089e-07,0.9797925674268404,1.3490113133229897e-06,1.0694995188427932,2.2946866806705657e-07,0.0,9.669372502685292e-08,0.9504605582936945,7.465746421075892e-08,0.1,0.00034093196979187874
2708,8.564529707655311e-07,0.9798078772766229,1.3632095487992046e-06,1.0693999191059944,2.2919306275070994e-07,0.0,9.267812117741414e-08,0.9505453426442286,8.000870366231538e-08,0.1,0.000340188666901299
2709,8.747132369535393e-07,0.9799135087128144,9.73347255239787e-07,1.0690448524963558,2.2849775405120454e-07,0.0,1.0186664667344303e-07,0.9507952712927612,1.0769486635808789e-07,0.1,0.00033944575956299753
2710,9.02372619293601e-07,0.979762392678412,1.4336675349113648e-06,1.0691647187065236,2.2951503808599227e-07,0.0,1.197352474946456e-07,0.9508270136056244,6.848655687008431e-08,0.1,0.0003387032496100244
2711,8.788485956756631e-07,0.9795153653067532,2.6237539714202285e-06,1.0697054900866552,2.2965488710724458e-07,0.0,9.779634524420544e-08,0.9505337611012956,7.957515180123664e-08,0.1,0.0003379611388744492
2712,8.10232393178012e-07,0.9797191172154947,5.015418764742208e-07,1.0691261080922594,2.295295473686565e-07,0.0,9.937068057297438e-08,0.9509098817085774,5.187333584899534e-08,0.1,0.0003372194291873564
2713,7.811431714799255e-07,0.9792634375424222,1.1593424460443202e-06,1.069926695433544,2.2912924180218397e-07,0.0,1.0592675891984982e-07,0.9505654635814396,7.458758943812427e-08,0.1,0.0003364781223788406
2714,9.318391676060855e-07,0.9793790791190833,1.3382112911131117e-06,1.069820827809091,2.2907735797161877e-07,0.0,1.0671335104461832e-07,0.9505561781917131,9.876652029561228e-08,0.1,0.00033573722027800305
2715,8.753636393521447e-07,0.9794630051976113,8.975883361017623e-07,1.0694785008923544,2.2894536755302397e-07,0.0,1.1166443414367677e-07,0.9508150666157671,1.0380909998275456e-07,0.1,0.0003349967247129459
2716,7.771485002194822e-07,0.979391377546851,1.0176266869166284e-06,1.0694746230886145,2.2919905973139976e-07,0.0,1.1000503263858263e-07,0.9508910586814288,1.0831818997303344e-07,0.1,0.00033425663751076825
2717,8.900420880308957e-07,0.9794177879040586,1.3202559330238728e-06,1.0694832718545457,2.289466181082389e-07,0.0,1.1200911131936664e-07,0.9508564851967156,6.8582401979711e-08,0.1,0.00033351696049756176
2718,9.625035772842239e-07,0.9795893491248749,1.1849963357235538e-06,1.069285266807821,2.290424276907288e-07,0.0,9.916340104609844e-08,0.9508834136902587,4.982834411748627e-08,0.1,0.0003327776954984061
2719,8.772701676207362e-07,0.9792907590638833,2.078601710309158e-06,1.0696822109137614,2.2967373070059693e-07,0.0,1.0989995757881843e-07,0.9507855433440937,7.482521624524452e-08,0.1,0.00033203884433736385
2720,1.0924285334112938e-06,0.9790568635314015,4.409880148159573e-06,1.070286843832595,2.2949959088691685e-07,0.0,1.0288660234891722e-07,0.9504152886896118,1.920123224863346e-07,0.1,0.00033130040883747703
2721,1.1991289738944033e-06,0.9793536913163272,1.2137201110817841e-06,1.0696980070472846,2.296107766142086e-07,0.0,1.0780549075661838e-07,0.9507077794568853,2.8724214118369673e-08,0.1,0.00033056239082076183
2722,1.3488534023053944e-06,0.9790901154775524,2.4304617909365334e-06,1.070231750845361,2.2949915035042068e-07,0.0,1.1106747876965528e-07,0.9504380923014206,1.7305067601114388e-08,0.1,0.00032982479210820416
2723,9.388046464664512e-07,0.9789201215650449,2.7938056064158445e-06,1.0703333793024836,2.297698955544547e-07,0.0,1.0036860942364001e-07,0.9505069375995154,5.8201450769956864e-08,0.1,0.00032908761451975576
2724,8.226770660257898e-07,0.9790167104277739,1.5421381931446376e-06,1.069955763449129,2.298622518992488e-07,0.0,9.949421553301363e-08,0.9507884434736454,1.1750525175102666e-07,0.1,0.0003283508598743288
2725,8.914274758353713e-07,0.9791435867433013,9.730737247082288e-07,1.0695061637852405,2.296135050983139e-07,0.0,1.1991039627901046e-07,0.951111644748223,1.2735787890960637e-07,0.1,0.00032761452998979234
2726,8.838316603032581e-07,0.9784843523118346,2.99043244922359e-06,1.070769333885061,2.292328531439125e-07,0.0,1.1894549345470296e-07,0.9505081860507112,9.554844382364536e-08,0.1,0.00032687862668296714
2727,9.062479193744366e-07,0.9786095640574597,2.4029116048041033e-06,1.0704958452274287,2.2860879766994913e-07,0.0,1.1839678393243958e-07,0.9506569389800955,4.6080060656095156e-08,0.1,0.00032614315176962127
2728,8.099976298581169e-07,0.9788995709247889,3.509684631808341e-07,1.0699453666595231,2.299234722613619e-07,0.0,9.750856833079524e-08,0.9509178857464905,6.193969426249168e-08,0.1,0.00032540810706446614
2729,8.382123155570298e-07,0.9779507079490799,2.391407178947702e-06,1.071786213882895,2.2950463574034075e-07,0.0,1.1827795276531106e-07,0.9500263756149891,8.937896467386963e-08,0.1,0.00032467349438115156
2730,8.145535161929729e-07,0.9779862500755656,2.2309493488137377e-06,1.071597427140058,2.294475649478045e-07,0.0,1.2219430800541886e-07,0.9501800933997444,9.623170171835227e-08,0.1,0.0003239393155322612
2731,1.0248161288473057e-06,0.9781042382871642,2.989289441757137e-06,1.0716212912138912,2.2898734641785268e-07,0.0,1.1141523970081835e-07,0.9500387133368523,5.0991488365070836e-08,0.1,0.0003232055723293082
2732,1.078095920092892e-06,0.9782574079004027,2.0845536710112356e-06,1.071257084967526,2.291745175853066e-07,0.0,1.1748174699732772e-07,0.950250221248546,3.024974404297609e-08,0.1,0.00032247226658273134
2733,7.73861529523856e-07,0.9781632873149672,2.019140993070323e-06,1.0712239071710732,2.2949166122998577e-07,0.0,1.0503543990125763e-07,0.9503779899669157,7.477814278900041e-08,0.1,0.0003217394001018895
2734,1.3009846497880062e-06,0.9784751098640518,3.0668411454826128e-06,1.0711610726442007,2.299491796975417e-07,0.0,1.068648174396003e-07,0.9501294713409821,2.541065100558626e-07,0.1,0.0003210069746950577
2735,1.070817688741954e-06,0.9785453460520206,1.5217816553558805e-06,1.0707601032759988,2.2925620157820958e-07,0.0,1.0738649791619537e-07,0.9504606729791708,1.89905009051472e-07,0.1,0.00032027499216942296
2736,1.2526836599136004e-06,0.9779072546276588,4.822038590646116e-06,1.0719798469384625,2.2913837938176584e-07,0.0,1.2607247867890692e-07,0.9498794882625768,2.6983924428236605e-08,0.1,0.0003195434543310795
2737,9.804587079997873e-07,0.9780741805738151,1.343702251688228e-06,1.0715146307809242,2.2957476630836027e-07,0.0,1.0695951857542241e-07,0.9501782450608912,4.439610989948051e-08,0.1,0.0003188123629850241
2738,9.188974559037888e-07,0.978050462144729,1.4997324342402862e-06,1.0714873530598434,2.2864249160647887e-07,0.0,1.0249553383800958e-07,0.9502297068652832,1.4796404457229073e-07,0.1,0.000318081719935152
2739,1.5785637970111566e-06,0.9779986569941999,3.3471260394435376e-06,1.0718579120368747,2.292745335807922e-07,0.0,1.31085428733968e-07,0.9499114177621631,3.262323389208177e-07,0.1,0.0003173515269842523
2740,8.290339224004128e-07,0.977809124536826,3.0992862320999848e-06,1.0718604238474962,2.293329544045264e-07,0.0,1.1470810079572402e-07,0.9500989022033159,1.2805148230654595e-07,0.1,0.00031662178593400343
2741,1.453678123652935e-06,0.9777535616916478,7.2858560997701716e-06,1.0723574101626494,2.2953688016968954e-07,0.0,1.2426048101588094e-07,0.9496579416006161,1.6873379138360178e-08,0.1,0.00031589249858496906
2742,7.813008551238454e-07,0.9777535400167455,1.4625076119045843e-06,1.0718956553704382,2.292018166372145e-07,0.0,1.1082593687206099e-07,0.9501201800097333,9.733089711971843e-08,0.1,0.00031516366673659305
2743,1.4866261608403875e-06,0.9777993881676909,3.382393742867862e-06,1.072262425219798,2.2948181310766813e-07,0.0,1.3142678767508187e-07,0.9497080230280098,3.177039502588741e-07,0.1,0.0003144352921871958
2744,1.069158884092758e-06,0.9778828769182659,1.4331886859508813e-06,1.0718917001028705,2.2997494397714036e-07,0.0,1.1208108219307178e-07,0.9499957194913681,1.6412204217886028e-07,0.1,0.0003137073767339688
2745,1.1627681715253857e-06,0.9779888877877736,1.4008335256221471e-06,1.0716994354598504,2.29612851398997e-07,0.0,1.1373912656154062e-07,0.9500824324421521,2.7439581273824842e-08,0.1,0.00031297992217297124
2746,1.472144731451408e-06,0.9777503500507443,2.966810825455468e-06,1.072239257265992,2.2905305741005577e-07,0.0,1.236833782058966e-07,0.949781606632416,2.7349358333594864e-08,0.1,0.00031225293029912474
2747,8.658718115839292e-07,0.9777440390190394,8.86449015524704e-07,1.071805743900129,2.2953727807362156e-07,0.0,1.1542217492888085e-07,0.9502218883732998,6.233497629182239e-08,0.1,0.00031152640290620987
2748,1.3945011687610531e-06,0.977449415215182,2.3748900730424793e-06,1.0725872685554918,2.2968796997702157e-07,0.0,1.3210382121542352e-07,0.949735443950881,2.9519941335820477e-07,0.1,0.00031080034178686044
2749,1.2398454600770492e-06,0.9774924607340841,2.230284053439391e-06,1.072492185339089,2.295192587098427e-07,0.0,1.1130485688681802e-07,0.9497879371650665,2.41089196606481e-07,0.1,0.00031007474873256014
2750,8.594959695074067e-07,0.9773122923697728,2.6136535780096892e-06,1.0725992643059827,2.2938012023132615e-07,0.0,1.0256306381961622e-07,0.9498614811685909,1.0595509536415193e-07,0.1,0.00030934962553363774
2751,8.021922894840827e-07,0.977425158014243,1.7789558341974043e-06,1.0722840296163165,2.2942808186598995e-07,0.0,9.907570586165093e-08,0.9500643039111364,7.684660374707164e-08,0.1,0.00030862497397926266
2752,8.893265430742758e-07,0.9776764284640195,9.298512395616854e-07,1.0718110855545182,2.294106451472544e-07,0.0,1.0273558359585877e-07,0.9502864303135667,1.4492916022845748e-07,0.1,0.0003079007958574405
2753,8.046744710554776e-07,0.977298352309965,1.8746195564744994e-06,1.072422573055086,2.2910651864549436e-07,0.0,1.0794986593509748e-07,0.9500534708523336,9.843024884048646e-08,0.1,0.0003071770929550088
2754,8.640293458483939e-07,0.977652266091372,6.314956522146531e-07,1.0719041392333786,2.286238327542378e-07,0.0,9.373314924232545e-08,0.9502184418745956,1.3527994724427117e-07,0.1,0.0003064538670576327
2755,8.748132813707343e-07,0.9770626290372809,1.7675125718596973e-06,1.0729442085500176,2.2945727096157498e-07,0.0,1.1453214199264039e-07,0.9497684596924963,1.565367995226552e-07,0.1,0.0003057311199498001
2756,9.493223842582665e-07,0.9770774442457324,2.3971681457624072e-06,1.0730702287009015,2.2937651067422848e-07,0.0,9.641851761443831e-08,0.9496280735138988,1.5289363375359244e-07,0.1,0.00030500885341481755
2757,8.263324957624718e-07,0.9772191466983341,6.153661615826422e-07,1.0725174604509675,2.298975800840708e-07,0.0,1.0122527527300917e-07,0.9500395875940567,9.339555617771111e-08,0.1,0.0003042870692348059
2758,9.665361631050473e-07,0.9769252184240916,1.329645328951301e-06,1.0731524417345037,2.294960950166569e-07,0.0,1.0168043473868238e-07,0.949698981971471,5.149859561015546e-08,0.1,0.000303565769190696
2759,8.438169061264489e-07,0.9766434464997616,2.1022763121436583e-06,1.0733717543756065,2.289018254941766e-07,0.0,1.2530344406513905e-07,0.94976188774708,5.9327859958102636e-08,0.1,0.0003028449550622241
2760,7.907708550192183e-07,0.9768480547672316,1.2945406524522696e-06,1.0730652269385066,2.2909698316198046e-07,0.0,9.934256439692035e-08,0.9498642525165539,1.2573127605719492e-07,0.1,0.0003021246286279271
2761,9.380705705552828e-07,0.9762939274944735,3.7877018712606514e-06,1.0741993984324696,2.2955495637688728e-07,0.0,9.600127270914527e-08,0.9492846530044388,1.6370688626921037e-07,0.1,0.00030140479166513917
2762,1.0934188594546868e-06,0.9765915203101189,1.2326191836109501e-06,1.0735910362382637,2.300788537468179e-07,0.0,1.0878839162842269e-07,0.9495958662031154,3.051541952459047e-08,0.1,0.0003006854459499864
2763,1.7169096508951043e-06,0.9767921170491191,1.8247150137540302e-06,1.0734989666810681,2.2947614297663677e-07,0.0,1.2987595710001187e-07,0.9494877819542306,2.143465316351012e-08,0.1,0.0002999665932573827
2764,9.507774052508466e-07,0.976623595214193,1.3571680028690025e-06,1.0733018415821143,2.2922552034287946e-07,0.0,1.3393390929650195e-07,0.9498538709356079,3.437065743128187e-08,0.1,0.00029924823536102554
2765,1.0828108543137205e-06,0.9765391143336806,2.276929308209219e-06,1.0736455063905483,2.2891690321102942e-07,0.0,1.1192251747615956e-07,0.9495951281715304,2.1393036320205283e-07,0.1,0.0002985303740333919
2766,1.64830657922721e-06,0.9770134608481564,1.7534568996779853e-06,1.07317155991746,2.2955696010740212e-07,0.0,1.1874826100211067e-07,0.9495951684121003,3.4841997376133804e-07,0.1,0.0002978130110457332
2767,1.162417220257339e-06,0.9768849778206513,1.749441821630171e-06,1.0731319514766757,2.294385978984792e-07,0.0,1.1435128044468001e-07,0.9497636992822236,1.9779814408593666e-07,0.1,0.00029709614816807124
2768,1.0234080036752857e-06,0.976807109783051,1.9447895738267107e-06,1.073090385513847,2.2947190814193164e-07,0.0,1.18078837374469e-07,0.9498835718061223,3.678819382457732e-08,0.1,0.00029637978716919375
2769,1.3457863587973407e-06,0.9771894014405724,1.3406780681179953e-06,1.0726591991916052,2.2972955093791825e-07,0.0,1.1498526930608932e-07,0.9499329041177036,1.3732271320066047e-08,0.1,0.0002956639298166505
2770,9.257183819499915e-07,0.9771415471360557,9.962265039575868e-07,1.0724721746567827,2.2909708263796347e-07,0.0,1.0500505709387653e-07,0.9501682197290479,4.7254253843220795e-08,0.1,0.00029494857787674825
2771,8.815813998808153e-07,0.9769798418924068,1.538376068310754e-06,1.0727604717380739,2.3002438354069454e-07,0.0,9.759129682151979e-08,0.9500420637903034,1.4522511548875627e-07,0.1,0.00029423373311454674
2772,1.3832529930368764e-06,0.9769567979510153,3.136758778055082e-06,1.0731059728614136,2.3007166305433202e-07,0.0,1.067539940891038e-07,0.9497200416358912,2.5402101755389594e-07,0.1,0.00029351939729385467
2773,7.982604870448995e-07,0.9767953354787452,1.7326134411632665e-06,1.072733692788442,2.29318203537332e-07,0.0,1.249139529591048e-07,0.9502542183390489,1.2032376162096625e-07,0.1,0.0002928055721772243
2774,9.827872418100014e-07,0.9769009763270163,2.1344371816667262e-06,1.0726492751850312,2.2941219413041836e-07,0.0,1.3066517112747533e-07,0.9502334283842231,4.316320101338533e-08,0.1,0.0002920922595259484
2775,9.124673283622542e-07,0.9770549393642045,1.5423557897520368e-06,1.0724063087753504,2.2863797255467944e-07,0.0,1.066767367774446e-07,0.9503228641806031,4.817743715079814e-08,0.1,0.00029137946110005465
2776,8.931800152822689e-07,0.9770198545208105,1.727840867715713e-06,1.0723209202504271,2.293279237619572e-07,0.0,1.1574892511134749e-07,0.9504437691083925,1.232446891208383e-07,0.1,0.0002906671786583028
2777,8.786411171968211e-07,0.9767320475953268,3.3333876672259066e-06,1.0728937927168372,2.299687196227751e-07,0.0,1.0492541946405254e-07,0.9501591342642508,1.3677282595381257e-07,0.1,0.00028995541395817877
2778,1.093104742722062e-06,0.977081857829797,1.5860920257182443e-06,1.0723530847095641,2.2945603461721475e-07,0.0,1.1199563232366927e-07,0.9503504618728755,3.86239875638239e-08,0.1,0.0002892441687558911
2779,1.2812347449653316e-06,0.9771239012367542,2.005334408750059e-06,1.07230162667456,2.294293466320596e-07,0.0,1.2127719628551858e-07,0.9503603054775025,1.8260895018329393e-08,0.1,0.0002885334448063666
2780,7.928666718726163e-07,0.9768070186013107,2.9878021905460628e-06,1.0726822573338934,2.2928699650037743e-07,0.0,1.0819133677841819e-07,0.9502969855726685,1.2531211268651532e-07,0.1,0.00028782324386324626
2781,9.146805837190186e-07,0.9771891454909993,9.890949286273099e-07,1.0721240102818848,2.294696344051772e-07,0.0,1.0157765473195468e-07,0.9504735329982344,1.6100229061066784e-07,0.1,0.00028711356767888006
2782,9.403043463862559e-07,0.976743106821298,2.3761469947203295e-06,1.0729908497761145,2.2930522902697703e-07,0.0,9.881668461275694e-08,0.9500531585828528,1.5603160363752977e-07,0.1,0.0002864044180043235
2783,7.900675882410724e-07,0.976618530766488,2.790492999338312e-06,1.0730043263773699,2.291880605298502e-07,0.0,1.0274362693962757e-07,0.9501646835931622,8.90027251898573e-08,0.1,0.00028569579658933294
2784,9.95836444417364e-07,0.9767536173664931,3.115120307484176e-06,1.0728021653974091,2.2924959353076702e-07,0.0,1.1750295669799016e-07,0.9502321826791845,3.912045087872684e-08,0.1,0.00028498770518236124
2785,7.550916052423418e-07,0.976815028932273,1.5333779401771608e-06,1.072435131964582,2.2903620333636354e-07,0.0,1.0944992112627006e-07,0.9505382284033113,6.859392698288502e-08,0.1,0.0002842801455305533
2786,9.127383009399637e-07,0.9768561639273311,2.0767017758771544e-06,1.0724419262956608,2.2963165235978522e-07,0.0,1.1560687340761433e-07,0.9504907220869633,1.507783338183799e-07,0.1,0.00028357311937974265
2787,1.0117366855411092e-06,0.97686643856152,2.7296582629787736e-06,1.07248294534206,2.2899351392879908e-07,0.0,1.1368423002977579e-07,0.9504398505705679,1.4888156840697775e-07,0.1,0.000282866628474446
2788,8.06959633337101e-07,0.9768304070086946,2.248811824756558e-06,1.0722812602037957,2.2912249164619425e-07,0.0,1.152695645600943e-07,0.9506779885819437,6.851778522332097e-08,0.1,0.00028216067455785916
2789,7.884678439040727e-07,0.9769774518840203,1.5233027852445957e-06,1.0719530469062983,2.296816461466733e-07,0.0,1.1079475115138848e-07,0.9508595774821825,1.0546343531814273e-07,0.1,0.00028145525937185343
2790,7.937331929497304e-07,0.976868068147534,2.2501642433780944e-06,1.0721624359416113,2.2936094978831534e-07,0.0,1.0587856280608321e-07,0.9507599918208872,7.335316354328825e-08,0.1,0.0002807503846569704
2791,1.1913855360035086e-06,0.977369453413926,1.1064051932407892e-06,1.0715487981875405,2.2904274032953253e-07,0.0,1.2075750532858365e-07,0.9508726631072423,3.1156432100942766e-08,0.1,0.00028004605215241877
2792,9.302662533627881e-07,0.9769610551420076,2.221666818513768e-06,1.072271199401917,2.287575853188173e-07,0.0,1.0328666633085959e-07,0.9505590781262817,3.8668794388740935e-08,0.1,0.0002793422635960688
2793,8.489438414471806e-07,0.976551907957411,4.76010745842359e-06,1.0729951087522698,2.295180649980466e-07,0.0,1.0199056532655959e-07,0.9502447330865177,1.035251386838354e-07,0.1,0.00027863902072444854
2794,1.5636463785995147e-06,0.9772018977939777,2.716164317462244e-06,1.0722997818746651,2.2935252275146922e-07,0.0,1.3417100319657038e-07,0.950290486419713,3.5958646549261175e-07,0.1,0.0002779363252727404
2795,1.175138777398388e-06,0.9771504073354115,1.9669321318360744e-06,1.0720345280188892,2.303510626688876e-07,0.0,1.4102775480751006e-07,0.9506076461940446,2.2406560162835376e-07,0.1,0.0002772341789747751
2796,9.331927230959991e-07,0.977019070046026,2.4832465896906797e-06,1.0722064919937697,2.2920524145320087e-07,0.0,1.1843665959077043e-07,0.9505674341380346,3.7257596119388836e-08,0.1,0.000276532583563029
2797,1.4711442872794578e-06,0.9765438182771251,7.700226888118777e-06,1.0732696102470811,2.2918200670574151e-07,0.0,1.3704652701562736e-07,0.9499799814542647,2.3098564838619495e-08,0.1,0.0002758315407686189
2798,7.892514872764878e-07,0.9765212344044198,2.6440154670126503e-06,1.0728915316293022,2.296404204571445e-07,0.0,1.1948701228448044e-07,0.9503810569182017,7.537511237387662e-08,0.1,0.0002751310523212984
2799,1.5437890397151932e-06,0.9773901743580039,1.6419127177869086e-06,1.072225722613309,2.2986230874266766e-07,0.0,1.1919780718017137e-07,0.9501783381285301,3.4015943128906656e-07,0.1,0.00027443111994945315
2800,2.015243353525875e-06,0.976662403689927,6.120467332948465e-06,1.0736504413033356,2.2971019575379614e-07,0.0,1.4334484887967847e-07,0.949481801430616,3.8841443483761395e-07,0.1,0.00027373174538009644
2801,9.681633628133568e-07,0.9766998590102927,1.7022917973008589e-06,1.073313197659585,2.2926447229565383e-07,0.0,9.628216446344595e-08,0.9497820002557996,3.308001339519251e-08,0.1,0.00027303293033886577
2802,1.7971381112147355e-06,0.9767694610857458,3.698707132571144e-06,1.0735722675868313,2.2930133525278507e-07,0.0,1.2279282657345902e-07,0.9494537379343059,1.2840174257178205e-08,0.1,0.00027233467655001756
2803,8.315292348015646e-07,0.9766515847832482,2.294226305821212e-06,1.0734046451268318,2.294830920845925e-07,0.0,9.97161535565283e-08,0.9497396455590561,3.776042234449051e-08,0.1,0.0002716369857364236
2804,1.552225057821488e-06,0.9771040846007224,3.195760882590548e-06,1.073134523824727,2.294690659709886e-07,0.0,1.1919262021820032e-07,0.9495576750886242,3.1431542879545304e-07,0.1,0.00027093985961956687
2805,2.073866198770702e-06,0.977160892916145,4.4919547690369654e-06,1.0730741323579223,2.2938949939543818e-07,0.0,1.459284959537399e-07,0.9495616654692619,4.4908381369168637e-07,0.1,0.00027024329991953667
2806,7.309503757824132e-07,0.9770437488250192,1.6140974139489117e-06,1.0727717333280702,2.2960992396292568e-07,0.0,1.178108703925318e-07,0.9499816150054441,6.690886777960259e-08,0.1,0.00026954730835502454
2807,1.4346269381348975e-06,0.9774155551189095,2.866547902158345e-06,1.0727274738733397,2.2943061139812926e-07,0.0,1.3251434438643628e-07,0.9496544737690645,1.797721793650453e-08,0.1,0.0002688518866433211
2808,1.0695605396904284e-06,0.9775288681704889,6.556559242199e-07,1.0722191795936917,2.2941833321965532e-07,0.0,1.2433991969373892e-07,0.9500498597891132,5.4868589671741574e-08,0.1,0.0002681570365003096
2809,8.660744015287491e-07,0.9772287942471188,1.1263333590250113e-06,1.0726993047397162,2.2886538886268681e-07,0.0,1.12602904778214e-07,0.9498702125492599,1.3802477383251244e-07,0.1,0.0002674627596404642
2810,1.212134407069243e-06,0.9766166820052727,3.772527406908921e-06,1.0739644339478573,2.3001010163170577e-07,0.0,1.2121736858716758e-07,0.9492175987582041,2.015298292690204e-07,0.1,0.00026676905777684373
2811,8.451537496512174e-07,0.976581499072689,2.5485389869572828e-06,1.0737161932269106,2.291335761128721e-07,0.0,1.1521154874571948e-07,0.9495014247810266,1.1816203482339915e-07,0.1,0.00026607593262108854
2812,9.317243438999867e-07,0.976805861088518,1.5751161299704108e-06,1.0732948587094133,2.3018517936179705e-07,0.0,1.1883493300501868e-07,0.9496987988476507,5.5574929547219654e-08,0.1,0.0002653833858834166
2813,9.447986144550669e-07,0.9763590567524165,3.7399615848698886e-06,1.0741272321995665,2.3033402385408408e-07,0.0,1.223340859723976e-07,0.9493136304558265,5.382489121075196e-08,0.1,0.0002646914192726174
2814,8.781398719293065e-07,0.9762864856337166,4.588534011418233e-06,1.0741669127789568,2.2882642269905773e-07,0.0,1.2074590927113604e-07,0.9493469209562403,1.6649630651954794e-07,0.1,0.00026400003449605013
2815,8.45601903165516e-07,0.976533303509325,2.3369166228803806e-06,1.0737816691725897,2.2947311606458243e-07,0.0,9.881844675874163e-08,0.9494857458485808,5.461286889385519e-08,0.1,0.00026330923325963815
2816,9.086789987122756e-07,0.9765347780644072,2.7484686597745167e-06,1.0736921157089667,2.2981362235441338e-07,0.0,1.0958274287986569e-07,0.9495742231207789,4.350654592144565e-08,0.1,0.0002626190172678644
2817,9.200546173815383e-07,0.976876377974256,7.14509440058464e-07,1.0731549228641537,2.2972123758790985e-07,0.0,9.265679778991398e-08,0.9497702136230719,1.244061706984212e-07,0.1,0.0002619293882237687
2818,1.1383150422261679e-06,0.9764801278942276,1.7617372805034393e-06,1.0739138096823113,2.297731498401845e-07,0.0,1.1131230337468878e-07,0.9494079736575343,2.1529612581616675e-07,0.1,0.00026124034782894196
2819,8.250293603850878e-07,0.9764086792426988,1.710686433398223e-06,1.073894475245121,2.2956373868510127e-07,0.0,9.364003261680409e-08,0.9494991527256966,1.1925556009373395e-07,0.1,0.00026055189778352285
2820,8.28011252451688e-07,0.9763967536661666,1.289053898290149e-06,1.0734799283975953,2.2926728604488744e-07,0.0,1.2612454725058342e-07,0.9499260203376345,8.610494717231632e-08,0.1,0.0002598640397861934
2821,8.313376156365848e-07,0.9765450082235598,1.1291881492070388e-06,1.0733021367012956,2.2888477246851835e-07,0.0,1.0536345484979392e-07,0.9499559518744407,4.2203446071198414e-08,0.1,0.00025917677553417465
2822,8.084257387963589e-07,0.9764349774298479,1.6509629858774133e-06,1.0735320450574741,2.2899430973666313e-07,0.0,9.438116421733866e-08,0.9498364679214724,5.768214350609924e-08,0.1,0.0002584901067232233
2823,8.015771868485899e-07,0.9763861570316033,2.1125408693478676e-06,1.0735919895840293,2.2939015309475508e-07,0.0,9.203364470522502e-08,0.9498257366158345,9.897007657855283e-08,0.1,0.00025780403504762603
2824,7.736964562354842e-07,0.9765435461221063,1.1600067182371276e-06,1.0731775510712749,2.2922942832792614e-07,0.0,9.26739218698458e-08,0.9500831780755061,1.0292993124494387e-07,0.1,0.0002571185622001967
2825,7.539682655988145e-07,0.9767855374632975,3.037905287328613e-07,1.0726172362428121,2.295418823905493e-07,0.0,9.216758911634315e-08,0.9504018928165151,6.667782059821548e-08,0.1,0.000256433689872271
2826,8.600840146755218e-07,0.9758707236522236,1.6591972098467522e-06,1.0743981688357267,2.2930549903321662e-07,0.0,9.705216541533446e-08,0.9495361645062957,5.318772977602748e-08,0.1,0.00025574941975370407
2827,8.291981998809206e-07,0.9761420680183988,6.169437369862862e-07,1.0739259941162762,2.29205085133799e-07,0.0,8.333412182537359e-08,0.9497373845506397,9.660200106509365e-08,0.1,0.00025506575353286356
2828,1.2434340987965697e-06,0.9752004208328563,4.368825557321543e-06,1.0757586008856583,2.2880924177570705e-07,0.0,1.1600229754549218e-07,0.9488468138788763,2.6467216684977757e-07,0.1,0.0002543826928966283
2829,7.998347655302496e-07,0.9752538523628005,1.1370013908162946e-06,1.075291971498139,2.2942609234632982e-07,0.0,1.0564590979811328e-07,0.9492603998710923,8.80387105439695e-08,0.1,0.00025370023953038293
2830,1.7105056713262456e-06,0.975294830471182,2.9628731681441423e-06,1.0757247729925736,2.294032555028025e-07,0.0,1.3668869769389858e-07,0.9487870076270359,1.3029556100718764e-08,0.1,0.00025301839511801245
2831,1.5964344584062928e-06,0.9753354417186746,2.7188027615920873e-06,1.0755502101589107,2.2964979962125653e-07,0.0,1.3317446700966684e-07,0.948921345797636,1.1657339982207304e-08,0.1,0.000252337161341901
2832,7.72029920881323e-07,0.9753449935205947,9.392803690388973e-07,1.0752358098067005,2.2925270570794964e-07,0.0,9.447238369375555e-08,0.9492265801595733,6.273586450333823e-08,0.1,0.0002516565398829244
2833,2.155489710276015e-06,0.9748413414446278,4.214555701764766e-06,1.0765232915930734,2.295800243246049e-07,0.0,1.364897030953216e-07,0.948443135489577,4.336672816407372e-07,0.1,0.00025097653242044885
2834,1.8606083358463366e-06,0.9748062663363716,4.155926035309676e-06,1.07640641291231,2.2920474407328584e-07,0.0,1.3666596032635425e-07,0.9485954735493108,3.407351982787077e-07,0.1,0.0002502971406323256
2835,9.248566357200616e-07,0.9747223963774114,3.0101680295047117e-06,1.076341921748787,2.2926212750462582e-07,0.0,9.38217610269021e-08,0.9487442181743507,3.710371743181895e-08,0.1,0.00024961836619488546
2836,3.8157927519932855e-06,0.9762766931832059,5.550997229875065e-06,1.0754467594278134,2.2892479023539636e-07,0.0,1.6730133722830942e-07,0.9480854664254654,2.172062085747939e-09,0.1,0.00024894021078293756
2837,2.846349389074021e-06,0.9759986407602018,8.775671631156001e-06,1.075856209222104,2.2921322795355081e-07,0.0,1.461516205836233e-07,0.9479544510250248,3.384034386044732e-09,0.1,0.0002482626760697627
2838,9.491703281128139e-07,0.9759214008688667,2.1446585378726013e-06,1.0755057233398653,2.2896571749697614e-07,0.0,1.0935394811895094e-07,0.9483825580058851,1.4433317119255662e-07,0.1,0.00024758576372711045
2839,3.342666332173394e-06,0.9766085689946805,6.863460839667823e-06,1.0755460436116275,2.2978659330874507e-07,0.0,1.3834853973548888e-07,0.9476554500535621,6.917701398378995e-07,0.1,0.00024690947542519456
2840,1.764554781402694e-06,0.9765169147037903,4.774846729560522e-06,1.0754163707970001,2.2969578594711493e-07,0.0,1.0904197011996075e-07,0.9478771568438227,3.4729475828498835e-07,0.1,0.00024623381283268956
2841,1.5790874385857023e-06,0.976475078457763,5.113498446007725e-06,1.0753548956547863,2.2937047106097452e-07,0.0,1.0773590020107804e-07,0.9479808471578173,1.4973021933428754e-08,0.1,0.00024555877761672556
2842,2.3128220618673367e-06,0.9768127401820133,4.714730948762735e-06,1.0749562328625424,2.2916137254469504e-07,0.0,1.2574568586387613e-07,0.9480422263940914,5.005639014399321e-09,0.1,0.0002448843714428848
2843,8.583797921346559e-07,0.9765806777956492,3.715186494446243e-06,1.0749034368653372,2.2954476719405648e-07,0.0,1.0866534694287111e-07,0.948327462189983,4.582302182143394e-08,0.1,0.00024421059597519755
2844,3.39204211741162e-06,0.9779507259046871,8.297250133182388e-06,1.074173566951519,2.2923619269477058e-07,0.0,1.9105502246929973e-07,0.9476876606526383,7.332756695177522e-07,0.1,0.00024353745287613752
2845,3.018817096744897e-06,0.9779354604406838,7.715731953794602e-06,1.0740078847578596,2.3008990979178634e-07,0.0,1.9607344370342616e-07,0.9478689842152374,6.377946419888758e-07,0.1,0.00024286494380661885
2846,9.923805919243023e-07,0.9779379333349639,1.9400449673412368e-06,1.0737478081766274,2.2944556121728965e-07,0.0,1.0091170565829088e-07,0.9481269630556913,4.544293830122115e-08,0.1,0.00024219307042599054
2847,3.804114840022521e-06,0.9783059819774934,7.699932211835403e-06,1.074119912981748,2.2925917164684506e-07,0.0,1.72747178339705e-07,0.9473871840116114,3.689875294199396e-09,0.1,0.0002415218343920333
2848,2.2689714569423813e-06,0.9781488162072439,7.201013886515284e-06,1.074097479759725,2.2935412857805204e-07,0.0,1.5427723099037394e-07,0.9475671566590214,9.95832660777296e-09,0.1,0.00024085123736095578
2849,1.1337882597217686e-06,0.9781535861679458,2.6422335395182017e-06,1.0737921034767148,2.297499861469987e-07,0.0,1.1090834561855445e-07,0.9478681358895301,2.1904374136738625e-07,0.1,0.00024018128098738875
2850,3.265985469624866e-06,0.978683283547354,6.786568519601133e-06,1.0737349692470268,2.2961647516694939e-07,0.0,1.80756856593689e-07,0.947395944902567,7.136197837098734e-07,0.1,0.0002395119669243836
2851,1.3505505194189027e-06,0.9786861464359218,1.7263814697798807e-06,1.073407048442883,2.2913891939424502e-07,0.0,1.1815522071856321e-07,0.9477213742369469,2.629030859679915e-07,0.1,0.000238843296823406
2852,1.078038280866167e-06,0.9781777124160013,4.001036813860992e-06,1.0743156990154783,2.291010332555743e-07,0.0,1.0610762046781019e-07,0.9473215283606099,5.061911423354104e-08,0.1,0.00023817527233433277
2853,1.8904715943790507e-06,0.978870102760914,2.275880206070724e-06,1.0736720065712158,2.2884054828864464e-07,0.0,1.1541990119212642e-07,0.9472732003953153,1.3403715470872157e-08,0.1,0.0002375078951054485
2854,1.3113808563502971e-06,0.9784842665137278,4.13944053434534e-06,1.0742897210771065,2.292038630002935e-07,0.0,9.722577942739008e-08,0.9470416913324654,3.549508775790855e-08,0.1,0.00023684116678343939
2855,9.797061011340702e-07,0.978540217687685,1.1471696552689536e-06,1.0737746485196356,2.2946639433030214e-07,0.0,1.0085804547088628e-07,0.9475011811738115,1.8104921650774486e-07,0.1,0.00023617508901339188
2856,2.0401880647114012e-06,0.9787348999383944,2.4818707515805727e-06,1.0738768200711846,2.2908756136530428e-07,0.0,1.441672168311925e-07,0.9472046950928384,3.993997950146877e-07,0.1,0.00023550966343878648
2857,1.3841683994542109e-06,0.9787928341342254,1.1648742201941786e-06,1.0735531206727,2.2861171089516574e-07,0.0,1.171563681623411e-07,0.9474708272817023,3.178290057803679e-07,0.1,0.00023484489170149438
2858,7.665336738682527e-07,0.9782440675214693,2.518622068237164e-06,1.0744505557228328,2.2913700092885847e-07,0.0,9.897370745193257e-08,0.9471225250969306,1.1177260006434153e-07,0.1,0.0002341807754417743
2859,1.451319349143887e-06,0.9786621320016887,3.925705186702544e-06,1.0742870687539428,2.2905132368578052e-07,0.0,1.118821728596231e-07,0.9468683131060671,1.8417352976030088e-08,0.1,0.00023351731629826675
2860,1.4817246665188577e-06,0.9787206284545412,4.321176675148308e-06,1.0742409172306715,2.2881101813254645e-07,0.0,9.848884019447723e-08,0.9468563329662765,2.1991411358612822e-08,0.1,0.0002328545159079913
2861,7.505708481403417e-07,0.9786732430968108,1.0954115623462712e-06,1.0737994764018823,2.295114143180399e-07,0.0,9.112714138836964e-08,0.9473455232133717,7.156170056532574e-08,0.1,0.0002321923759063418
2862,1.5980454008968081e-06,0.979254341305334,1.553765855533129e-06,1.0734081660710513,2.2920740150311758e-07,0.0,1.2303414109737787e-07,0.9471560986684984,3.4812092053471133e-07,0.1,0.0002315308979270834
2863,1.8836733488569735e-06,0.9787005281031532,4.4870562305732165e-06,1.074500891084072,2.293670888775523e-07,0.0,1.2949246297466743e-07,0.9466175494641748,4.0492571429240343e-07,0.1,0.0002308700836023466
2864,8.18359580989636e-07,0.9786036661385146,2.3506174784415634e-06,1.074294174662083,2.2928729492832645e-07,0.0,9.904383091452473e-08,0.9469214897324683,9.827246572058357e-08,0.1,0.00023020993456262557
2865,2.5183956040564226e-06,0.9796322110849374,4.609576080838451e-06,1.0737975979858847,2.2866267102017446e-07,0.0,1.3665069786839013e-07,0.9463898826205083,6.161771537449567e-09,0.1,0.0002295504524367723
2866,2.694362819966045e-06,0.9795979559385529,6.229266091395402e-06,1.0738787826140972,2.2910484176463797e-07,0.0,1.3424228484382184e-07,0.9463433135749892,5.274707781666166e-09,0.1,0.0002288916388519931
2867,7.632521601408371e-07,0.9794341318239032,1.069423888111487e-06,1.0734428375321132,2.297605306011974e-07,0.0,1.2258158221811755e-07,0.9469434424874198,9.763789421413094e-08,0.1,0.00022823349543384566
2868,3.2909633773670066e-06,0.9785121776413787,9.271118869946804e-06,1.0752595144425439,2.2908554342393472e-07,0.0,1.7079844383260934e-07,0.9460490787562388,7.330417020057212e-07,0.1,0.00022757602380623265
2869,2.484950982761802e-06,0.9785184807282966,6.6492029873188585e-06,1.0750397061311237,2.2933592447316187e-07,0.0,1.5271385223059042e-07,0.9462629422598318,4.980166750101489e-07,0.1,0.0002269192255914003
2870,1.104513216887426e-06,0.9785613050001062,9.225695976056159e-07,1.074626325107293,2.2939846644476347e-07,0.0,1.036785945984775e-07,0.9466338565747436,4.316780177759938e-08,0.1,0.0002262631024099333
2871,4.145419552514795e-06,0.9777430418184778,6.248028967092978e-06,1.076324566551168,2.297619516866689e-07,0.0,1.6275755854167073e-07,0.9457542351606195,2.8544717700640376e-09,0.1,0.00022560765588074968
2872,3.2590880891802954e-06,0.9777744967558155,4.837135293200845e-06,1.076148796768535,2.2978019842412323e-07,0.0,1.3611901295007556e-07,0.9458989061406982,4.293875921490553e-09,0.1,0.00022495288762109915
2873,8.438582881353796e-07,0.9776794740269245,9.642876648285892e-07,1.0758075921131556,2.2961418721934024e-07,0.0,9.438819859042269e-08,0.9463354889478383,1.4167508766149695e-07,0.1,0.000224298799246557
2874,3.2911202652030624e-06,0.9785929854618169,3.0978656013758155e-06,1.0755964559057605,2.2979426717029128e-07,0.0,1.5328123481594957e-07,0.9456334684327202,6.783274102417636e-07,0.1,0.0002236453923710214
2875,3.5540385852073086e-06,0.9781349953004773,7.641930096724536e-06,1.0764484682176747,2.290971110596729e-07,0.0,1.6554066917251475e-07,0.945239800285455,7.68918880567071e-07,0.1,0.00022299266860670885
2876,8.657583521198831e-07,0.9780429725120696,9.517071930531529e-07,1.0760631287408937,2.2932135834707879e-07,0.0,1.1642767816510968e-07,0.9457175158463005,1.0605282341202837e-07,0.1,0.0002223406295641501
2877,3.0317225991893793e-06,0.9770872284896485,1.0458007636771072e-05,1.0779132508783131,2.2969942392592202e-07,0.0,1.2650343705900013e-07,0.944823490320721,6.106379402126549e-09,0.1,0.00022168927685218707
2878,1.6074824316092418e-06,0.9770536616171563,2.8017625481879804e-06,1.0774667522562345,2.2851747871754924e-07,0.0,1.1743483696591284e-07,0.9453039076998844,2.2459639481553495e-08,0.1,0.00022103861207796766
2879,1.1930841310459073e-06,0.9769382393105918,3.1328463592217304e-06,1.0775349883877425,2.293287479915307e-07,0.0,1.0038918674126762e-07,0.9453514450561161,2.087903396841284e-07,0.1,0.00022038863684694258
2880,2.648988129294594e-06,0.9771609846810119,6.7677124206966255e-06,1.0774911646528071,2.296127377121593e-07,0.0,1.726949392377719e-07,0.9451728738997954,5.938709364272654e-07,0.1,0.00021973935276286074
2881,1.183671429316746e-06,0.9771847269047209,1.7217968206750811e-06,1.0771437013601535,2.2970047552917094e-07,0.0,1.1462583415777772e-07,0.9454969447472961,2.3435713103481248e-07,0.1,0.00021909076142776661
2882,1.225794790116197e-06,0.9770868328789692,2.4070129711617483e-06,1.0772211052469898,2.2835288859823777e-07,0.0,1.2595754128597036e-07,0.9455177839655602,3.002939052976217e-08,0.1,0.00021844286444199458
2883,2.323344688193174e-06,0.9767858078756003,7.255745003931224e-06,1.07807203059879,2.2874377236803412e-07,0.0,1.5760430471800646e-07,0.944968231998668,8.838338061423201e-09,0.1,0.00021779566340416587
2884,9.716516160551691e-07,0.9767138561827354,3.3096064271376235e-06,1.0778333770944035,2.2937459220884193e-07,0.0,1.1466259763892594e-07,0.9452791848810441,4.9939952617705785e-08,0.1,0.00021714915991118526
2885,1.495786364102969e-06,0.9773288568036101,1.2272959111214732e-06,1.077165505395326,2.2950536049393122e-07,0.0,1.1835179236641125e-07,0.9453324029493486,3.1339698125520954e-07,0.1,0.00021650335555823514
2886,2.3310685719479807e-06,0.9765909395505669,4.977117896487471e-06,1.0786499770455458,2.2923572373656498e-07,0.0,1.3741370707975875e-07,0.9445861948486407,4.849334800383076e-07,0.1,0.00021585825193877432
2887,9.177176707453327e-07,0.9765907606769381,6.890790018587722e-07,1.078231148530787,2.2918649733583152e-07,0.0,9.771559916771366e-08,0.9450055478412503,1.3875651916350762e-07,0.1,0.000215213850644531
2888,1.2096161299268715e-06,0.9762266314989202,1.7061400967577356e-06,1.078950473528852,2.2944779232147994e-07,0.0,1.1952742795529048e-07,0.9446506969345624,2.1485197621018415e-08,0.1,0.00021457015326550183
2889,1.8302393982594367e-06,0.9762319405155168,3.3247206374653615e-06,1.0792746738183334,2.291590988079406e-07,0.0,1.1693713020122232e-07,0.9443215318523617,1.3032637191656704e-08,0.1,0.00021392716138994632
2890,8.97892675766343e-07,0.975995881077262,2.231257894891314e-06,1.078975433893422,2.297854138078037e-07,0.0,1.3774348417427973e-07,0.9448571747513017,4.8740563585170094e-08,0.1,0.00021328487660438237
2891,9.297166911892418e-07,0.9760267780878956,2.9175471354392357e-06,1.0791094485394457,2.2960577439334884e-07,0.0,1.0083901003099527e-07,0.9446926059436902,1.6261913060588995e-07,0.1,0.00021264330049358435
2892,1.009703055387945e-06,0.9762422908946783,1.9953010905737756e-06,1.078733077010713,2.296419978620179e-07,0.0,9.89176953680726e-08,0.9448538068293307,1.9506111925693403e-07,0.1,0.00021200243464057744
2893,8.008402119230595e-07,0.9762595136045615,7.195548619165493e-07,1.0782050497954356,2.2950462152948603e-07,0.0,1.1487309592439487e-07,0.9453649528144304,8.813296403786808e-08,0.1,0.00021136228062663414
2894,9.905714932756382e-07,0.975885060994816,1.7783009980121278e-06,1.0790362471067054,2.2943262933949882e-07,0.0,1.0938109085145697e-07,0.9449085489099935,3.110885415935627e-08,0.1,0.00021072284003127123
2895,9.835863465923467e-07,0.9760817939770715,1.1080898048021481e-06,1.0786719969731555,2.2956584189159912e-07,0.0,9.964794855932269e-08,0.9450764061771219,2.7969287330620318e-08,0.1,0.00021008411443224463
2896,8.39860035739548e-07,0.9757128545580895,2.067744162559393e-06,1.0791208428342818,2.2958575129905512e-07,0.0,1.1793108711799505e-07,0.94499683917092,6.448434675121462e-08,0.1,0.00020944610540554637
2897,8.018473636184353e-07,0.9757822717827276,2.0426170976861613e-06,1.0790188629235813,2.29402232321263e-07,0.0,1.007515919582147e-07,0.9450297406143925,1.2149817507633998e-07,0.1,0.00020880881452540011
2898,8.411020644416567e-07,0.9759197041435049,1.7889924492919818e-06,1.0787775526262013,2.2925794951333955e-07,0.0,9.655957455834141e-08,0.945133956631229,1.2665800852573739e-07,0.1,0.00020817224336425788
2899,7.679096825086162e-07,0.9759816120343561,1.2982721955268062e-06,1.0784611821861967,2.294796388468967e-07,0.0,9.99510234578338e-08,0.9453887565847939,6.455179857312032e-08,0.1,0.00020753639349279548
2900,8.695562883076491e-07,0.9760087595281786,1.5515248605879606e-06,1.0783474344838948,2.3009206984170305e-07,0.0,1.1308304692647653e-07,0.9454756935232138,4.62400464584789e-08,0.1,0.00020690126647990973
2901,9.128388001045096e-07,0.9762826791193925,9.192814900416124e-07,1.0779670643379322,2.286595304212824e-07,0.0,9.546990042963444e-08,0.9455824801347796,3.736554532451919e-08,0.1,0.00020626686389271315
2902,8.110469025268685e-07,0.9757534481000679,2.2758249542675912e-06,1.0788833965362834,2.2926887766061554e-07,0.0,1.0161742380887517e-07,0.9451957143407924,5.804496083783306e-08,0.1,0.0002056331872965308
2903,9.363527624373091e-07,0.976033337059192,1.2365923112156452e-06,1.0783944162609855,2.2949312494802143e-07,0.0,1.0587694276864568e-07,0.945405140371571,1.4030487704985717e-07,0.1,0.0002050002382548974
2904,9.406920753463055e-07,0.9761395329699522,1.0549013040872524e-06,1.078147415895263,2.2946593958295125e-07,0.0,1.0374928649525827e-07,0.9455462788720438,1.6757807941303327e-07,0.1,0.00020436801832955092
2905,1.0964590728690382e-06,0.9761599729809342,1.458691031075432e-06,1.0782003379620104,2.291239411533752e-07,0.0,1.0303193676008959e-07,0.9454732501720678,1.7228077808795206e-07,0.1,0.00020373652908043164
2906,7.631653033968178e-07,0.9761068169513778,9.413427619620052e-07,1.0778990143601925,2.2985668124420044e-07,0.0,1.0533727845540852e-07,0.9458280625147735,8.257006811618339e-08,0.1,0.00020310577206567683
2907,8.288986350635241e-07,0.9758548936437061,1.8502141756471246e-06,1.0784316324078427,2.2986731096352742e-07,0.0,1.0016732687745389e-07,0.9455476998210363,5.2429697916522855e-08,0.1,0.00020247574884161594
2908,8.610425084043527e-07,0.9759338833966069,1.9080246147495927e-06,1.0782986647449293,2.292415359761435e-07,0.0,9.544608303713176e-08,0.9456020091135294,5.9290243825671496e-08,0.1,0.00020184646096276952
2909,8.868076974977157e-07,0.9760180705243386,1.7924916164702154e-06,1.0780893366680446,2.2950116829179024e-07,0.0,9.654159072169932e-08,0.9457274807827298,1.220861918227456e-07,0.1,0.00020121790998184198
2910,8.975068794825347e-07,0.9761375061934328,1.5048349268909078e-06,1.0778354713274945,2.2964469792441378e-07,0.0,9.358218733268586e-08,0.9458622405131238,1.151439761315487e-07,0.1,0.000200590097449721
2911,7.365314331764239e-07,0.9758532355103222,2.370842366872239e-06,1.0781024589159167,2.2928573173430777e-07,0.0,1.0568719233106094e-07,0.9458798530069622,8.669580608966498e-08,0.1,0.00019996302491547137
2912,8.803335731499828e-07,0.9762031173849753,1.4240924883779371e-06,1.077665055286901,2.2906013441570394e-07,0.0,9.633561148802983e-08,0.9459677035020059,4.040212431277723e-08,0.1,0.00019933669392633213
2913,1.1015366681021987e-06,0.9759344705452357,3.1466490781895118e-06,1.0782946780860263,2.2948574951442424e-07,0.0,9.634755571141795e-08,0.9456070556261487,3.386607261290919e-08,0.1,0.00019871110602771302
2914,7.455422519342392e-07,0.9759257593246512,1.6536738485228852e-06,1.0779496304234508,2.296130219292536e-07,0.0,9.201040995776566e-08,0.9459611419369982,8.938015128023835e-08,0.1,0.00019808626276318986
2915,1.1723655006790068e-06,0.9763511010688204,7.865494353609392e-07,1.0772537822079715,2.2849110337119782e-07,0.0,1.2915677416458493e-07,0.9462319751814698,2.384294361945649e-07,0.1,0.00019746216567450125
2916,1.310402808485378e-06,0.9754840966912336,3.6283138342696475e-06,1.07893827635755,2.2916447051102296e-07,0.0,1.2880116173619172e-07,0.9454148115294203,2.511445984509919e-07,0.1,0.00019683881630154458
2917,8.882306588020583e-07,0.9754576883887902,2.089433564833598e-06,1.0786163548890193,2.293541854214709e-07,0.0,1.250998877821985e-07,0.9457634667684227,1.3416538990895788e-07,0.1,0.0001962162161823728
2918,8.363130064026336e-07,0.9757820682441969,3.714843899160769e-07,1.0780533400958072,2.295787169259711e-07,0.0,1.0275350348365464e-07,0.9460024265236457,1.1246088149619027e-07,0.1,0.0001955943668531896
2919,7.874402854213258e-07,0.9752011713103644,1.0277884712195373e-06,1.0791971572189827,2.291368446094566e-07,0.0,8.474465573726775e-08,0.9454398305024105,8.76710473107778e-08,0.1,0.00019497326984834623
2920,7.893630709077115e-07,0.9751526475974945,1.2092534689145396e-06,1.0791127021662308,2.2964881907228119e-07,0.0,9.576107373732157e-08,0.9455731327881277,7.234996246552328e-08,0.1,0.00019435292670033839
2921,7.386983611468168e-07,0.9752927837517832,1.0227552138530882e-06,1.0789514457303568,2.291949954269512e-07,0.0,7.260345569193305e-08,0.9455945759430919,8.109812199563748e-08,0.1,0.00019373333893980035
2922,8.192290010811121e-07,0.9746855615051784,3.0521880489686737e-06,1.0800371868608794,2.2985837233591155e-07,0.0,9.398021916240396e-08,0.9451163792871293,1.1463943394574017e-07,0.1,0.00019311450809550407
2923,7.601757374686713e-07,0.9748490669560232,1.1401949677747325e-06,1.0795168738238563,2.2933420495974133e-07,0.0,9.795600419693073e-08,0.945473508457129,8.23771273417151e-08,0.1,0.00019249643569435238
2924,8.080363613771624e-07,0.9750049085458419,8.158002060554281e-07,1.0791391497976424,2.2980302105679584e-07,0.0,1.0483107359959831e-07,0.9456957118344994,7.154599046543808e-08,0.1,0.0001918791232613779
2925,8.490903837810038e-07,0.9751584677171674,6.032306032466295e-07,1.0787893033824842,2.2949774347580387e-07,0.0,1.0870829214582045e-07,0.9458923193777462,8.806019025087153e-08,0.1,0.00019126257231973806
2926,7.590897439513355e-07,0.9744993735869906,1.810643539101875e-06,1.0800302015071492,2.2899959617461718e-07,0.0,1.042104926796128e-07,0.9453108350423939,8.326998113261652e-08,0.1,0.00019064678439071028
2927,8.58415660331957e-07,0.9744532782337888,2.7091216452390654e-06,1.080172870926304,2.2925689791009063e-07,0.0,1.0456103893830004e-07,0.945214579996578,5.715140005690955e-08,0.1,0.00019003176099369057
2928,7.942350066514337e-07,0.9745624406308532,1.841098992372281e-06,1.079841034843141,2.2956240286475804e-07,0.0,1.0211164180873311e-07,0.9454375720650926,5.558570137509378e-08,0.1,0.0001894175036461879
2929,7.869330715948308e-07,0.9747679735001649,8.82640847521543e-07,1.079374075448923,2.294700038873998e-07,0.0,1.0102743885909149e-07,0.9456993163359685,1.1522162424171256e-07,0.1,0.000188804013863821
2930,8.31877400742087e-07,0.9743108491758554,2.1671953618351836e-06,1.0802104741043423,2.297034313869517e-07,0.0,1.109045157932087e-07,0.9453203591156539,1.2983872466065804e-07,0.1,0.00018819129316031527
2931,9.589405181031907e-07,0.9745942714203712,1.589093358234095e-06,1.0798606363112624,2.2937102528430842e-07,0.0,9.992644578460386e-08,0.945387091141109,1.3769511042482918e-07,0.1,0.00018757934304749796
2932,8.755744147492805e-07,0.9744564685413524,2.302831262568361e-06,1.080089175764094,2.2904021079739323e-07,0.0,8.992560651677195e-08,0.9452966704115497,1.2431712548277574e-07,0.1,0.0001869681650352952
2933,8.234079018620832e-07,0.9743017989726601,3.21207744491403e-06,1.0801821871999675,2.290812233241013e-07,0.0,1.0094390034964817e-07,0.945358643757249,5.7855803703432684e-08,0.1,0.00018635776063172788
2934,7.351011390710482e-07,0.9744638825482389,1.8921580249298131e-06,1.0798425481823328,2.293243710482784e-07,0.0,8.625315217614116e-08,0.9455365137820753,8.084707303623873e-08,0.1,0.00018574813134290824
2935,7.781444537613424e-07,0.9746821339360541,7.538901627412997e-07,1.0792863046733228,2.2898936435922224e-07,0.0,9.580976723100321e-08,0.9458748198571894,1.065845651737618e-07,0.1,0.00018513927867303584
2936,9.173481885227375e-07,0.9743471651156437,1.7169687680507195e-06,1.0799718840810604,2.293281085030685e-07,0.0,1.0092240643189143e-07,0.9455245225961877,1.4042149132365012e-07,0.1,0.00018453120412439437
2937,8.181145858543459e-07,0.974313974740676,1.974862243514508e-06,1.0799984165774796,2.296423815550952e-07,0.0,8.810516050061779e-08,0.9455314931747223,9.381287213727774e-08,0.1,0.0001839239091973472
2938,9.238690381607739e-07,0.9743903537074295,2.1897685655858368e-06,1.0798437668271483,2.2943892474813765e-07,0.0,9.464483241572452e-08,0.9456100760331988,4.087448246536951e-08,0.1,0.000183317395390334
2939,9.301861041421944e-07,0.9744017931405281,2.1434218524518656e-06,1.0796188332369303,2.2909358676770353e-07,0.0,1.0862287069812737e-07,0.9458238816413794,3.780347768156389e-08,0.1,0.00018271166419986783
2940,7.604941174577107e-07,0.9743788142045166,1.6369730246879044e-06,1.0793376811449007,2.2906036178937939e-07,0.0,1.1665936483495898e-07,0.9461283234978909,7.405117230518954e-08,0.1,0.00018210671712052948
2941,9.782025927052018e-07,0.974756936930194,1.3186673868403886e-06,1.0789999679111764,2.292462113473448e-07,0.0,9.84629195954767e-08,0.946088224213062,1.74750283576941e-07,0.1,0.00018150255564496613
2942,1.6162750853254693e-06,0.9745796693072031,3.2477505556016695e-06,1.0795807060758218,2.2910882080395822e-07,0.0,1.178715862693025e-07,0.9456850632584278,3.108135047114047e-07,0.1,0.00018089918126388646
2943,1.062026512954617e-06,0.9745548817914902,2.3467891878681257e-06,1.0794096345298227,2.2986789360857074e-07,0.0,9.66643511901566e-08,0.9458812312882956,1.8792198375194857e-07,0.1,0.00018029659546605609
2944,8.0859234685704e-07,0.9744393956855193,2.313914819751517e-06,1.079295676568314,2.2915882880170102e-07,0.0,1.0229972957631617e-07,0.9461109837063038,5.148092441231711e-08,0.1,0.00017969479973829628
2945,1.9332621832290897e-06,0.9747432985826545,5.72982298763236e-06,1.0795044402171168,2.2944185218420898e-07,0.0,1.2288063544474426e-07,0.9455986248945015,1.1896319485060758e-08,0.1,0.00017909379556547744
2946,1.1911010915355291e-06,0.9747696094898238,2.3351415165961953e-06,1.0791385588142604,2.292397596193041e-07,0.0,1.0431713093339567e-07,0.9459385025091642,1.838094476624974e-08,0.1,0.00017849358443051822
2947,8.88298586687597e-07,0.9747623844729353,1.28118392694887e-06,1.0787545200903206,2.291594682901632e-07,0.0,1.1006314792894045e-07,0.946330072755037,1.4312740859168116e-07,0.1,0.00017789416781437966
2948,1.4866850506223273e-06,0.9748746513517911,2.448430677759461e-06,1.078944380290569,2.2891185835760552e-07,0.0,1.198291101900395e-07,0.9460282515682737,3.055668855722615e-07,0.1,0.00017729554719606253
2949,1.3367223345994717e-06,0.9746501544718772,4.0937015910458285e-06,1.079360014943245,2.294854368756205e-07,0.0,1.0381630488609517e-07,0.9458374190763736,2.3233062051986053e-07,0.1,0.0001766977240526041
2950,7.652145086467499e-07,0.9745964292212601,1.6409713907705736e-06,1.078956434570575,2.2947764932723658e-07,0.0,1.0200501776580495e-07,0.9462950293702661,5.1651479537895284e-08,0.1,0.00017610069985907333
2951,1.2127609352319269e-06,0.9748559126202045,2.492497515049763e-06,1.0789311974253621,2.292646286150557e-07,0.0,9.984117355088529e-08,0.9460610871781036,2.2585760817150913e-08,0.1,0.00017550447608856803
2952,9.642913028073963e-07,0.9748983658884566,1.4464352489085286e-06,1.0785742975468784,2.2883710926180356e-07,0.0,9.898310793232667e-08,0.946375837242085,2.449624147971008e-08,0.1,0.000174909054212211
2953,7.706596534262644e-07,0.974742518411166,1.633512965781847e-06,1.078522514732761,2.293658667440468e-07,0.0,1.1147182732429428e-07,0.9465837703806389,1.023638915853553e-07,0.1,0.00017431443569914686
2954,9.665760671850876e-07,0.9744557173605882,3.7548145428445423e-06,1.0792516538173302,2.293580081413893e-07,0.0,9.710244341931684e-08,0.9461417345884018,1.644006175638424e-07,0.1,0.00017372062201653744
2955,9.80141066975193e-07,0.9746481591475246,1.5538678326265654e-06,1.078720040233974,2.2944232114241458e-07,0.0,1.0590481736016955e-07,0.9464812080223948,1.5151974253058142e-07,0.1,0.000173127614629559
2956,7.914351272120257e-07,0.9747773294955174,7.870975196055952e-07,1.078361066532731,2.2913818042979983e-07,0.0,8.984397936728783e-08,0.9467113124102449,1.0929823446303999e-07,0.1,0.00017253541500139835
2957,7.87340582064644e-07,0.973916371167043,3.4965778468176723e-06,1.0800064970283285,2.2965916457451385e-07,0.0,1.0842001785249522e-07,0.9459271406759533,4.469417191899083e-08,0.1,0.000171944024593249
2958,7.532172503488255e-07,0.9736631167924705,6.208958893694216e-06,1.0804272107174462,2.288619072032816e-07,0.0,1.0837169384103618e-07,0.9457599811936743,5.72715670443813e-08,0.1,0.00017135344486430857
2959,8.531697517355497e-07,0.9740095146676699,2.0787983885384165e-06,1.079849823082043,2.2982595737630618e-07,0.0,1.074408402246263e-07,0.9459912701867799,1.2363292967165762e-07,0.1,0.0001707636772717731
2960,1.031643705573515e-06,0.9742322659276724,1.8317659851163626e-06,1.0795342644540842,2.2969543067574705e-07,0.0,1.1141948874637819e-07,0.9460843761894712,1.806956220207212e-07,0.1,0.00017017472327083582
2961,8.530529385097907e-07,0.9743858060663144,7.786164246681437e-07,1.0791127845947792,2.294241028266697e-07,0.0,9.792589139578922e-08,0.9463526139478982,1.3067491977380996e-07,0.1,0.00016958658431468255
2962,7.972590765348286e-07,0.9745803771825413,3.400782304652239e-07,1.0786495604330049,2.2941674160392722e-07,0.0,9.311094117947505e-08,0.9466215644354323,6.387527662354842e-08,0.1,0.00016899926185448696
2963,9.894679351418745e-07,0.9736893781471923,1.7497461612947518e-06,1.080382806042291,2.3017361172605888e-07,0.0,1.0473844014313727e-07,0.9457796147088954,4.3456115150775076e-08,0.1,0.00016841275733940945
2964,1.0788892268465133e-06,0.9739558222080587,1.0573844519967679e-06,1.0799689147950136,2.2953136635806004e-07,0.0,9.7997755688084e-08,0.9459273581493088,2.802724452521943e-08,0.1,0.00016782707221659135
2965,8.71879592523328e-07,0.9735863534629284,2.0439899799384875e-06,1.0805920199287924,2.2983891767580644e-07,0.0,8.893968583834067e-08,0.9456740174224506,4.7492353161260326e-08,0.1,0.00016724220793115237
2966,9.41352652716887e-07,0.9738298987942494,7.529736762990069e-07,1.0800156984983107,2.2869191695917834e-07,0.0,9.854306881607044e-08,0.9460070885923739,1.420093269643985e-07,0.1,0.0001666581659261875
2967,1.2056402738380712e-06,0.9730736025485218,2.9358773190324428e-06,1.0814847836260504,2.2890077389092767e-07,0.0,1.202380843778883e-07,0.9452945941912779,2.4826368871799787e-07,0.1,0.00016607494764276162
2968,1.122938215303293e-06,0.9732425229541055,1.8915857253887225e-06,1.0811593852432957,2.2994453274804982e-07,0.0,1.0452129828308898e-07,0.9454513660606976,2.0321299132319837e-07,0.1,0.00016549255451990836
2969,7.348569397436222e-07,0.9731977470566064,1.3426854366116459e-06,1.0809507926932567,2.297168038012387e-07,0.0,9.335783346386961e-08,0.945705027812994,8.6312738289962e-08,0.1,0.00016491098799462477
2970,1.0137648587260628e-06,0.9730145856919742,2.928839649030124e-06,1.081492487941979,2.2925851794752816e-07,0.0,9.540507051042368e-08,0.945346786647346,2.7903212185265147e-08,0.1,0.00016433024950186835
2971,1.0499798008822836e-06,0.9731461681265541,1.2750195992339286e-06,1.080921134669543,2.296795997835943e-07,0.0,1.1898127638687583e-07,0.9457868496184998,3.0186971144985364e-08,0.1,0.0001637503404745534
2972,8.46028228806972e-07,0.9727990634992677,2.4404266696365084e-06,1.081576182623027,2.2919111586361396e-07,0.0,9.288505964377691e-08,0.9454791978416254,5.985823037235605e-08,0.1,0.0001631712623435483
2973,8.608957386968541e-07,0.9729165683687155,1.7939681811185437e-06,1.0812153546119287,2.2936487198421673e-07,0.0,1.005951020260909e-07,0.9457228119497917,1.2665070414641377e-07,0.1,0.0001625930165376705
2974,9.98952828012989e-07,0.9731654916414998,1.2938963891429012e-06,1.080823554232229,2.2872841043408698e-07,0.0,1.0229736346900609e-07,0.9458659794415812,1.9846214627250447e-07,0.1,0.00016201560448368384
2975,9.141815553448396e-07,0.9732121565375472,1.118607315220288e-06,1.0806063040668321,2.2961194190429524e-07,0.0,1.0059088850766784e-07,0.9460368545153254,1.6258780988209764e-07,0.1,0.0001614390276062957
2976,8.010745773390227e-07,0.9732734676427909,7.701914910285268e-07,1.0802805722633413,2.2887927286774357e-07,0.0,1.0205604894508724e-07,0.9463015644386483,1.0939456984715434e-07,0.1,0.0001608632873281516
2977,8.750834012971609e-07,0.9728292996166682,1.939081585078384e-06,1.0812109070087426,2.2919337538951368e-07,0.0,9.004389767142129e-08,0.9458156863662845,5.403884273391668e-08,0.1,0.00016028838506983406
2978,1.7238699001609348e-06,0.9724170985526361,6.569614015461411e-06,1.0822575432984287,2.2951829237172205e-07,0.0,1.1223752949263144e-07,0.9451815392105403,1.2069793164926068e-08,0.1,0.00015971432224985653
2979,9.82389678938489e-07,0.9724348204475406,1.3269751661937335e-06,1.081759813773075,2.2928560383661534e-07,0.0,1.0367116942688881e-07,0.9456618343350475,3.1890145635316e-08,0.1,0.00015914110028466242
2980,9.575855983712245e-07,0.9725072962101897,9.30978103497182e-07,1.0813707413823717,2.2919940079191292e-07,0.0,1.1892047524497684e-07,0.945978717882459,1.720448778996797e-07,0.1,0.00015856872058862015
2981,1.7565523648954695e-06,0.9716435362765696,5.021780452807434e-06,1.0830863296526347,2.292464955644391e-07,0.0,1.3828253031533677e-07,0.9451271758916214,3.606096470321063e-07,0.1,0.00015799718457401915
2982,1.2311661521380302e-06,0.971746955838487,1.7221092321051401e-06,1.0826525504613116,2.2948283628920763e-07,0.0,1.1827570745026605e-07,0.9454578212944275,2.577112923063396e-07,0.1,0.00015742649365106814
2983,7.605731866533461e-07,0.9714901819278122,2.347609552089125e-06,1.082936031591004,2.293818539556014e-07,0.0,1.0033674868736853e-07,0.9454313992775489,6.631361770814692e-08,0.1,0.00015685664922789015
2984,1.3783982240056503e-06,0.9720118296920455,3.0437831810559146e-06,1.0826459324741513,2.2938280608286732e-07,0.0,1.019220547959776e-07,0.9452001352621883,1.95598772734229e-08,0.1,0.00015628765271051938
2985,1.380561911901168e-06,0.9720722350382621,2.860741233234876e-06,1.0824262654908798,2.2946321109884593e-07,0.0,1.0666239802503696e-07,0.9453596809622838,1.6831304350262144e-08,0.1,0.00015571950550289865
2986,9.004313596960856e-07,0.9720733462437824,1.7724869394442067e-06,1.0821771536705453,2.292650975732613e-07,0.0,8.949390917223354e-08,0.945607965072297,5.278785408791009e-08,0.1,0.00015515220900687445
2987,7.777641712891636e-07,0.972047311231112,1.3608074596049846e-06,1.0818474669616913,2.2932761112315347e-07,0.0,1.0474491318746004e-07,0.9459639697223134,1.433064653610927e-07,0.1,0.0001545857646221945
2988,1.1179251941939583e-06,0.972379834636573,1.3430618537313421e-06,1.0814979271794596,2.3004034233053972e-07,0.0,1.1506948283113161e-07,0.9459812684620018,2.031016776982142e-07,0.1,0.000154020173746504
2989,1.125283915826003e-06,0.9720568308937902,2.7745911665988388e-06,1.0821301701166701,2.3019421746539592e-07,0.0,1.0853192122795008e-07,0.9456723110660484,2.1538897954087588e-07,0.1,0.00015345543777534211
2990,8.46827049372223e-07,0.9721312442978112,1.6553955219933414e-06,1.081838158287231,2.2955626377552107e-07,0.0,9.097307440697477e-08,0.9458901907266257,1.0248944448676411e-07,0.1,0.00015289155810213902
2991,9.959586577679147e-07,0.9716090908565376,4.646340130420867e-06,1.0828359148755655,2.2984833947248262e-07,0.0,1.0587489640556669e-07,0.945414868252535,3.9013524855135984e-08,0.1,0.00015232853611821153
2992,1.5173172869253904e-06,0.9721973632569547,1.9475426142889773e-06,1.0821785151627883,2.294503644861834e-07,0.0,1.1195241000905298e-07,0.9454842756767998,1.919290504304172e-08,0.1,0.00015176637321276048
2993,1.2147936558903893e-06,0.9720103712525178,2.799802132358309e-06,1.0824478177049037,2.2954000655772688e-07,0.0,9.707883208420753e-08,0.9454022446910827,2.008710708878425e-08,0.1,0.00015120507077286677
2994,7.587801178488007e-07,0.9719728379542477,1.011911535897525e-06,1.0819800524047176,2.2962983337038168e-07,0.0,1.0260737326461822e-07,0.9459078222826757,6.906632421532777e-08,0.1,0.00015064463018348885
2995,1.0700269967856002e-06,0.9716998895281894,2.4845469397405395e-06,1.0827258539527476,2.2882932171341963e-07,0.0,9.658510435883727e-08,0.9454352475961334,1.8694629488891223e-07,0.1,0.0001500850528274576
2996,1.2116813650209224e-06,0.9717626570279643,2.7363357730791904e-06,1.0825371208341055,2.2944153954540525e-07,0.0,1.1047188053225909e-07,0.9455614910938377,2.2855945758237795e-07,0.1,0.00014952634008547473
2997,1.055792949955503e-06,0.9718215364221068,2.4281291644001612e-06,1.0823918281252485,2.2978917968430324e-07,0.0,9.357357555472845e-08,0.9456481817319096,1.8772929877286515e-07,0.1,0.00014896849333610875
2998,7.227293963296688e-07,0.9718024572119631,1.4933590364307747e-06,1.0820902521499023,2.2933924981316522e-07,0.0,8.942812712575687e-08,0.9459691136863869,6.612849290377198e-08,0.1,0.00014841151395579046
2999,1.1362783425283851e-06,0.9716909967746468,3.314686182420701e-06,1.0825180334893654,2.2903554963704664e-07,0.0,1.0778579451198311e-07,0.9456530689999668,2.1101367764231327e-08,0.1,0.00014785540331881168
3000,1.1312749848002568e-06,0.9719735545040484,1.508946866124461e-06,1.082067710410611,2.2930284160338488e-07,0.0,9.162415892660647e-08,0.9458211100128912,2.345554150906537e-08,0.1,0.00014730016279731955
3001,9.172596264761523e-07,0.9719735545040484,2.1354724140110193e-06,1.082067710410611,0.0,0.0,0.0,0.9458211100128912,0.0,0.1,1.0
3002,8.948334198066732e-07,0.9719735545040484,2.1382902559707873e-06,1.082067710410611,0.0,0.0,0.0,0.9458211100128912,0.0,0.1,1.0
3003,8.412835654780793e-07,0.9719735545040484,3.3224214348592795e-06,1.082067710410611,0.0,0.0,0.0,0.9458211100128912,0.0,0.1,1.0
3004,8.862301683620899e-07,0.9719735545040484,9.501673048362136e-07,1.082067710410611,0.0,0.0,1.4957739722376573e-06,0.9458211100128912,0.0,0.1,1.0
3005,8.897953875930398e-07,0.9719735545040484,4.976623131369706e-07,1.082067710410611,0.0,0.0,1.8538461290518171e-06,0.9458211100128912,0.0,0.1,1.0
3006,7.997635975698358e-07,0.9719735545040484,1.6406225995524437e-06,1.082067710410611,0.0,0.0,3.8383063838409726e-07,0.9458211100128912,0.0,0.1,1.0
3007,8.660346679789654e-07,0.9719735545040484,2.642667141117272e-06,1.082067710410611,0.0,0.0,0.0,0.9458211100128912,0.0,0.1,1.0
3008,8.175535413101898e-07,0.9719735545040484,2.8098461370973382e-06,1.082067710410611,0.0,0.0,0.0,0.9458211100128912,0.0,0.1,1.0
3009,8.773625950198038e-07,0.9719735545040484,1.1319064014969626e-06,1.082067710410611,0.0,0.0,2.7499180532686296e-06,0.9458211100128912,0.0,0.1,1.0
3010,8.759020602155942e-07,0.9719735545040484,3.364433496244601e-06,1.082067710410611,0.0,0.0,0.0,0.9458211100128912,0.0,0.1,1.0
3011,8.223513532357174e-07,0.9719735545040484,6.611182925553294e-07,1.082067710410611,0.0,0.0,1.9702314375535934e-06,0.9458211100128912,0.0,0.1,1.0
3012,8.587663842263282e-07,0.9719735545040484,2.3033453544485383e-06,1.082067710410611,0.0,0.0,0.0,0.9458211100128912,0.0,0.1,1.0
3013,8.796571933089581e-07,0.9719735545040484,2.376795691816369e-06,1.082067710410611,0.0,0.0,6.58134808873001e-08,0.9458211100128912,0.0,0.1,1.0
3014,8.607192398812913e-07,0.9719735545040484,3.836349151242757e-06,1.082067710410611,0.0,0.0,0.0,0.9458211100128912,0.0,0.1,1.0
3015,8.703648290975252e-07,0.9719735545040484,9.786151622392936e-07,1.082067710410611,0.0,0.0,6.16126271779649e-07,0.9458211100128912,0.0,0.1,1.0
3016,9.088345223062788e-07,0.9719735545040484,1.727316998767492e-06,1.082067710410611,0.0,0.0,1.7349605059280293e-06,0.9458211100128912,0.0,0.1,1.0
3017,8.817565344543254e-07,0.9719735545040484,2.7450860216049477e-06,1.082067710410611,0.0,0.0,0.0,0.9458211100128912,0.0,0.1,1.0
3018,8.698174838173145e-07,0.9719735545040484,2.100569417962106e-06,1.082067710410611,0.0,0.0,0.0,0.9458211100128912,0.0,0.1,1.0
3019,8.252567909039499e-07,0.9719735545040484,2.382821776336641e-06,1.082067710410611,0.0,0.0,8.028831075534981e-07,0.9458211100128912,0.0,0.1,1.0
3020,8.041959631555073e-07,0.9719735545040484,2.3797358608135255e-06,1.082067710410611,0.0,0.0,0.0,0.9458211100128912,0.0,0.1,1.0
3021,8.303740628434753e-07,0.9719735545040484,1.576648742229736e-06,1.082067710410611,0.0,0.0,0.0,0.9458211100128912,0.0,0.1,1.0
3022,8.245814342444646e-07,0.9719735545040484,6.81840560901037e-07,1.082067710410611,0.0,0.0,1.4261077012633905e-06,0.9458211100128912,0.0,0.1,1.0
3023,8.163486882040161e-07,0.9719735545040484,1.8555310816736892e-06,1.082067710410611,0.0,0.0,3.8102064081613207e-07,0.9458211100128912,0.0,0.1,1.0
3024,8.737578696127457e-07,0.9719735545040484,2.6909310690825805e-06,1.082067710410611,0.0,0.0,1.6979907968561747e-07,0.9458211100128912,0.0,0.1,1.0
3025,8.795307735454116e-07,0.9719735545040484,2.579242618594435e-06,1.082067710410611,0.0,0.0,2.481596652614826e-07,0.9458211100128912,0.0,0.1,1.0
3026,8.300097533719963e-07,0.9719735545040484,1.512365770395263e-06,1.082067710410611,0.0,0.0,0.0,0.9458211100128912,0.0,0.1,1.0
3027,8.725781412977085e-07,0.9719735545040484,1.2214978823976708e-06,1.082067710410611,0.0,0.0,1.061975410721061e-06,0.9458211100128912,0.0,0.1,1.0
3028,8.704639640200185e-07,0.9719735545040484,2.1996518171363277e-06,1.082067710410611,0.0,0.0,0.0,0.9458211100128912,0.0,0.1,1.0
3029,8.830012347971206e-07,0.9719735545040484,1.5200045027086162e-06,1.082067710410611,0.0,0.0,8.116669505398022e-07,0.9458211100128912,0.0,0.1,1.0
3030,8.677706091475557e-07,0.9719735545040484,2.656875039974693e-06,1.082067710410611,0.0,0.0,0.0,0.9458211100128912,0.0,0.1,1.0
3031,8.481642908009235e-07,0.9719735545040484,1.4516666624331265e-06,1.082067710410611,0.0,0.0,0.0,0.9458211100128912,0.0,0.1,1.0
3032,8.773355375524261e-07,0.9719735545040484,2.6793848064698977e-06,1.082067710410611,0.0,0.0,0.0,0.9458211100128912,0.0,0.1,1.0
3033,8.811860539026384e-07,0.9719735545040484,1.9745177723962115e-06,1.082067710410611,0.0,0.0,1.4621645618717594e-06,0.9458211100128912,0.0,0.1,1.0
3034,8.571311127525405e-07,0.9719735545040484,2.1072451090731192e-06,1.082067710410611,0.0,0.0,0.0,0.9458211100128912,0.0,0.1,1.0
3035,8.468250598525628e-07,0.9719735545040484,1.0533008207858074e-06,1.082067710410611,0.0,0.0,2.8468903110479005e-06,0.9458211100128912,0.0,0.1,1.0
3036,8.688185744176735e-07,0.9719735545040484,2.465025772835361e-06,1.082067710410611,0.0,0.0,6.643975893894094e-07,0.9458211100128912,0.0,0.1,1.0
3037,8.237603879024391e-07,0.9719735545040484,2.910697730840184e-06,1.082067710410611,0.0,0.0,2.2623987661063438e-07,0.9458211100128912,0.0,0.1,1.0
3038,8.735063374842866e-07,0.9719735545040484,1.4465945241681766e-06,1.082067710410611,0.0,0.0,4.839318989979802e-08,0.9458211100128912,0.0,0.1,1.0
3039,8.600805472269712e-07,0.9719735545040484,3.035092277059448e-06,1.082067710410611,0.0,0.0,0.0,0.9458211100128912,0.0,0.1,1.0
3040,8.548082632842124e-07,0.9719735545040484,6.529198799398728e-07,1.082067710410611,0.0,0.0,8.597463647674886e-07,0.9458211100128912,0.0,0.1,1.0
3041,8.83234633874963e-07,0.9719735545040484,8.183749855561473e-07,1.082067710410611,0.0,0.0,2.8048388571733085e-06,0.9458211100128912,0.0,0.1,1.0
3042,9.010137773657334e-07,0.9719735545040484,2.3909026367618935e-06,1.082067710410611,0.0,0.0,0.0,0.9458211100128912,0.0,0.1,1.0
3043,8.342193495991523e-07,0.9719735545040484,1.5792022622918012e-06,1.082067710410611,0.0,0.0,2.3559653072879883e-07,0.9458211100128912,0.0,0.1,1.0
3044,8.564659310650313e-07,0.9719735545040484,1.5735097349534044e-06,1.082067710410611,0.0,0.0,5.261192654870683e-07,0.9458211100128912,0.0,0.1,1.0
3045,8.331863341481949e-07,0.9719735545040484,4.117287517146906e-06,1.082067710410611,0.0,0.0,0.0,0.9458211100128912,0.0,0.1,1.0
3046,8.217934350795986e-07,0.9719735545040484,2.5784031549846986e-06,1.082067710410611,0.0,0.0,9.260986644221703e-09,0.9458211100128912,0.0,0.1,1.0
3047,8.857605280354619e-07,0.9719735545040484,3.1516058243141742e-06,1.082067710410611,0.0,0.0,0.0,0.9458211100128912,0.0,0.1,1.0
3048,8.781635187915526e-07,0.9719735545040484,3.228059085813584e-06,1.082067710410611,0.0,0.0,0.0,0.9458211100128912,0.0,0.1,1.0
3049,8.45578597363783e-07,0.9719735545040484,9.32247360196925e-07,1.082067710410611,0.0,0.0,1.579751994995604e-06,0.9458211100128912,0.0,0.1,1.0
3050,8.313072044074943e-07,0.9719735545040484,1.7824883116190904e-06,1.082067710410611,0.0,0.0,0.0,0.9458211100128912,0.0,0.1,1.0
3051,8.85801739514136e-07,0.9719735545040484,1.374243424834276e-06,1.082067710410611,0.0,0.0,4.3874621269424097e-07,0.9458211100128912,0.0,0.1,1.0
3052,8.599001830589259e-07,0.9719735545040484,1.6910669273784151e-06,1.082067710410611,0.0,0.0,1.085224994312739e-07,0.9458211100128912,0.0,0.1,1.0
3053,8.188336551029352e-07,0.9719735545040484,2.0179450075374916e-06,1.082067710410611,0.0,0.0,0.0,0.9458211100128912,0.0,0.1,1.0
3054,8.590804441155342e-07,0.9719735545040484,1.2478884627853404e-06,1.082067710410611,0.0,0.0,1.42617608389628e-06,0.9458211100128912,0.0,0.1,1.0
3055,8.922037864067534e-07,0.9719735545040484,9.2239025661911e-07,1.082067710410611,0.0,0.0,5.778688318969216e-07,0.9458211100128912,0.0,0.1,1.0
3056,8.52209495860734e-07,0.9719735545040484,8.635367407805461e-07,1.082067710410611,0.0,0.0,3.476175720606989e-07,0.9458211100128912,0.0,0.1,1.0
3057,8.156659987434978e-07,0.9719735545040484,2.1688101696781814e-06,1.082067710410611,0.0,0.0,0.0,0.9458211100128912,0.0,0.1,1.0
3058,8.310724410875991e-07,0.9719735545040484,1.8601309648147435e-06,1.082067710410611,0.0,0.0,0.0,0.9458211100128912,0.0,0.1,1.0
3059,8.056464366745786e-07,0.9719735545040484,1.0173199598284555e-06,1.082067710410611,0.0,0.0,1.5710843399574514e-06,0.9458211100128912,0.0,0.1,1.0
3060,8.295947395708936e-07,0.9719735545040484,1.4500326415145537e-06,1.082067710410611,0.0,0.0,0.0,0.9458211100128912,0.0,0.1,1.0
3061,8.72794771566987e-07,0.9719735545040484,2.238009756183601e-06,1.082067710410611,0.0,0.0,0.0,0.9458211100128912,0.0,0.1,1.0
3062,8.517293963450356e-07,0.9719735545040484,2.3645986857445678e-06,1.082067710410611,0.0,0.0,2.570594688222627e-07,0.9458211100128912,0.0,0.1,1.0
3063,8.652259566588327e-07,0.9719735545040484,1.7113563899329165e-06,1.082067710410611,0.0,0.0,6.567795480805216e-07,0.9458211100128912,0.0,0.1,1.0
3064,8.903577963792486e-07,0.9719735545040484,1.6961475921561942e-06,1.082067710410611,0.0,0.0,0.0,0.9458211100128912,0.0,0.1,1.0
3065,8.48565946398594e-07,0.9719735545040484,2.1014332105551148e-06,1.082067710410611,0.0,0.0,0.0,0.9458211100128912,0.0,0.1,1.0
3066,8.67397602632991e-07,0.9719735545040484,2.276648729093722e-06,1.082067710410611,0.0,0.0,0.0,0.9458211100128912,0.0,0.1,1.0
3067,8.835979770083213e-07,0.9719735545040484,1.5581781553919427e-06,1.082067710410611,0.0,0.0,0.0,0.9458211100128912,0.0,0.1,1.0
3068,8.319996140926378e-07,0.9719735545040484,1.1020212014045683e-06,1.082067710410611,0.0,0.0,1.4094890730120824e-06,0.9458211100128912,0.0,0.1,1.0
3069,8.649859637444024e-07,0.9719735545040484,2.188718099205289e-06,1.082067710410611,0.0,0.0,2.2690845753459143e-06,0.9458211100128912,0.0,0.1,1.0
3070,8.349870768142864e-07,0.9719735545040484,2.4990954443637747e-06,1.082067710410611,0.0,0.0,3.378318069735542e-09,0.9458211100128912,0.0,0.1,1.0
3071,8.421508255196386e-07,0.9719735545040484,2.398269998593605e-06,1.082067710410611,0.0,0.0,0.0,0.9458211100128912,0.0,0.1,1.0
3072,8.91004106051696e-07,0.9719735545040484,1.480440573686792e-06,1.082067710410611,0.0,0.0,0.0,0.9458211100128912,0.0,0.1,1.0
3073,8.736808467801893e-07,0.9719735545040484,1.0977169040415902e-06,1.082067710410611,0.0,0.0,1.0596475021884544e-06,0.9458211100128912,0.0,0.1,1.0
3074,8.546525123165338e-07,0.9719735545040484,2.1784373984701233e-06,1.082067710410611,0.0,0.0,0.0,0.9458211100128912,0.0,0.1,1.0
3075,8.613459385742317e-07,0.9719735545040484,1.4943775568099227e-06,1.082067710410611,0.0,0.0,4.3347642986191204e-07,0.9458211100128912,0.0,0.1,1.0
3076,8.122038934743614e-07,0.9719735545040484,2.1532964638026897e-06,1.082067710410611,0.0,0.0,1.6720754274501815e-06,0.9458211100128912,0.0,0.1,1.0
3077,8.694253210705938e-07,0.9719735545040484,8.113859735203732e-07,1.082067710410611,0.0,0.0,5.121755179970933e-07,0.9458211100128912,0.0,0.1,1.0
3078,8.555185786462971e-07,0.9719735545040484,2.9486311632354045e-06,1.082067710410611,0.0,0.0,0.0,0.9458211100128912,0.0,0.1,1.0
3079,8.604475851825555e-07,0.9719735545040484,1.9018856391994632e-06,1.082067710410611,0.0,0.0,6.385416781995445e-07,0.9458211100128912,0.0,0.1,1.0
3080,8.649349183542654e-07,0.9719735545040484,1.3317331877260585e-06,1.082067710410611,0.0,0.0,0.0,0.9458211100128912,0.0,0.1,1.0
3081,8.903058983378287e-07,0.9719735545040484,2.4073096938082017e-06,1.082067710410611,0.0,0.0,0.0,0.9458211100128912,0.0,0.1,1.0
3082,8.387905836571008e-07,0.9719735545040484,1.0252939546262496e-06,1.082067710410611,0.0,0.0,1.5690030750192818e-06,0.9458211100128912,0.0,0.1,1.0
3083,8.797015311756695e-07,0.9719735545040484,2.599575509520946e-06,1.082067710410611,0.0,0.0,0.0,0.9458211100128912,0.0,0.1,1.0
3084,8.8189801772387e-07,0.9719735545040484,1.7661146785030724e-06,1.082067710410611,0.0,0.0,1.0228031896986067e-06,0.9458211100128912,0.0,0.1,1.0
3085,8.751150062380475e-07,0.9719735545040484,6.684723530270276e-07,1.082067710410611,0.0,0.0,6.984359970374499e-07,0.9458211100128912,0.0,0.1,1.0
3086,8.967866165221494e-07,0.9719735545040484,1.4938020740373759e-06,1.082067710410611,0.0,0.0,5.362056754165678e-08,0.9458211100128912,0.0,0.1,1.0
3087,8.434353162556363e-07,0.9719735545040484,2.4378848593187286e-06,1.082067710410611,0.0,0.0,0.0,0.9458211100128912,0.0,0.1,1.0
3088,8.482815587740333e-07,0.9719735545040484,2.85192754745367e-06,1.082067710410611,0.0,0.0,0.0,0.9458211100128912,0.0,0.1,1.0
3089,8.354556939593749e-07,0.9719735545040484,1.6719865243430831e-06,1.082067710410611,0.0,0.0,0.0,0.9458211100128912,0.0,0.1,1.0
3090,8.511410669598263e-07,0.9719735545040484,1.5804624808879453e-06,1.082067710410611,0.0,0.0,7.63872094466933e-08,0.9458211100128912,0.0,0.1,1.0
3091,8.75983005244052e-07,0.9719735545040484,2.1143705453141592e-06,1.082067710410611,0.0,0.0,1.219431396748405e-06,0.9458211100128912,0.0,0.1,1.0
3092,8.396285693379468e-07,0.9719735545040484,1.1074693020418636e-06,1.082067710410611,0.0,0.0,7.566404747194611e-07,0.9458211100128912,0.0,0.1,1.0
3093,8.149390851031058e-07,0.9719735545040484,1.1450769079601741e-06,1.082067710410611,0.0,0.0,0.0,0.9458211100128912,0.0,0.1,1.0
3094,8.507388429279672e-07,0.9719735545040484,2.2847511900181416e-06,1.082067710410611,0.0,0.0,6.98990106684505e-07,0.9458211100128912,0.0,0.1,1.0
3095,8.120325105664961e-07,0.9719735545040484,1.9647713997983374e-06,1.082067710410611,0.0,0.0,9.436349159841484e-07,0.9458211100128912,0.0,0.1,1.0
3096,8.509907729603583e-07,0.9719735545040484,2.9329114568099612e-06,1.082067710410611,0.0,0.0,0.0,0.9458211100128912,0.0,0.1,1.0
3097,8.384489547097473e-07,0.9719735545040484,1.0815585937962169e-06,1.082067710410611,0.0,0.0,3.4501280197218875e-06,0.9458211100128912,0.0,0.1,1.0
3098,8.626971066405531e-07,0.9719735545040484,9.596128620614763e-07,1.082067710410611,0.0,0.0,1.3106453025102383e-06,0.9458211100128912,0.0,0.1,1.0
3099,8.455301667709136e-07,0.9719735545040484,1.4365756442202837e-06,1.082067710410611,0.0,0.0,0.0,0.9458211100128912,0.0,0.1,1.0
3100,8.57320401337347e-07,0.9719735545040484,2.4825021682772785e-06,1.082067710410611,0.0,0.0,0.0,0.9458211100128912,0.0,0.1,1.0
3101,8.422946393693564e-07,0.9719735545040484,1.6250091903202701e-06,1.082067710410611,0.0,0.0,9.818238595471485e-07,0.9458211100128912,0.0,0.1,1.0
3102,8.099307251541177e-07,0.9719735545040484,3.499309286780772e-06,1.082067710410611,0.0,0.0,8.515644367435016e-07,0.9458211100128912,0.0,0.1,1.0
3103,8.948647973738844e-07,0.9719735545040484,2.7423639039625414e-06,1.082067710410611,0.0,0.0,0.0,0.9458211100128912,0.0,0.1,1.0
3104,8.0135214375332e-07,0.9719735545040484,1.302702003158629e-06,1.082067710410611,0.0,0.0,9.634356956667034e-07,0.9458211100128912,0.0,0.1,1.0
3105,8.502805712851114e-07,0.9719735545040484,2.63318611359864e-06,1.082067710410611,0.0,0.0,0.0,0.9458211100128912,0.0,0.1,1.0
3106,8.640911346446956e-07,0.9719735545040484,1.9182709820597665e-06,1.082067710410611,0.0,0.0,0.0,0.9458211100128912,0.0,0.1,1.0
3107,8.192320137823117e-07,0.9719735545040484,1.3244738283901825e-06,1.082067710410611,0.0,0.0,2.1517721506825183e-06,0.9458211100128912,0.0,0.1,1.0
3108,8.277120286948048e-07,0.9719735545040484,7.61890646572283e-07,1.082067710410611,0.0,0.0,4.2023032165161567e-07,0.9458211100128912,0.0,0.1,1.0
3109,8.25111783342436e-07,0.9719735545040484,1.7250816881642095e-06,1.082067710410611,0.0,0.0,4.56338852927729e-07,0.9458211100128912,0.0,0.1,1.0
3110,7.863957875997585e-07,0.9719735545040484,2.4989758458104916e-06,1.082067710410611,0.0,0.0,0.0,0.9458211100128912,0.0,0.1,1.0
3111,8.084572300504078e-07,0.9719735545040484,3.5006378311663866e-06,1.082067710410611,0.0,0.0,0.0,0.9458211100128912,0.0,0.1,1.0
3112,7.672235824429663e-07,0.9719735545040484,1.4381982964550843e-06,1.082067710410611,0.0,0.0,0.0,0.9458211100128912,0.0,0.1,1.0
3113,8.11950030765729e-07,0.9719735545040484,2.670061348908348e-06,1.082067710410611,0.0,0.0,0.0,0.9458211100128912,0.0,0.1,1.0
3114,7.826291721357848e-07,0.9719735545040484,2.5344002096971963e-06,1.082067710410611,0.0,0.0,1.1855069033117616e-06,0.9458211100128912,0.0,0.1,1.0
3115,8.060441132329288e-07,0.9719735545040484,1.9061434386458131e-06,1.082067710410611,0.0,0.0,5.346028046915308e-07,0.9458211100128912,0.0,0.1,1.0
3116,7.984029934959835e-07,0.9719735545040484,1.1573049505386734e-06,1.082067710410611,0.0,0.0,1.5660995131838717e-06,0.9458211100128912,0.0,0.1,1.0
3117,8.046918082982302e-07,0.9719735545040484,3.463726898189634e-06,1.082067710410611,0.0,0.0,0.0,0.9458211100128912,0.0,0.1,1.0
3118,7.435374982378562e-07,0.9719735545040484,2.2832609829492867e-06,1.082067710410611,0.0,0.0,2.992231884491048e-07,0.9458211100128912,0.0,0.1,1.0
3119,8.111905458463298e-07,0.9719735545040484,5.324263838701881e-07,1.082067710410611,0.0,0.0,1.4067684901419852e-06,0.9458211100128912,0.0,0.1,1.0
3120,7.843372031857143e-07,0.9719735545040484,1.7273523553740233e-06,1.082067710410611,0.0,0.0,1.6018717587940046e-06,0.9458211100128912,0.0,0.1,1.0
3121,8.393637358494743e-07,0.9719735545040484,1.914236463562702e-06,1.082067710410611,0.0,0.0,8.500783792442235e-07,0.9458211100128912,0.0,0.1,1.0
3122,7.772911772008229e-07,0.9719735545040484,2.1679541077901376e-06,1.082067710410611,0.0,0.0,1.7241778209609038e-06,0.9458211100128912,0.0,0.1,1.0
3123,8.153504040819826e-07,0.9719735545040484,2.008353249038919e-06,1.082067710410611,0.0,0.0,1.9963408703915775e-10,0.9458211100128912,0.0,0.1,1.0
3124,8.420727226621239e-07,0.9719735545040484,1.1503968835313572e-06,1.082067710410611,0.0,0.0,1.9170761333953124e-06,0.9458211100128912,0.0,0.1,1.0
3125,8.13453311820922e-07,0.9719735545040484,2.4379592105105985e-06,1.082067710410611,0.0,0.0,0.0,0.9458211100128912,0.0,0.1,1.0
3126,8.301155958179152e-07,0.9719735545040484,1.1468233651612536e-06,1.082067710410611,0.0,0.0,1.026507902679441e-06,0.9458211100128912,0.0,0.1,1.0
3127,7.694004580116598e-07,0.9719735545040484,2.067325567622902e-06,1.082067710410611,0.0,0.0,0.0,0.9458211100128912,0.0,0.1,1.0
3128,8.191291271941736e-07,0.9719735545040484,2.1329310584405903e-06,1.082067710410611,0.0,0.0,0.0,0.9458211100128912,0.0,0.1,1.0
3129,7.856434649511357e-07,0.9719735545040484,8.166354632521688e-07,1.082067710410611,0.0,0.0,2.87639352336555e-07,0.9458211100128912,0.0,0.1,1.0
3130,7.614103196829092e-07,0.9719735545040484,7.548417784164485e-07,1.082067710410611,0.0,0.0,1.8198813336312014e-06,0.9458211100128912,0.0,0.1,1.0
3131,8.031327070057159e-07,0.9719735545040484,2.1947296318103326e-06,1.082067710410611,0.0,0.0,2.8843869586125948e-06,0.9458211100128912,0.0,0.1,1.0
3132,8.197967531486938e-07,0.9719735545040484,2.7133676212542923e-06,1.082067710410611,0.0,0.0,1.3415485113910108e-06,0.9458211100128912,0.0,0.1,1.0
3133,8.24779363028938e-07,0.9719735545040484,1.8925204585684696e-06,1.082067710410611,0.0,0.0,0.0,0.9458211100128912,0.0,0.1,1.0
3134,8.058225375862094e-07,0.9719735545040484,8.58055898333987e-07,1.082067710410611,0.0,0.0,2.9112814559084654e-06,0.9458211100128912,0.0,0.1,1.0
3135,8.375152447115397e-07,0.9719735545040484,1.1588734878387186e-06,1.082067710410611,0.0,0.0,1.567276399327966e-06,0.9458211100128912,0.0,0.1,1.0
3136,8.179166570698726e-07,0.9719735545040484,1.1546050018296228e-06,1.082067710410611,0.0,0.0,4.6498962547047995e-07,0.9458211100128912,0.0,0.1,1.0
3137,7.888734785410634e-07,0.9719735545040484,1.2855097111241776e-06,1.082067710410611,0.0,0.0,0.0,0.9458211100128912,0.0,0.1,1.0
3138,8.184691751011997e-07,0.9719735545040484,1.803697387003922e-06,1.082067710410611,0.0,0.0,0.0,0.9458211100128912,0.0,0.1,1.0
3139,8.026179330045125e-07,0.9719735545040484,3.3818062092905166e-06,1.082067710410611,0.0,0.0,0.0,0.9458211100128912,0.0,0.1,1.0
3140,8.344233606294438e-07,0.9719735545040484,6.5462413658679e-06,1.082067710410611,0.0,0.0,0.0,0.9458211100128912,0.0,0.1,1.0
3141,8.004341225387179e-07,0.9719735545040484,1.63715287726518e-06,1.082067710410611,0.0,0.0,3.813327111856779e-07,0.9458211100128912,0.0,0.1,1.0
3142,7.872814649090287e-07,0.9719735545040484,1.0325509265385335e-06,1.082067710410611,0.0,0.0,8.133588380587753e-08,0.9458211100128912,0.0,0.1,1.0
3143,7.671467869840853e-07,0.9719735545040484,1.369662641081959e-06,1.082067710410611,0.0,0.0,2.027530342729733e-06,0.9458211100128912,0.0,0.1,1.0
3144,7.972698767844122e-07,0.9719735545040484,1.6370381672459189e-06,1.082067710410611,0.0,0.0,1.6292106010951102e-06,0.9458211100128912,0.0,0.1,1.0
3145,7.867624276514107e-07,0.9719735545040484,4.154423550062347e-06,1.082067710410611,0.0,0.0,0.0,0.9458211100128912,0.0,0.1,1.0
3146,7.738601084383845e-07,0.9719735545040484,1.1851791441586101e-06,1.082067710410611,0.0,0.0,5.121920025885629e-07,0.9458211100128912,0.0,0.1,1.0
3147,7.793245231368928e-07,0.9719735545040484,1.0300625490344828e-06,1.082067710410611,0.0,0.0,1.0378936394772609e-06,0.9458211100128912,0.0,0.1,1.0
3148,8.208267558984517e-07,0.9719735545040484,1.2905235280413763e-06,1.082067710410611,0.0,0.0,0.0,0.9458211100128912,0.0,0.1,1.0
3149,7.96209405962145e-07,0.9719735545040484,1.2473215065256227e-06,1.082067710410611,0.0,0.0,1.873715973488288e-07,0.9458211100128912,0.0,0.1,1.0
3150,8.007839937818062e-07,0.9719735545040484,1.2067091574863298e-06,1.082067710410611,0.0,0.0,1.7923497352967388e-07,0.9458211100128912,0.0,0.1,1.0
3151,8.058348157646833e-07,0.9719735545040484,1.1159345376654528e-06,1.082067710410611,0.0,0.0,1.650600097491406e-06,0.9458211100128912,0.0,0.1,1.0
3152,7.845267191441962e-07,0.9719735545040484,1.246556507794594e-06,1.082067710410611,0.0,0.0,7.043778396109701e-07,0.9458211100128912,0.0,0.1,1.0
3153,7.858376420699642e-07,0.9719735545040484,3.6256330986361718e-06,1.082067710410611,0.0,0.0,0.0,0.9458211100128912,0.0,0.1,1.0
3154,7.86911755312758e-07,0.9719735545040484,1.220148874381266e-06,1.082067710410611,0.0,0.0,1.474780447097146e-06,0.9458211100128912,0.0,0.1,1.0
3155,7.390681275865063e-07,0.9719735545040484,1.7916330534717417e-06,1.082067710410611,0.0,0.0,4.369436510387459e-07,0.9458211100128912,0.0,0.1,1.0
3156,8.000030788934964e-07,0.9719735545040484,6.103661576162267e-07,1.082067710410611,0.0,0.0,1.870646542556642e-06,0.9458211100128912,0.0,0.1,1.0
3157,8.261438324552728e-07,0.9719735545040484,7.537905162280367e-07,1.082067710410611,0.0,0.0,1.3847969171365548e-06,0.9458211100128912,0.0,0.1,1.0
3158,8.243958973253029e-07,0.9719735545040484,1.8755589508145931e-06,1.082067710410611,0.0,0.0,1.277849150937982e-07,0.9458211100128912,0.0,0.1,1.0
3159,7.814438731656992e-07,0.9719735545040484,2.1832611309946515e-06,1.082067710410611,0.0,0.0,1.5548050669167424e-07,0.9458211100128912,0.0,0.1,1.0
3160,8.163852953657624e-07,0.9719735545040484,1.2518038374764728e-06,1.082067710410611,0.0,0.0,0.0,0.9458211100128912,0.0,0.1,1.0
3161,7.946331948005536e-07,0.9719735545040484,1.351246282865759e-06,1.082067710410611,0.0,0.0,5.316847477843112e-07,0.9458211100128912,0.0,0.1,1.0
3162,8.170112550942576e-07,0.9719735545040484,1.2455964224500349e-06,1.082067710410611,0.0,0.0,1.2181957345092087e-06,0.9458211100128912,0.0,0.1,1.0
3163,7.827939043636434e-07,0.9719735545040484,3.3470512335043168e-06,1.082067710410611,0.0,0.0,0.0,0.9458211100128912,0.0,0.1,1.0
3164,7.888751270002103e-07,0.9719735545040484,1.8841858491214225e-06,1.082067710410611,0.0,0.0,1.0777546322060516e-07,0.9458211100128912,0.0,0.1,1.0
3165,7.939387387523311e-07,0.9719735545040484,1.3601198816104443e-06,1.082067710410611,0.0,0.0,7.31603449821705e-07,0.9458211100128912,0.0,0.1,1.0
3166,7.593681630169158e-07,0.9719735545040484,1.605495185685868e-06,1.082067710410611,0.0,0.0,3.491504685371183e-07,0.9458211100128912,0.0,0.1,1.0
3167,8.28393126539595e-07,0.9719735545040484,1.597061213942652e-06,1.082067710410611,0.0,0.0,0.0,0.9458211100128912,0.0,0.1,1.0
3168,7.745252332824748e-07,0.9719735545040484,2.9340042146941414e-06,1.082067710410611,0.0,0.0,0.0,0.9458211100128912,0.0,0.1,1.0
3169,8.335819643434661e-07,0.9719735545040484,1.445340217287594e-06,1.082067710410611,0.0,0.0,0.0,0.9458211100128912,0.0,0.1,1.0
3170,8.230392722907709e-07,0.9719735545040484,9.625950951885898e-07,1.082067710410611,0.0,0.0,1.3299400052346755e-06,0.9458211100128912,0.0,0.1,1.0
3171,8.564912832298432e-07,0.9719735545040484,1.5916517668301822e-06,1.082067710410611,0.0,0.0,3.42605858349998e-06,0.9458211100128912,0.0,0.1,1.0
3172,8.036482199713646e-07,0.9719735545040484,1.049486741067085e-06,1.082067710410611,0.0,0.0,1.344418990356644e-06,0.9458211100128912,0.0,0.1,1.0
3173,7.918399660411524e-07,0.9719735545040484,7.45193176499015e-07,1.082067710410611,0.0,0.0,5.269332064017362e-07,0.9458211100128912,0.0,0.1,1.0
3174,8.180297754734056e-07,0.9719735545040484,5.642380642711942e-07,1.082067710410611,0.0,0.0,4.866824326654751e-06,0.9458211100128912,0.0,0.1,1.0
3175,8.33002900435531e-07,0.9719735545040484,2.5180165721394587e-06,1.082067710410611,0.0,0.0,0.0,0.9458211100128912,0.0,0.1,1.0
3176,7.643191111128544e-07,0.9719735545040484,2.0957938886567717e-06,1.082067710410611,0.0,0.0,1.1152587831020355e-07,0.9458211100128912,0.0,0.1,1.0
3177,8.008796612557489e-07,0.9719735545040484,2.778408997983206e-06,1.082067710410611,0.0,0.0,0.0,0.9458211100128912,0.0,0.1,1.0
3178,7.914156867627753e-07,0.9719735545040484,3.023272938662558e-06,1.082067710410611,0.0,0.0,0.0,0.9458211100128912,0.0,0.1,1.0
3179,8.098645594145637e-07,0.9719735545040484,1.997685785681824e-06,1.082067710410611,0.0,0.0,2.847037876563263e-06,0.9458211100128912,0.0,0.1,1.0
3180,7.733687539257517e-07,0.9719735545040484,2.962269718409516e-06,1.082067710410611,0.0,0.0,0.0,0.9458211100128912,0.0,0.1,1.0
3181,7.779793804729707e-07,0.9719735545040484,9.76322780843475e-07,1.082067710410611,0.0,0.0,1.191654064314207e-08,0.9458211100128912,0.0,0.1,1.0
3182,7.881023975642165e-07,0.9719735545040484,2.0855554794252384e-06,1.082067710410611,0.0,0.0,0.0,0.9458211100128912,0.0,0.1,1.0
3183,8.088989602583752e-07,0.9719735545040484,9.921734545059735e-07,1.082067710410611,0.0,0.0,1.4176447962199745e-06,0.9458211100128912,0.0,0.1,1.0
3184,8.042396757446113e-07,0.9719735545040484,2.7416022021498065e-06,1.082067710410611,0.0,0.0,0.0,0.9458211100128912,0.0,0.1,1.0
3185,7.697157116126618e-07,0.9719735545040484,8.064231451498927e-07,1.082067710410611,0.0,0.0,1.5219143278955016e-06,0.9458211100128912,0.0,0.1,1.0
3186,7.960624088809709e-07,0.9719735545040484,1.2345398090474191e-06,1.082067710410611,0.0,0.0,2.4361679606954567e-07,0.9458211100128912,0.0,0.1,1.0
3187,7.711386729170044e-07,0.9719735545040484,1.3949877484265016e-06,1.082067710410611,0.0,0.0,8.548564096599875e-07,0.9458211100128912,0.0,0.1,1.0
3188,8.317374522448517e-07,0.9719735545040484,3.1093525194592075e-06,1.082067710410611,0.0,0.0,0.0,0.9458211100128912,0.0,0.1,1.0
3189,8.177643167073256e-07,0.9719735545040484,1.4901501117492444e-06,1.082067710410611,0.0,0.0,1.1017741599061992e-06,0.9458211100128912,0.0,0.1,1.0
3190,7.749533779133344e-07,0.9719735545040484,9.708413699627272e-07,1.082067710410611,0.0,0.0,4.393867811813834e-07,0.9458211100128912,0.0,0.1,1.0
3191,7.733274856036587e-07,0.9719735545040484,1.9977771898993524e-06,1.082067710410611,0.0,0.0,0.0,0.9458211100128912,0.0,0.1,1.0
3192,7.731024425083888e-07,0.9719735545040484,2.6763416371977655e-06,1.082067710410611,0.0,0.0,0.0,0.9458211100128912,0.0,0.1,1.0
3193,8.396852990699699e-07,0.9719735545040484,2.4503945041942643e-06,1.082067710410611,0.0,0.0,0.0,0.9458211100128912,0.0,0.1,1.0
3194,8.360821652786399e-07,0.9719735545040484,1.7310355815425282e-06,1.082067710410611,0.0,0.0,0.0,0.9458211100128912,0.0,0.1,1.0
3195,8.398048976232531e-07,0.9719735545040484,2.433100917187403e-06,1.082067710410611,0.0,0.0,0.0,0.9458211100128912,0.0,0.1,1.0
3196,8.052073781072977e-07,0.9719735545040484,2.94415804091841e-06,1.082067710410611,0.0,0.0,0.0,0.9458211100128912,0.0,0.1,1.0
3197,8.271964588857372e-07,0.9719735545040484,3.3033365980372764e-06,1.082067710410611,0.0,0.0,0.0,0.9458211100128912,0.0,0.1,1.0
3198,7.916416961961659e-07,0.9719735545040484,1.2094610610802192e-06,1.082067710410611,0.0,0.0,6.528537142003188e-07,0.9458211100128912,0.0,0.1,1.0
3199,7.912457249403815e-07,0.9719735545040484,1.2373438948998228e-06,1.082067710410611,0.0,0.0,2.722685735534469e-06,0.9458211100128912,0.0,0.1,1.0
3200,8.026519253689912e-07,0.9719735545040484,2.3809925551177002e-06,1.082067710410611,0.0,0.0,9.26066491047095e-07,0.9458211100128912,0.0,0.1,1.0
